{"asctime": "2026-09-01 11:13:59,058", "levelname": "INFO", "name": "django.utils.autoreload", "message": "Watching for file changes with StatReloader"}
{"asctime": "2026-09-01 11:13:59,058", "levelname": "INFO", "name": "django.utils.autoreload", "message": "Watching for file changes with StatReloader"}
{"asctime": "2026-09-01 11:13:59,058", "levelname": "INFO", "name": "django.utils.autoreload", "message": "Watching for file changes with StatReloader"}
{"asctime": "2026-09-01 11:13:59,058", "levelname": "INFO", "name": "django.utils.autoreload", "message": "Watching for file changes with StatReloader"}
{"asctime": "2026-09-01 11:14:19,507", "levelname": "INFO", "name": "django.utils.autoreload", "message": "Watching for file changes with StatReloader"}
{"asctime": "2026-09-01 11:15:04,074", "levelname": "INFO", "name": "django.utils.autoreload", "message": "/Users/arga/Kementerian-HAM/rag_project/config/settings.py changed, reloading."}
{"asctime": "2026-09-01 11:15:04,074", "levelname": "INFO", "name": "django.utils.autoreload", "message": "/Users/arga/Kementerian-HAM/rag_project/config/settings.py changed, reloading."}
{"asctime": "2026-09-01 11:15:04,117", "levelname": "INFO", "name": "django.utils.autoreload", "message": "/Users/arga/Kementerian-HAM/rag_project/config/settings.py changed, reloading."}
{"asctime": "2026-09-01 11:15:04,126", "levelname": "INFO", "name": "django.utils.autoreload", "message": "/Users/arga/Kementerian-HAM/rag_project/config/settings.py changed, reloading."}
{"asctime": "2026-09-01 11:15:04,391", "levelname": "INFO", "name": "django.utils.autoreload", "message": "Watching for file changes with StatReloader"}
{"asctime": "2026-09-01 11:15:04,391", "levelname": "INFO", "name": "django.utils.autoreload", "message": "Watching for file changes with StatReloader"}
{"asctime": "2026-09-01 11:15:04,422", "levelname": "INFO", "name": "django.utils.autoreload", "message": "Watching for file changes with StatReloader"}
{"asctime": "2026-09-01 11:15:04,422", "levelname": "INFO", "name": "django.utils.autoreload", "message": "Watching for file changes with StatReloader"}
{"asctime": "2026-09-01 11:15:04,552", "levelname": "INFO", "name": "django.utils.autoreload", "message": "/Users/arga/Kementerian-HAM/rag_project/config/settings.py changed, reloading."}
{"asctime": "2026-09-01 11:15:04,818", "levelname": "INFO", "name": "django.utils.autoreload", "message": "Watching for file changes with StatReloader"}
{"asctime": "2026-09-01 11:15:56,208", "levelname": "INFO", "name": "django.utils.autoreload", "message": "/Users/arga/Kementerian-HAM/rag_project/config/settings.py changed, reloading."}
{"asctime": "2026-09-01 11:15:56,250", "levelname": "INFO", "name": "django.utils.autoreload", "message": "/Users/arga/Kementerian-HAM/rag_project/config/settings.py changed, reloading."}
{"asctime": "2026-09-01 11:15:56,254", "levelname": "INFO", "name": "django.utils.autoreload", "message": "/Users/arga/Kementerian-HAM/rag_project/config/settings.py changed, reloading."}
{"asctime": "2026-09-01 11:15:56,272", "levelname": "INFO", "name": "django.utils.autoreload", "message": "/Users/arga/Kementerian-HAM/rag_project/config/settings.py changed, reloading."}
{"asctime": "2026-09-01 11:15:56,279", "levelname": "INFO", "name": "django.utils.autoreload", "message": "/Users/arga/Kementerian-HAM/rag_project/config/settings.py changed, reloading."}
{"asctime": "2026-09-01 11:17:59,807", "levelname": "INFO", "name": "django.utils.autoreload", "message": "Watching for file changes with StatReloader"}
{"asctime": "2026-09-01 11:20:00,894", "levelname": "INFO", "name": "django.utils.autoreload", "message": "Watching for file changes with StatReloader"}
{"asctime": "2026-09-01 11:20:06,499", "levelname": "INFO", "name": "django.utils.autoreload", "message": "Watching for file changes with StatReloader"}
{"asctime": "2026-09-01 11:20:34,452", "levelname": "WARNING", "name": "django.request", "message": "Not Found: /", "status_code": 404, "request": "<WSGIRequest: GET '/'>"}
{"asctime": "2026-09-01 11:21:29,450", "levelname": "WARNING", "name": "django.request", "message": "Forbidden: /api/stats/", "status_code": 403, "request": "<WSGIRequest: GET '/api/stats/?group_by=source_type'>"}
{"asctime": "2026-09-01 11:23:19,109", "levelname": "INFO", "name": "django.utils.autoreload", "message": "/Users/arga/Kementerian-HAM/rag_project/config/settings.py changed, reloading."}
{"asctime": "2026-09-01 11:23:19,112", "levelname": "INFO", "name": "django.utils.autoreload", "message": "/Users/arga/Kementerian-HAM/rag_project/config/settings.py changed, reloading."}
{"asctime": "2026-09-01 11:23:19,456", "levelname": "INFO", "name": "django.utils.autoreload", "message": "Watching for file changes with StatReloader"}
{"asctime": "2026-09-01 11:23:19,457", "levelname": "INFO", "name": "django.utils.autoreload", "message": "Watching for file changes with StatReloader"}
{"asctime": "2026-09-01 11:24:18,227", "levelname": "INFO", "name": "django.utils.autoreload", "message": "/Users/arga/Kementerian-HAM/rag_project/config/urls.py changed, reloading."}
{"asctime": "2026-09-01 11:24:18,233", "levelname": "INFO", "name": "django.utils.autoreload", "message": "/Users/arga/Kementerian-HAM/rag_project/config/urls.py changed, reloading."}
{"asctime": "2026-09-01 11:24:18,489", "levelname": "INFO", "name": "django.utils.autoreload", "message": "Watching for file changes with StatReloader"}
{"asctime": "2026-09-01 11:24:18,489", "levelname": "INFO", "name": "django.utils.autoreload", "message": "Watching for file changes with StatReloader"}
{"asctime": "2026-09-01 11:28:53,343", "levelname": "INFO", "name": "django.utils.autoreload", "message": "/Users/arga/Kementerian-HAM/rag_project/query/urls.py changed, reloading."}
{"asctime": "2026-09-01 11:28:53,347", "levelname": "INFO", "name": "django.utils.autoreload", "message": "/Users/arga/Kementerian-HAM/rag_project/query/services/llm_client.py changed, reloading."}
{"asctime": "2026-09-01 11:41:54,850", "levelname": "INFO", "name": "sentence_transformers.base.model", "message": "No device provided, using mps"}
{"asctime": "2026-09-01 11:41:55,192", "levelname": "INFO", "name": "httpx", "message": "HTTP Request: HEAD https://huggingface.co/BAAI/bge-m3/resolve/main/modules.json \"HTTP/1.1 307 Temporary Redirect\""}
{"asctime": "2026-09-01 11:41:55,193", "levelname": "WARNING", "name": "huggingface_hub.utils._http", "message": "Warning: You are sending unauthenticated requests to the HF Hub. Please set a HF_TOKEN to enable higher rate limits and faster downloads."}
{"asctime": "2026-09-01 11:41:55,209", "levelname": "INFO", "name": "httpx", "message": "HTTP Request: HEAD https://huggingface.co/api/resolve-cache/models/BAAI/bge-m3/5617a9f61b028005a4858fdac845db406aefb181/modules.json \"HTTP/1.1 200 OK\""}
{"asctime": "2026-09-01 11:41:55,477", "levelname": "INFO", "name": "httpx", "message": "HTTP Request: HEAD https://huggingface.co/BAAI/bge-m3/resolve/main/config_sentence_transformers.json \"HTTP/1.1 307 Temporary Redirect\""}
{"asctime": "2026-09-01 11:41:55,494", "levelname": "INFO", "name": "httpx", "message": "HTTP Request: HEAD https://huggingface.co/api/resolve-cache/models/BAAI/bge-m3/5617a9f61b028005a4858fdac845db406aefb181/config_sentence_transformers.json \"HTTP/1.1 200 OK\""}
{"asctime": "2026-09-01 11:41:55,497", "levelname": "INFO", "name": "sentence_transformers.base.model", "message": "Loading SentenceTransformer model from BAAI/bge-m3."}
{"asctime": "2026-09-01 11:41:55,761", "levelname": "INFO", "name": "httpx", "message": "HTTP Request: HEAD https://huggingface.co/BAAI/bge-m3/resolve/main/config_sentence_transformers.json \"HTTP/1.1 307 Temporary Redirect\""}
{"asctime": "2026-09-01 11:41:55,774", "levelname": "INFO", "name": "httpx", "message": "HTTP Request: HEAD https://huggingface.co/api/resolve-cache/models/BAAI/bge-m3/5617a9f61b028005a4858fdac845db406aefb181/config_sentence_transformers.json \"HTTP/1.1 200 OK\""}
{"asctime": "2026-09-01 11:41:56,045", "levelname": "INFO", "name": "httpx", "message": "HTTP Request: HEAD https://huggingface.co/BAAI/bge-m3/resolve/main/README.md \"HTTP/1.1 307 Temporary Redirect\""}
{"asctime": "2026-09-01 11:41:56,057", "levelname": "INFO", "name": "httpx", "message": "HTTP Request: HEAD https://huggingface.co/api/resolve-cache/models/BAAI/bge-m3/5617a9f61b028005a4858fdac845db406aefb181/README.md \"HTTP/1.1 200 OK\""}
{"asctime": "2026-09-01 11:41:56,464", "levelname": "INFO", "name": "httpx", "message": "HTTP Request: HEAD https://huggingface.co/BAAI/bge-m3/resolve/main/modules.json \"HTTP/1.1 307 Temporary Redirect\""}
{"asctime": "2026-09-01 11:41:56,490", "levelname": "INFO", "name": "httpx", "message": "HTTP Request: HEAD https://huggingface.co/api/resolve-cache/models/BAAI/bge-m3/5617a9f61b028005a4858fdac845db406aefb181/modules.json \"HTTP/1.1 200 OK\""}
{"asctime": "2026-09-01 11:41:56,822", "levelname": "INFO", "name": "httpx", "message": "HTTP Request: HEAD https://huggingface.co/BAAI/bge-m3/resolve/main/sentence_bert_config.json \"HTTP/1.1 307 Temporary Redirect\""}
{"asctime": "2026-09-01 11:41:56,835", "levelname": "INFO", "name": "httpx", "message": "HTTP Request: HEAD https://huggingface.co/api/resolve-cache/models/BAAI/bge-m3/5617a9f61b028005a4858fdac845db406aefb181/sentence_bert_config.json \"HTTP/1.1 200 OK\""}
{"asctime": "2026-09-01 11:41:57,235", "levelname": "INFO", "name": "httpx", "message": "HTTP Request: HEAD https://huggingface.co/BAAI/bge-m3/resolve/main/adapter_config.json \"HTTP/1.1 404 Not Found\""}
{"asctime": "2026-09-01 11:41:57,585", "levelname": "INFO", "name": "httpx", "message": "HTTP Request: HEAD https://huggingface.co/BAAI/bge-m3/resolve/main/config.json \"HTTP/1.1 307 Temporary Redirect\""}
{"asctime": "2026-09-01 11:41:57,599", "levelname": "INFO", "name": "httpx", "message": "HTTP Request: HEAD https://huggingface.co/api/resolve-cache/models/BAAI/bge-m3/5617a9f61b028005a4858fdac845db406aefb181/config.json \"HTTP/1.1 200 OK\""}
{"asctime": "2026-09-01 11:41:57,891", "levelname": "INFO", "name": "httpx", "message": "HTTP Request: HEAD https://huggingface.co/BAAI/bge-m3/resolve/main/model.safetensors \"HTTP/1.1 404 Not Found\""}
{"asctime": "2026-09-01 11:41:58,207", "levelname": "INFO", "name": "httpx", "message": "HTTP Request: GET https://huggingface.co/api/models/BAAI/bge-m3 \"HTTP/1.1 200 OK\""}
{"asctime": "2026-09-01 11:41:58,405", "levelname": "INFO", "name": "httpx", "message": "HTTP Request: HEAD https://huggingface.co/BAAI/bge-m3/resolve/main/processor_config.json \"HTTP/1.1 404 Not Found\""}
{"asctime": "2026-09-01 11:41:58,514", "levelname": "INFO", "name": "httpx", "message": "HTTP Request: GET https://huggingface.co/api/models/BAAI/bge-m3/commits/main \"HTTP/1.1 200 OK\""}
{"asctime": "2026-09-01 11:41:58,665", "levelname": "INFO", "name": "httpx", "message": "HTTP Request: HEAD https://huggingface.co/BAAI/bge-m3/resolve/main/preprocessor_config.json \"HTTP/1.1 404 Not Found\""}
{"asctime": "2026-09-01 11:41:58,825", "levelname": "INFO", "name": "httpx", "message": "HTTP Request: GET https://huggingface.co/api/models/BAAI/bge-m3/discussions?p=0 \"HTTP/1.1 200 OK\""}
{"asctime": "2026-09-01 11:41:58,920", "levelname": "INFO", "name": "httpx", "message": "HTTP Request: HEAD https://huggingface.co/BAAI/bge-m3/resolve/main/video_preprocessor_config.json \"HTTP/1.1 404 Not Found\""}
{"asctime": "2026-09-01 11:41:59,117", "levelname": "INFO", "name": "httpx", "message": "HTTP Request: GET https://huggingface.co/api/models/BAAI/bge-m3/commits/refs%2Fpr%2F130 \"HTTP/1.1 200 OK\""}
{"asctime": "2026-09-01 11:41:59,221", "levelname": "INFO", "name": "httpx", "message": "HTTP Request: HEAD https://huggingface.co/BAAI/bge-m3/resolve/main/preprocessor_config.json \"HTTP/1.1 404 Not Found\""}
{"asctime": "2026-09-01 11:41:59,384", "levelname": "INFO", "name": "httpx", "message": "HTTP Request: HEAD https://huggingface.co/BAAI/bge-m3/resolve/refs%2Fpr%2F130/model.safetensors.index.json \"HTTP/1.1 404 Not Found\""}
{"asctime": "2026-09-01 11:41:59,666", "levelname": "INFO", "name": "httpx", "message": "HTTP Request: HEAD https://huggingface.co/BAAI/bge-m3/resolve/refs%2Fpr%2F130/model.safetensors \"HTTP/1.1 302 Found\""}
{"asctime": "2026-09-01 11:41:59,713", "levelname": "INFO", "name": "httpx", "message": "HTTP Request: HEAD https://huggingface.co/BAAI/bge-m3/resolve/main/tokenizer_config.json \"HTTP/1.1 307 Temporary Redirect\""}
{"asctime": "2026-09-01 11:41:59,726", "levelname": "INFO", "name": "httpx", "message": "HTTP Request: HEAD https://huggingface.co/api/resolve-cache/models/BAAI/bge-m3/5617a9f61b028005a4858fdac845db406aefb181/tokenizer_config.json \"HTTP/1.1 200 OK\""}
{"asctime": "2026-09-01 11:41:59,982", "levelname": "INFO", "name": "httpx", "message": "HTTP Request: HEAD https://huggingface.co/BAAI/bge-m3/resolve/main/config.json \"HTTP/1.1 307 Temporary Redirect\""}
{"asctime": "2026-09-01 11:42:00,002", "levelname": "INFO", "name": "httpx", "message": "HTTP Request: HEAD https://huggingface.co/api/resolve-cache/models/BAAI/bge-m3/5617a9f61b028005a4858fdac845db406aefb181/config.json \"HTTP/1.1 200 OK\""}
{"asctime": "2026-09-01 11:42:00,275", "levelname": "INFO", "name": "httpx", "message": "HTTP Request: HEAD https://huggingface.co/BAAI/bge-m3/resolve/main/config.json \"HTTP/1.1 307 Temporary Redirect\""}
{"asctime": "2026-09-01 11:42:00,288", "levelname": "INFO", "name": "httpx", "message": "HTTP Request: HEAD https://huggingface.co/api/resolve-cache/models/BAAI/bge-m3/5617a9f61b028005a4858fdac845db406aefb181/config.json \"HTTP/1.1 200 OK\""}
{"asctime": "2026-09-01 11:42:00,556", "levelname": "INFO", "name": "httpx", "message": "HTTP Request: HEAD https://huggingface.co/BAAI/bge-m3/resolve/main/tokenizer_config.json \"HTTP/1.1 307 Temporary Redirect\""}
{"asctime": "2026-09-01 11:42:00,571", "levelname": "INFO", "name": "httpx", "message": "HTTP Request: HEAD https://huggingface.co/api/resolve-cache/models/BAAI/bge-m3/5617a9f61b028005a4858fdac845db406aefb181/tokenizer_config.json \"HTTP/1.1 200 OK\""}
{"asctime": "2026-09-01 11:42:00,843", "levelname": "INFO", "name": "httpx", "message": "HTTP Request: GET https://huggingface.co/api/models/BAAI/bge-m3/tree/main/additional_chat_templates?recursive=false&expand=false \"HTTP/1.1 404 Not Found\""}
{"asctime": "2026-09-01 11:42:01,227", "levelname": "INFO", "name": "httpx", "message": "HTTP Request: GET https://huggingface.co/api/models/BAAI/bge-m3/tree/main?recursive=true&expand=false \"HTTP/1.1 200 OK\""}
{"asctime": "2026-09-01 11:42:02,354", "levelname": "INFO", "name": "httpx", "message": "HTTP Request: GET https://huggingface.co/api/models/BAAI/bge-m3 \"HTTP/1.1 200 OK\""}
{"asctime": "2026-09-01 11:42:02,662", "levelname": "INFO", "name": "httpx", "message": "HTTP Request: HEAD https://huggingface.co/BAAI/bge-m3/resolve/main/1_Pooling/config.json \"HTTP/1.1 307 Temporary Redirect\""}
{"asctime": "2026-09-01 11:42:02,674", "levelname": "INFO", "name": "httpx", "message": "HTTP Request: HEAD https://huggingface.co/api/resolve-cache/models/BAAI/bge-m3/5617a9f61b028005a4858fdac845db406aefb181/1_Pooling%2Fconfig.json \"HTTP/1.1 200 OK\""}
{"asctime": "2026-09-01 11:42:02,934", "levelname": "INFO", "name": "httpx", "message": "HTTP Request: HEAD https://huggingface.co/BAAI/bge-m3/resolve/main/2_Normalize/config.json \"HTTP/1.1 404 Not Found\""}
{"asctime": "2026-09-01 11:42:03,194", "levelname": "INFO", "name": "httpx", "message": "HTTP Request: GET https://huggingface.co/api/models/BAAI/bge-m3 \"HTTP/1.1 200 OK\""}
{"asctime": "2026-09-01 11:42:06,253", "levelname": "WARNING", "name": "django.request", "message": "Forbidden: /api/query/", "status_code": 403, "request": "<WSGIRequest: POST '/api/query/'>"}
{"asctime": "2026-09-01 12:58:54,016", "levelname": "INFO", "name": "sentence_transformers.base.model", "message": "No device provided, using mps"}
{"asctime": "2026-09-01 12:58:54,313", "levelname": "INFO", "name": "httpx", "message": "HTTP Request: HEAD https://huggingface.co/BAAI/bge-m3/resolve/main/modules.json \"HTTP/1.1 307 Temporary Redirect\""}
{"asctime": "2026-09-01 12:58:54,328", "levelname": "INFO", "name": "httpx", "message": "HTTP Request: HEAD https://huggingface.co/api/resolve-cache/models/BAAI/bge-m3/5617a9f61b028005a4858fdac845db406aefb181/modules.json \"HTTP/1.1 200 OK\""}
{"asctime": "2026-09-01 12:58:54,608", "levelname": "INFO", "name": "httpx", "message": "HTTP Request: HEAD https://huggingface.co/BAAI/bge-m3/resolve/main/config_sentence_transformers.json \"HTTP/1.1 307 Temporary Redirect\""}
{"asctime": "2026-09-01 12:58:54,698", "levelname": "INFO", "name": "httpx", "message": "HTTP Request: HEAD https://huggingface.co/api/resolve-cache/models/BAAI/bge-m3/5617a9f61b028005a4858fdac845db406aefb181/config_sentence_transformers.json \"HTTP/1.1 200 OK\""}
{"asctime": "2026-09-01 12:58:54,702", "levelname": "INFO", "name": "sentence_transformers.base.model", "message": "Loading SentenceTransformer model from BAAI/bge-m3."}
{"asctime": "2026-09-01 12:58:55,003", "levelname": "INFO", "name": "httpx", "message": "HTTP Request: HEAD https://huggingface.co/BAAI/bge-m3/resolve/main/config_sentence_transformers.json \"HTTP/1.1 307 Temporary Redirect\""}
{"asctime": "2026-09-01 12:58:55,005", "levelname": "WARNING", "name": "huggingface_hub.utils._http", "message": "Warning: You are sending unauthenticated requests to the HF Hub. Please set a HF_TOKEN to enable higher rate limits and faster downloads."}
{"asctime": "2026-09-01 12:58:55,019", "levelname": "INFO", "name": "httpx", "message": "HTTP Request: HEAD https://huggingface.co/api/resolve-cache/models/BAAI/bge-m3/5617a9f61b028005a4858fdac845db406aefb181/config_sentence_transformers.json \"HTTP/1.1 200 OK\""}
{"asctime": "2026-09-01 12:58:55,283", "levelname": "INFO", "name": "httpx", "message": "HTTP Request: HEAD https://huggingface.co/BAAI/bge-m3/resolve/main/README.md \"HTTP/1.1 307 Temporary Redirect\""}
{"asctime": "2026-09-01 12:58:55,296", "levelname": "INFO", "name": "httpx", "message": "HTTP Request: HEAD https://huggingface.co/api/resolve-cache/models/BAAI/bge-m3/5617a9f61b028005a4858fdac845db406aefb181/README.md \"HTTP/1.1 200 OK\""}
{"asctime": "2026-09-01 12:58:55,732", "levelname": "INFO", "name": "httpx", "message": "HTTP Request: HEAD https://huggingface.co/BAAI/bge-m3/resolve/main/modules.json \"HTTP/1.1 307 Temporary Redirect\""}
{"asctime": "2026-09-01 12:58:55,746", "levelname": "INFO", "name": "httpx", "message": "HTTP Request: HEAD https://huggingface.co/api/resolve-cache/models/BAAI/bge-m3/5617a9f61b028005a4858fdac845db406aefb181/modules.json \"HTTP/1.1 200 OK\""}
{"asctime": "2026-09-01 12:58:56,016", "levelname": "INFO", "name": "httpx", "message": "HTTP Request: HEAD https://huggingface.co/BAAI/bge-m3/resolve/main/sentence_bert_config.json \"HTTP/1.1 307 Temporary Redirect\""}
{"asctime": "2026-09-01 12:58:56,135", "levelname": "INFO", "name": "httpx", "message": "HTTP Request: HEAD https://huggingface.co/api/resolve-cache/models/BAAI/bge-m3/5617a9f61b028005a4858fdac845db406aefb181/sentence_bert_config.json \"HTTP/1.1 200 OK\""}
{"asctime": "2026-09-01 12:58:56,405", "levelname": "INFO", "name": "httpx", "message": "HTTP Request: HEAD https://huggingface.co/BAAI/bge-m3/resolve/main/adapter_config.json \"HTTP/1.1 404 Not Found\""}
{"asctime": "2026-09-01 12:58:56,692", "levelname": "INFO", "name": "httpx", "message": "HTTP Request: HEAD https://huggingface.co/BAAI/bge-m3/resolve/main/config.json \"HTTP/1.1 307 Temporary Redirect\""}
{"asctime": "2026-09-01 12:58:56,708", "levelname": "INFO", "name": "httpx", "message": "HTTP Request: HEAD https://huggingface.co/api/resolve-cache/models/BAAI/bge-m3/5617a9f61b028005a4858fdac845db406aefb181/config.json \"HTTP/1.1 200 OK\""}
{"asctime": "2026-09-01 12:58:57,050", "levelname": "INFO", "name": "httpx", "message": "HTTP Request: HEAD https://huggingface.co/BAAI/bge-m3/resolve/main/model.safetensors \"HTTP/1.1 404 Not Found\""}
{"asctime": "2026-09-01 12:58:57,323", "levelname": "INFO", "name": "httpx", "message": "HTTP Request: GET https://huggingface.co/api/models/BAAI/bge-m3 \"HTTP/1.1 200 OK\""}
{"asctime": "2026-09-01 12:58:57,462", "levelname": "INFO", "name": "httpx", "message": "HTTP Request: HEAD https://huggingface.co/BAAI/bge-m3/resolve/main/processor_config.json \"HTTP/1.1 404 Not Found\""}
{"asctime": "2026-09-01 12:58:57,623", "levelname": "INFO", "name": "httpx", "message": "HTTP Request: GET https://huggingface.co/api/models/BAAI/bge-m3/commits/main \"HTTP/1.1 200 OK\""}
{"asctime": "2026-09-01 12:58:57,728", "levelname": "INFO", "name": "httpx", "message": "HTTP Request: HEAD https://huggingface.co/BAAI/bge-m3/resolve/main/preprocessor_config.json \"HTTP/1.1 404 Not Found\""}
{"asctime": "2026-09-01 12:58:58,081", "levelname": "INFO", "name": "httpx", "message": "HTTP Request: GET https://huggingface.co/api/models/BAAI/bge-m3/discussions?p=0 \"HTTP/1.1 200 OK\""}
{"asctime": "2026-09-01 12:58:58,107", "levelname": "INFO", "name": "httpx", "message": "HTTP Request: HEAD https://huggingface.co/BAAI/bge-m3/resolve/main/video_preprocessor_config.json \"HTTP/1.1 404 Not Found\""}
{"asctime": "2026-09-01 12:58:58,392", "levelname": "INFO", "name": "httpx", "message": "HTTP Request: HEAD https://huggingface.co/BAAI/bge-m3/resolve/main/preprocessor_config.json \"HTTP/1.1 404 Not Found\""}
{"asctime": "2026-09-01 12:58:58,408", "levelname": "INFO", "name": "httpx", "message": "HTTP Request: GET https://huggingface.co/api/models/BAAI/bge-m3/commits/refs%2Fpr%2F130 \"HTTP/1.1 200 OK\""}
{"asctime": "2026-09-01 12:58:58,703", "levelname": "INFO", "name": "httpx", "message": "HTTP Request: HEAD https://huggingface.co/BAAI/bge-m3/resolve/refs%2Fpr%2F130/model.safetensors.index.json \"HTTP/1.1 404 Not Found\""}
{"asctime": "2026-09-01 12:58:58,704", "levelname": "INFO", "name": "httpx", "message": "HTTP Request: HEAD https://huggingface.co/BAAI/bge-m3/resolve/main/tokenizer_config.json \"HTTP/1.1 307 Temporary Redirect\""}
{"asctime": "2026-09-01 12:58:58,719", "levelname": "INFO", "name": "httpx", "message": "HTTP Request: HEAD https://huggingface.co/api/resolve-cache/models/BAAI/bge-m3/5617a9f61b028005a4858fdac845db406aefb181/tokenizer_config.json \"HTTP/1.1 200 OK\""}
{"asctime": "2026-09-01 12:58:59,000", "levelname": "INFO", "name": "httpx", "message": "HTTP Request: HEAD https://huggingface.co/BAAI/bge-m3/resolve/refs%2Fpr%2F130/model.safetensors \"HTTP/1.1 302 Found\""}
{"asctime": "2026-09-01 12:58:59,002", "levelname": "INFO", "name": "httpx", "message": "HTTP Request: HEAD https://huggingface.co/BAAI/bge-m3/resolve/main/config.json \"HTTP/1.1 307 Temporary Redirect\""}
{"asctime": "2026-09-01 12:58:59,015", "levelname": "INFO", "name": "httpx", "message": "HTTP Request: HEAD https://huggingface.co/api/resolve-cache/models/BAAI/bge-m3/5617a9f61b028005a4858fdac845db406aefb181/config.json \"HTTP/1.1 200 OK\""}
{"asctime": "2026-09-01 12:58:59,281", "levelname": "INFO", "name": "httpx", "message": "HTTP Request: HEAD https://huggingface.co/BAAI/bge-m3/resolve/main/config.json \"HTTP/1.1 307 Temporary Redirect\""}
{"asctime": "2026-09-01 12:58:59,294", "levelname": "INFO", "name": "httpx", "message": "HTTP Request: HEAD https://huggingface.co/api/resolve-cache/models/BAAI/bge-m3/5617a9f61b028005a4858fdac845db406aefb181/config.json \"HTTP/1.1 200 OK\""}
{"asctime": "2026-09-01 12:58:59,559", "levelname": "INFO", "name": "httpx", "message": "HTTP Request: HEAD https://huggingface.co/BAAI/bge-m3/resolve/main/tokenizer_config.json \"HTTP/1.1 307 Temporary Redirect\""}
{"asctime": "2026-09-01 12:58:59,573", "levelname": "INFO", "name": "httpx", "message": "HTTP Request: HEAD https://huggingface.co/api/resolve-cache/models/BAAI/bge-m3/5617a9f61b028005a4858fdac845db406aefb181/tokenizer_config.json \"HTTP/1.1 200 OK\""}
{"asctime": "2026-09-01 12:58:59,932", "levelname": "INFO", "name": "httpx", "message": "HTTP Request: GET https://huggingface.co/api/models/BAAI/bge-m3/tree/main/additional_chat_templates?recursive=false&expand=false \"HTTP/1.1 404 Not Found\""}
{"asctime": "2026-09-01 12:59:00,201", "levelname": "INFO", "name": "httpx", "message": "HTTP Request: GET https://huggingface.co/api/models/BAAI/bge-m3/tree/main?recursive=true&expand=false \"HTTP/1.1 200 OK\""}
{"asctime": "2026-09-01 12:59:01,248", "levelname": "INFO", "name": "httpx", "message": "HTTP Request: GET https://huggingface.co/api/models/BAAI/bge-m3 \"HTTP/1.1 200 OK\""}
{"asctime": "2026-09-01 12:59:01,523", "levelname": "INFO", "name": "httpx", "message": "HTTP Request: HEAD https://huggingface.co/BAAI/bge-m3/resolve/main/1_Pooling/config.json \"HTTP/1.1 307 Temporary Redirect\""}
{"asctime": "2026-09-01 12:59:01,536", "levelname": "INFO", "name": "httpx", "message": "HTTP Request: HEAD https://huggingface.co/api/resolve-cache/models/BAAI/bge-m3/5617a9f61b028005a4858fdac845db406aefb181/1_Pooling%2Fconfig.json \"HTTP/1.1 200 OK\""}
{"asctime": "2026-09-01 12:59:02,068", "levelname": "INFO", "name": "httpx", "message": "HTTP Request: HEAD https://huggingface.co/BAAI/bge-m3/resolve/main/2_Normalize/config.json \"HTTP/1.1 404 Not Found\""}
{"asctime": "2026-09-01 12:59:02,374", "levelname": "INFO", "name": "httpx", "message": "HTTP Request: GET https://huggingface.co/api/models/BAAI/bge-m3 \"HTTP/1.1 200 OK\""}
{"asctime": "2026-09-01 12:59:04,402", "levelname": "WARNING", "name": "django.request", "message": "Forbidden: /api/query/", "status_code": 403, "request": "<WSGIRequest: POST '/api/query/'>"}
{"asctime": "2026-09-01 13:05:38,970", "levelname": "INFO", "name": "sentence_transformers.base.model", "message": "No device provided, using mps"}
{"asctime": "2026-09-01 13:05:39,575", "levelname": "INFO", "name": "httpx", "message": "HTTP Request: HEAD https://huggingface.co/BAAI/bge-m3/resolve/main/modules.json \"HTTP/1.1 307 Temporary Redirect\""}
{"asctime": "2026-09-01 13:05:39,576", "levelname": "WARNING", "name": "huggingface_hub.utils._http", "message": "Warning: You are sending unauthenticated requests to the HF Hub. Please set a HF_TOKEN to enable higher rate limits and faster downloads."}
{"asctime": "2026-09-01 13:05:39,803", "levelname": "INFO", "name": "httpx", "message": "HTTP Request: HEAD https://huggingface.co/api/resolve-cache/models/BAAI/bge-m3/5617a9f61b028005a4858fdac845db406aefb181/modules.json \"HTTP/1.1 200 OK\""}
{"asctime": "2026-09-01 13:05:40,680", "levelname": "INFO", "name": "httpx", "message": "HTTP Request: HEAD https://huggingface.co/BAAI/bge-m3/resolve/main/config_sentence_transformers.json \"HTTP/1.1 307 Temporary Redirect\""}
{"asctime": "2026-09-01 13:05:40,695", "levelname": "INFO", "name": "httpx", "message": "HTTP Request: HEAD https://huggingface.co/api/resolve-cache/models/BAAI/bge-m3/5617a9f61b028005a4858fdac845db406aefb181/config_sentence_transformers.json \"HTTP/1.1 200 OK\""}
{"asctime": "2026-09-01 13:05:40,699", "levelname": "INFO", "name": "sentence_transformers.base.model", "message": "Loading SentenceTransformer model from BAAI/bge-m3."}
{"asctime": "2026-09-01 13:05:41,379", "levelname": "INFO", "name": "httpx", "message": "HTTP Request: HEAD https://huggingface.co/BAAI/bge-m3/resolve/main/config_sentence_transformers.json \"HTTP/1.1 307 Temporary Redirect\""}
{"asctime": "2026-09-01 13:05:41,415", "levelname": "INFO", "name": "httpx", "message": "HTTP Request: HEAD https://huggingface.co/api/resolve-cache/models/BAAI/bge-m3/5617a9f61b028005a4858fdac845db406aefb181/config_sentence_transformers.json \"HTTP/1.1 200 OK\""}
{"asctime": "2026-09-01 13:05:41,733", "levelname": "INFO", "name": "httpx", "message": "HTTP Request: HEAD https://huggingface.co/BAAI/bge-m3/resolve/main/README.md \"HTTP/1.1 307 Temporary Redirect\""}
{"asctime": "2026-09-01 13:05:41,764", "levelname": "INFO", "name": "httpx", "message": "HTTP Request: HEAD https://huggingface.co/api/resolve-cache/models/BAAI/bge-m3/5617a9f61b028005a4858fdac845db406aefb181/README.md \"HTTP/1.1 200 OK\""}
{"asctime": "2026-09-01 13:05:42,172", "levelname": "INFO", "name": "httpx", "message": "HTTP Request: HEAD https://huggingface.co/BAAI/bge-m3/resolve/main/modules.json \"HTTP/1.1 307 Temporary Redirect\""}
{"asctime": "2026-09-01 13:05:42,187", "levelname": "INFO", "name": "httpx", "message": "HTTP Request: HEAD https://huggingface.co/api/resolve-cache/models/BAAI/bge-m3/5617a9f61b028005a4858fdac845db406aefb181/modules.json \"HTTP/1.1 200 OK\""}
{"asctime": "2026-09-01 13:05:42,619", "levelname": "INFO", "name": "httpx", "message": "HTTP Request: HEAD https://huggingface.co/BAAI/bge-m3/resolve/main/sentence_bert_config.json \"HTTP/1.1 307 Temporary Redirect\""}
{"asctime": "2026-09-01 13:05:42,638", "levelname": "INFO", "name": "httpx", "message": "HTTP Request: HEAD https://huggingface.co/api/resolve-cache/models/BAAI/bge-m3/5617a9f61b028005a4858fdac845db406aefb181/sentence_bert_config.json \"HTTP/1.1 200 OK\""}
{"asctime": "2026-09-01 13:05:43,062", "levelname": "INFO", "name": "httpx", "message": "HTTP Request: HEAD https://huggingface.co/BAAI/bge-m3/resolve/main/adapter_config.json \"HTTP/1.1 404 Not Found\""}
{"asctime": "2026-09-01 13:05:43,436", "levelname": "INFO", "name": "httpx", "message": "HTTP Request: HEAD https://huggingface.co/BAAI/bge-m3/resolve/main/config.json \"HTTP/1.1 307 Temporary Redirect\""}
{"asctime": "2026-09-01 13:05:43,456", "levelname": "INFO", "name": "httpx", "message": "HTTP Request: HEAD https://huggingface.co/api/resolve-cache/models/BAAI/bge-m3/5617a9f61b028005a4858fdac845db406aefb181/config.json \"HTTP/1.1 200 OK\""}
{"asctime": "2026-09-01 13:05:43,817", "levelname": "INFO", "name": "httpx", "message": "HTTP Request: HEAD https://huggingface.co/BAAI/bge-m3/resolve/main/model.safetensors \"HTTP/1.1 404 Not Found\""}
{"asctime": "2026-09-01 13:05:44,290", "levelname": "INFO", "name": "httpx", "message": "HTTP Request: GET https://huggingface.co/api/models/BAAI/bge-m3 \"HTTP/1.1 200 OK\""}
{"asctime": "2026-09-01 13:05:44,660", "levelname": "INFO", "name": "httpx", "message": "HTTP Request: HEAD https://huggingface.co/BAAI/bge-m3/resolve/main/processor_config.json \"HTTP/1.1 404 Not Found\""}
{"asctime": "2026-09-01 13:05:44,690", "levelname": "INFO", "name": "httpx", "message": "HTTP Request: GET https://huggingface.co/api/models/BAAI/bge-m3/commits/main \"HTTP/1.1 200 OK\""}
{"asctime": "2026-09-01 13:05:45,002", "levelname": "INFO", "name": "httpx", "message": "HTTP Request: HEAD https://huggingface.co/BAAI/bge-m3/resolve/main/preprocessor_config.json \"HTTP/1.1 404 Not Found\""}
{"asctime": "2026-09-01 13:05:45,498", "levelname": "INFO", "name": "httpx", "message": "HTTP Request: HEAD https://huggingface.co/BAAI/bge-m3/resolve/main/video_preprocessor_config.json \"HTTP/1.1 404 Not Found\""}
{"asctime": "2026-09-01 13:05:45,500", "levelname": "INFO", "name": "httpx", "message": "HTTP Request: GET https://huggingface.co/api/models/BAAI/bge-m3/discussions?p=0 \"HTTP/1.1 200 OK\""}
{"asctime": "2026-09-01 13:05:45,777", "levelname": "INFO", "name": "httpx", "message": "HTTP Request: HEAD https://huggingface.co/BAAI/bge-m3/resolve/main/preprocessor_config.json \"HTTP/1.1 404 Not Found\""}
{"asctime": "2026-09-01 13:05:45,806", "levelname": "INFO", "name": "httpx", "message": "HTTP Request: GET https://huggingface.co/api/models/BAAI/bge-m3/commits/refs%2Fpr%2F130 \"HTTP/1.1 200 OK\""}
{"asctime": "2026-09-01 13:05:46,159", "levelname": "INFO", "name": "httpx", "message": "HTTP Request: HEAD https://huggingface.co/BAAI/bge-m3/resolve/main/tokenizer_config.json \"HTTP/1.1 307 Temporary Redirect\""}
{"asctime": "2026-09-01 13:05:46,160", "levelname": "INFO", "name": "httpx", "message": "HTTP Request: HEAD https://huggingface.co/BAAI/bge-m3/resolve/refs%2Fpr%2F130/model.safetensors.index.json \"HTTP/1.1 404 Not Found\""}
{"asctime": "2026-09-01 13:05:46,238", "levelname": "INFO", "name": "httpx", "message": "HTTP Request: HEAD https://huggingface.co/api/resolve-cache/models/BAAI/bge-m3/5617a9f61b028005a4858fdac845db406aefb181/tokenizer_config.json \"HTTP/1.1 200 OK\""}
{"asctime": "2026-09-01 13:05:46,668", "levelname": "INFO", "name": "httpx", "message": "HTTP Request: HEAD https://huggingface.co/BAAI/bge-m3/resolve/refs%2Fpr%2F130/model.safetensors \"HTTP/1.1 302 Found\""}
{"asctime": "2026-09-01 13:05:46,731", "levelname": "INFO", "name": "httpx", "message": "HTTP Request: HEAD https://huggingface.co/BAAI/bge-m3/resolve/main/config.json \"HTTP/1.1 307 Temporary Redirect\""}
{"asctime": "2026-09-01 13:05:46,763", "levelname": "INFO", "name": "httpx", "message": "HTTP Request: HEAD https://huggingface.co/api/resolve-cache/models/BAAI/bge-m3/5617a9f61b028005a4858fdac845db406aefb181/config.json \"HTTP/1.1 200 OK\""}
{"asctime": "2026-09-01 13:05:47,903", "levelname": "INFO", "name": "httpx", "message": "HTTP Request: HEAD https://huggingface.co/BAAI/bge-m3/resolve/main/config.json \"HTTP/1.1 307 Temporary Redirect\""}
{"asctime": "2026-09-01 13:05:47,935", "levelname": "INFO", "name": "httpx", "message": "HTTP Request: HEAD https://huggingface.co/api/resolve-cache/models/BAAI/bge-m3/5617a9f61b028005a4858fdac845db406aefb181/config.json \"HTTP/1.1 200 OK\""}
{"asctime": "2026-09-01 13:05:48,274", "levelname": "INFO", "name": "httpx", "message": "HTTP Request: HEAD https://huggingface.co/BAAI/bge-m3/resolve/main/tokenizer_config.json \"HTTP/1.1 307 Temporary Redirect\""}
{"asctime": "2026-09-01 13:05:48,292", "levelname": "INFO", "name": "httpx", "message": "HTTP Request: HEAD https://huggingface.co/api/resolve-cache/models/BAAI/bge-m3/5617a9f61b028005a4858fdac845db406aefb181/tokenizer_config.json \"HTTP/1.1 200 OK\""}
{"asctime": "2026-09-01 13:05:48,619", "levelname": "INFO", "name": "httpx", "message": "HTTP Request: GET https://huggingface.co/api/models/BAAI/bge-m3/tree/main/additional_chat_templates?recursive=false&expand=false \"HTTP/1.1 404 Not Found\""}
{"asctime": "2026-09-01 13:05:49,431", "levelname": "INFO", "name": "httpx", "message": "HTTP Request: GET https://huggingface.co/api/models/BAAI/bge-m3/tree/main?recursive=true&expand=false \"HTTP/1.1 200 OK\""}
{"asctime": "2026-09-01 13:05:50,946", "levelname": "INFO", "name": "httpx", "message": "HTTP Request: GET https://huggingface.co/api/models/BAAI/bge-m3 \"HTTP/1.1 200 OK\""}
{"asctime": "2026-09-01 13:05:51,413", "levelname": "INFO", "name": "httpx", "message": "HTTP Request: HEAD https://huggingface.co/BAAI/bge-m3/resolve/main/1_Pooling/config.json \"HTTP/1.1 307 Temporary Redirect\""}
{"asctime": "2026-09-01 13:05:51,450", "levelname": "INFO", "name": "httpx", "message": "HTTP Request: HEAD https://huggingface.co/api/resolve-cache/models/BAAI/bge-m3/5617a9f61b028005a4858fdac845db406aefb181/1_Pooling%2Fconfig.json \"HTTP/1.1 200 OK\""}
{"asctime": "2026-09-01 13:05:51,819", "levelname": "INFO", "name": "httpx", "message": "HTTP Request: HEAD https://huggingface.co/BAAI/bge-m3/resolve/main/2_Normalize/config.json \"HTTP/1.1 404 Not Found\""}
{"asctime": "2026-09-01 13:05:52,095", "levelname": "INFO", "name": "httpx", "message": "HTTP Request: GET https://huggingface.co/api/models/BAAI/bge-m3 \"HTTP/1.1 200 OK\""}
{"asctime": "2026-09-01 13:05:54,683", "levelname": "WARNING", "name": "django.request", "message": "Forbidden: /api/query/", "status_code": 403, "request": "<WSGIRequest: POST '/api/query/'>"}
{"asctime": "2026-09-01 13:08:42,467", "levelname": "INFO", "name": "sentence_transformers.base.model", "message": "No device provided, using mps"}
{"asctime": "2026-09-01 13:08:42,828", "levelname": "INFO", "name": "httpx", "message": "HTTP Request: HEAD https://huggingface.co/BAAI/bge-m3/resolve/main/modules.json \"HTTP/1.1 307 Temporary Redirect\""}
{"asctime": "2026-09-01 13:08:42,829", "levelname": "WARNING", "name": "huggingface_hub.utils._http", "message": "Warning: You are sending unauthenticated requests to the HF Hub. Please set a HF_TOKEN to enable higher rate limits and faster downloads."}
{"asctime": "2026-09-01 13:08:42,843", "levelname": "INFO", "name": "httpx", "message": "HTTP Request: HEAD https://huggingface.co/api/resolve-cache/models/BAAI/bge-m3/5617a9f61b028005a4858fdac845db406aefb181/modules.json \"HTTP/1.1 200 OK\""}
{"asctime": "2026-09-01 13:08:43,121", "levelname": "INFO", "name": "httpx", "message": "HTTP Request: HEAD https://huggingface.co/BAAI/bge-m3/resolve/main/config_sentence_transformers.json \"HTTP/1.1 307 Temporary Redirect\""}
{"asctime": "2026-09-01 13:08:43,146", "levelname": "INFO", "name": "httpx", "message": "HTTP Request: HEAD https://huggingface.co/api/resolve-cache/models/BAAI/bge-m3/5617a9f61b028005a4858fdac845db406aefb181/config_sentence_transformers.json \"HTTP/1.1 200 OK\""}
{"asctime": "2026-09-01 13:08:43,149", "levelname": "INFO", "name": "sentence_transformers.base.model", "message": "Loading SentenceTransformer model from BAAI/bge-m3."}
{"asctime": "2026-09-01 13:08:43,512", "levelname": "INFO", "name": "httpx", "message": "HTTP Request: HEAD https://huggingface.co/BAAI/bge-m3/resolve/main/config_sentence_transformers.json \"HTTP/1.1 307 Temporary Redirect\""}
{"asctime": "2026-09-01 13:08:43,527", "levelname": "INFO", "name": "httpx", "message": "HTTP Request: HEAD https://huggingface.co/api/resolve-cache/models/BAAI/bge-m3/5617a9f61b028005a4858fdac845db406aefb181/config_sentence_transformers.json \"HTTP/1.1 200 OK\""}
{"asctime": "2026-09-01 13:08:43,800", "levelname": "INFO", "name": "httpx", "message": "HTTP Request: HEAD https://huggingface.co/BAAI/bge-m3/resolve/main/README.md \"HTTP/1.1 307 Temporary Redirect\""}
{"asctime": "2026-09-01 13:08:43,849", "levelname": "INFO", "name": "httpx", "message": "HTTP Request: HEAD https://huggingface.co/api/resolve-cache/models/BAAI/bge-m3/5617a9f61b028005a4858fdac845db406aefb181/README.md \"HTTP/1.1 200 OK\""}
{"asctime": "2026-09-01 13:08:44,110", "levelname": "INFO", "name": "httpx", "message": "HTTP Request: HEAD https://huggingface.co/BAAI/bge-m3/resolve/main/modules.json \"HTTP/1.1 307 Temporary Redirect\""}
{"asctime": "2026-09-01 13:08:44,134", "levelname": "INFO", "name": "httpx", "message": "HTTP Request: HEAD https://huggingface.co/api/resolve-cache/models/BAAI/bge-m3/5617a9f61b028005a4858fdac845db406aefb181/modules.json \"HTTP/1.1 200 OK\""}
{"asctime": "2026-09-01 13:08:44,397", "levelname": "INFO", "name": "httpx", "message": "HTTP Request: HEAD https://huggingface.co/BAAI/bge-m3/resolve/main/sentence_bert_config.json \"HTTP/1.1 307 Temporary Redirect\""}
{"asctime": "2026-09-01 13:08:44,415", "levelname": "INFO", "name": "httpx", "message": "HTTP Request: HEAD https://huggingface.co/api/resolve-cache/models/BAAI/bge-m3/5617a9f61b028005a4858fdac845db406aefb181/sentence_bert_config.json \"HTTP/1.1 200 OK\""}
{"asctime": "2026-09-01 13:08:44,699", "levelname": "INFO", "name": "httpx", "message": "HTTP Request: HEAD https://huggingface.co/BAAI/bge-m3/resolve/main/adapter_config.json \"HTTP/1.1 404 Not Found\""}
{"asctime": "2026-09-01 13:08:44,984", "levelname": "INFO", "name": "httpx", "message": "HTTP Request: HEAD https://huggingface.co/BAAI/bge-m3/resolve/main/config.json \"HTTP/1.1 307 Temporary Redirect\""}
{"asctime": "2026-09-01 13:08:44,998", "levelname": "INFO", "name": "httpx", "message": "HTTP Request: HEAD https://huggingface.co/api/resolve-cache/models/BAAI/bge-m3/5617a9f61b028005a4858fdac845db406aefb181/config.json \"HTTP/1.1 200 OK\""}
{"asctime": "2026-09-01 13:08:45,306", "levelname": "INFO", "name": "httpx", "message": "HTTP Request: HEAD https://huggingface.co/BAAI/bge-m3/resolve/main/model.safetensors \"HTTP/1.1 404 Not Found\""}
{"asctime": "2026-09-01 13:08:45,575", "levelname": "INFO", "name": "httpx", "message": "HTTP Request: GET https://huggingface.co/api/models/BAAI/bge-m3 \"HTTP/1.1 200 OK\""}
{"asctime": "2026-09-01 13:08:45,705", "levelname": "INFO", "name": "httpx", "message": "HTTP Request: HEAD https://huggingface.co/BAAI/bge-m3/resolve/main/processor_config.json \"HTTP/1.1 404 Not Found\""}
{"asctime": "2026-09-01 13:08:45,899", "levelname": "INFO", "name": "httpx", "message": "HTTP Request: GET https://huggingface.co/api/models/BAAI/bge-m3/commits/main \"HTTP/1.1 200 OK\""}
{"asctime": "2026-09-01 13:08:46,099", "levelname": "INFO", "name": "httpx", "message": "HTTP Request: HEAD https://huggingface.co/BAAI/bge-m3/resolve/main/preprocessor_config.json \"HTTP/1.1 404 Not Found\""}
{"asctime": "2026-09-01 13:08:46,225", "levelname": "INFO", "name": "httpx", "message": "HTTP Request: GET https://huggingface.co/api/models/BAAI/bge-m3/discussions?p=0 \"HTTP/1.1 200 OK\""}
{"asctime": "2026-09-01 13:08:46,370", "levelname": "INFO", "name": "httpx", "message": "HTTP Request: HEAD https://huggingface.co/BAAI/bge-m3/resolve/main/video_preprocessor_config.json \"HTTP/1.1 404 Not Found\""}
{"asctime": "2026-09-01 13:08:46,524", "levelname": "INFO", "name": "httpx", "message": "HTTP Request: GET https://huggingface.co/api/models/BAAI/bge-m3/commits/refs%2Fpr%2F130 \"HTTP/1.1 200 OK\""}
{"asctime": "2026-09-01 13:08:46,638", "levelname": "INFO", "name": "httpx", "message": "HTTP Request: HEAD https://huggingface.co/BAAI/bge-m3/resolve/main/preprocessor_config.json \"HTTP/1.1 404 Not Found\""}
{"asctime": "2026-09-01 13:08:46,810", "levelname": "INFO", "name": "httpx", "message": "HTTP Request: HEAD https://huggingface.co/BAAI/bge-m3/resolve/refs%2Fpr%2F130/model.safetensors.index.json \"HTTP/1.1 404 Not Found\""}
{"asctime": "2026-09-01 13:08:47,248", "levelname": "INFO", "name": "httpx", "message": "HTTP Request: HEAD https://huggingface.co/BAAI/bge-m3/resolve/main/tokenizer_config.json \"HTTP/1.1 307 Temporary Redirect\""}
{"asctime": "2026-09-01 13:08:47,250", "levelname": "INFO", "name": "httpx", "message": "HTTP Request: HEAD https://huggingface.co/BAAI/bge-m3/resolve/refs%2Fpr%2F130/model.safetensors \"HTTP/1.1 302 Found\""}
{"asctime": "2026-09-01 13:08:47,263", "levelname": "INFO", "name": "httpx", "message": "HTTP Request: HEAD https://huggingface.co/api/resolve-cache/models/BAAI/bge-m3/5617a9f61b028005a4858fdac845db406aefb181/tokenizer_config.json \"HTTP/1.1 200 OK\""}
{"asctime": "2026-09-01 13:08:47,530", "levelname": "INFO", "name": "httpx", "message": "HTTP Request: HEAD https://huggingface.co/BAAI/bge-m3/resolve/main/config.json \"HTTP/1.1 307 Temporary Redirect\""}
{"asctime": "2026-09-01 13:08:47,548", "levelname": "INFO", "name": "httpx", "message": "HTTP Request: HEAD https://huggingface.co/api/resolve-cache/models/BAAI/bge-m3/5617a9f61b028005a4858fdac845db406aefb181/config.json \"HTTP/1.1 200 OK\""}
{"asctime": "2026-09-01 13:08:47,939", "levelname": "INFO", "name": "httpx", "message": "HTTP Request: HEAD https://huggingface.co/BAAI/bge-m3/resolve/main/config.json \"HTTP/1.1 307 Temporary Redirect\""}
{"asctime": "2026-09-01 13:08:47,957", "levelname": "INFO", "name": "httpx", "message": "HTTP Request: HEAD https://huggingface.co/api/resolve-cache/models/BAAI/bge-m3/5617a9f61b028005a4858fdac845db406aefb181/config.json \"HTTP/1.1 200 OK\""}
{"asctime": "2026-09-01 13:08:48,233", "levelname": "INFO", "name": "httpx", "message": "HTTP Request: HEAD https://huggingface.co/BAAI/bge-m3/resolve/main/tokenizer_config.json \"HTTP/1.1 307 Temporary Redirect\""}
{"asctime": "2026-09-01 13:08:48,254", "levelname": "INFO", "name": "httpx", "message": "HTTP Request: HEAD https://huggingface.co/api/resolve-cache/models/BAAI/bge-m3/5617a9f61b028005a4858fdac845db406aefb181/tokenizer_config.json \"HTTP/1.1 200 OK\""}
{"asctime": "2026-09-01 13:08:48,564", "levelname": "INFO", "name": "httpx", "message": "HTTP Request: GET https://huggingface.co/api/models/BAAI/bge-m3/tree/main/additional_chat_templates?recursive=false&expand=false \"HTTP/1.1 404 Not Found\""}
{"asctime": "2026-09-01 13:08:48,850", "levelname": "INFO", "name": "httpx", "message": "HTTP Request: GET https://huggingface.co/api/models/BAAI/bge-m3/tree/main?recursive=true&expand=false \"HTTP/1.1 200 OK\""}
{"asctime": "2026-09-01 13:08:49,986", "levelname": "INFO", "name": "httpx", "message": "HTTP Request: GET https://huggingface.co/api/models/BAAI/bge-m3 \"HTTP/1.1 200 OK\""}
{"asctime": "2026-09-01 13:08:50,330", "levelname": "INFO", "name": "httpx", "message": "HTTP Request: HEAD https://huggingface.co/BAAI/bge-m3/resolve/main/1_Pooling/config.json \"HTTP/1.1 307 Temporary Redirect\""}
{"asctime": "2026-09-01 13:08:50,349", "levelname": "INFO", "name": "httpx", "message": "HTTP Request: HEAD https://huggingface.co/api/resolve-cache/models/BAAI/bge-m3/5617a9f61b028005a4858fdac845db406aefb181/1_Pooling%2Fconfig.json \"HTTP/1.1 200 OK\""}
{"asctime": "2026-09-01 13:08:50,635", "levelname": "INFO", "name": "httpx", "message": "HTTP Request: HEAD https://huggingface.co/BAAI/bge-m3/resolve/main/2_Normalize/config.json \"HTTP/1.1 404 Not Found\""}
{"asctime": "2026-09-01 13:08:50,904", "levelname": "INFO", "name": "httpx", "message": "HTTP Request: GET https://huggingface.co/api/models/BAAI/bge-m3 \"HTTP/1.1 200 OK\""}
{"asctime": "2026-09-01 13:08:52,840", "levelname": "WARNING", "name": "django.request", "message": "Forbidden: /api/query/", "status_code": 403, "request": "<WSGIRequest: POST '/api/query/'>"}
{"asctime": "2026-09-01 13:10:12,129", "levelname": "INFO", "name": "django.utils.autoreload", "message": "Watching for file changes with StatReloader"}
{"asctime": "2026-09-01 13:10:16,180", "levelname": "WARNING", "name": "django.request", "message": "Not Found: /", "status_code": 404, "request": "<WSGIRequest: GET '/'>"}
{"asctime": "2026-09-01 13:10:16,317", "levelname": "WARNING", "name": "django.request", "message": "Not Found: /favicon.ico", "status_code": 404, "request": "<WSGIRequest: GET '/favicon.ico'>"}
{"asctime": "2026-09-01 13:16:48,127", "levelname": "WARNING", "name": "django.request", "message": "Not Found: /", "status_code": 404, "request": "<WSGIRequest: GET '/'>"}
{"asctime": "2026-09-01 13:20:34,329", "levelname": "INFO", "name": "sentence_transformers.base.model", "message": "No device provided, using mps"}
{"asctime": "2026-09-01 13:20:34,738", "levelname": "INFO", "name": "httpx", "message": "HTTP Request: HEAD https://huggingface.co/BAAI/bge-m3/resolve/main/modules.json \"HTTP/1.1 307 Temporary Redirect\""}
{"asctime": "2026-09-01 13:20:34,739", "levelname": "WARNING", "name": "huggingface_hub.utils._http", "message": "Warning: You are sending unauthenticated requests to the HF Hub. Please set a HF_TOKEN to enable higher rate limits and faster downloads."}
{"asctime": "2026-09-01 13:20:34,751", "levelname": "INFO", "name": "httpx", "message": "HTTP Request: HEAD https://huggingface.co/api/resolve-cache/models/BAAI/bge-m3/5617a9f61b028005a4858fdac845db406aefb181/modules.json \"HTTP/1.1 200 OK\""}
{"asctime": "2026-09-01 13:20:35,070", "levelname": "INFO", "name": "httpx", "message": "HTTP Request: HEAD https://huggingface.co/BAAI/bge-m3/resolve/main/config_sentence_transformers.json \"HTTP/1.1 307 Temporary Redirect\""}
{"asctime": "2026-09-01 13:20:35,086", "levelname": "INFO", "name": "httpx", "message": "HTTP Request: HEAD https://huggingface.co/api/resolve-cache/models/BAAI/bge-m3/5617a9f61b028005a4858fdac845db406aefb181/config_sentence_transformers.json \"HTTP/1.1 200 OK\""}
{"asctime": "2026-09-01 13:20:35,088", "levelname": "INFO", "name": "sentence_transformers.base.model", "message": "Loading SentenceTransformer model from BAAI/bge-m3."}
{"asctime": "2026-09-01 13:20:35,344", "levelname": "INFO", "name": "httpx", "message": "HTTP Request: HEAD https://huggingface.co/BAAI/bge-m3/resolve/main/config_sentence_transformers.json \"HTTP/1.1 307 Temporary Redirect\""}
{"asctime": "2026-09-01 13:20:35,365", "levelname": "INFO", "name": "httpx", "message": "HTTP Request: HEAD https://huggingface.co/api/resolve-cache/models/BAAI/bge-m3/5617a9f61b028005a4858fdac845db406aefb181/config_sentence_transformers.json \"HTTP/1.1 200 OK\""}
{"asctime": "2026-09-01 13:20:35,628", "levelname": "INFO", "name": "httpx", "message": "HTTP Request: HEAD https://huggingface.co/BAAI/bge-m3/resolve/main/README.md \"HTTP/1.1 307 Temporary Redirect\""}
{"asctime": "2026-09-01 13:20:35,642", "levelname": "INFO", "name": "httpx", "message": "HTTP Request: HEAD https://huggingface.co/api/resolve-cache/models/BAAI/bge-m3/5617a9f61b028005a4858fdac845db406aefb181/README.md \"HTTP/1.1 200 OK\""}
{"asctime": "2026-09-01 13:20:35,920", "levelname": "INFO", "name": "httpx", "message": "HTTP Request: HEAD https://huggingface.co/BAAI/bge-m3/resolve/main/modules.json \"HTTP/1.1 307 Temporary Redirect\""}
{"asctime": "2026-09-01 13:20:35,934", "levelname": "INFO", "name": "httpx", "message": "HTTP Request: HEAD https://huggingface.co/api/resolve-cache/models/BAAI/bge-m3/5617a9f61b028005a4858fdac845db406aefb181/modules.json \"HTTP/1.1 200 OK\""}
{"asctime": "2026-09-01 13:20:36,199", "levelname": "INFO", "name": "httpx", "message": "HTTP Request: HEAD https://huggingface.co/BAAI/bge-m3/resolve/main/sentence_bert_config.json \"HTTP/1.1 307 Temporary Redirect\""}
{"asctime": "2026-09-01 13:20:36,215", "levelname": "INFO", "name": "httpx", "message": "HTTP Request: HEAD https://huggingface.co/api/resolve-cache/models/BAAI/bge-m3/5617a9f61b028005a4858fdac845db406aefb181/sentence_bert_config.json \"HTTP/1.1 200 OK\""}
{"asctime": "2026-09-01 13:20:36,587", "levelname": "INFO", "name": "httpx", "message": "HTTP Request: HEAD https://huggingface.co/BAAI/bge-m3/resolve/main/adapter_config.json \"HTTP/1.1 404 Not Found\""}
{"asctime": "2026-09-01 13:20:36,885", "levelname": "INFO", "name": "httpx", "message": "HTTP Request: HEAD https://huggingface.co/BAAI/bge-m3/resolve/main/config.json \"HTTP/1.1 307 Temporary Redirect\""}
{"asctime": "2026-09-01 13:20:36,897", "levelname": "INFO", "name": "httpx", "message": "HTTP Request: HEAD https://huggingface.co/api/resolve-cache/models/BAAI/bge-m3/5617a9f61b028005a4858fdac845db406aefb181/config.json \"HTTP/1.1 200 OK\""}
{"asctime": "2026-09-01 13:20:37,185", "levelname": "INFO", "name": "httpx", "message": "HTTP Request: HEAD https://huggingface.co/BAAI/bge-m3/resolve/main/model.safetensors \"HTTP/1.1 404 Not Found\""}
{"asctime": "2026-09-01 13:20:37,447", "levelname": "INFO", "name": "httpx", "message": "HTTP Request: GET https://huggingface.co/api/models/BAAI/bge-m3 \"HTTP/1.1 200 OK\""}
{"asctime": "2026-09-01 13:20:37,588", "levelname": "INFO", "name": "httpx", "message": "HTTP Request: HEAD https://huggingface.co/BAAI/bge-m3/resolve/main/processor_config.json \"HTTP/1.1 404 Not Found\""}
{"asctime": "2026-09-01 13:20:37,731", "levelname": "INFO", "name": "httpx", "message": "HTTP Request: GET https://huggingface.co/api/models/BAAI/bge-m3/commits/main \"HTTP/1.1 200 OK\""}
{"asctime": "2026-09-01 13:20:37,882", "levelname": "INFO", "name": "httpx", "message": "HTTP Request: HEAD https://huggingface.co/BAAI/bge-m3/resolve/main/preprocessor_config.json \"HTTP/1.1 404 Not Found\""}
{"asctime": "2026-09-01 13:20:38,043", "levelname": "INFO", "name": "httpx", "message": "HTTP Request: GET https://huggingface.co/api/models/BAAI/bge-m3/discussions?p=0 \"HTTP/1.1 200 OK\""}
{"asctime": "2026-09-01 13:20:38,379", "levelname": "INFO", "name": "httpx", "message": "HTTP Request: HEAD https://huggingface.co/BAAI/bge-m3/resolve/main/video_preprocessor_config.json \"HTTP/1.1 404 Not Found\""}
{"asctime": "2026-09-01 13:20:38,518", "levelname": "INFO", "name": "httpx", "message": "HTTP Request: GET https://huggingface.co/api/models/BAAI/bge-m3/commits/refs%2Fpr%2F130 \"HTTP/1.1 200 OK\""}
{"asctime": "2026-09-01 13:20:38,692", "levelname": "INFO", "name": "httpx", "message": "HTTP Request: HEAD https://huggingface.co/BAAI/bge-m3/resolve/main/preprocessor_config.json \"HTTP/1.1 404 Not Found\""}
{"asctime": "2026-09-01 13:20:38,809", "levelname": "INFO", "name": "httpx", "message": "HTTP Request: HEAD https://huggingface.co/BAAI/bge-m3/resolve/refs%2Fpr%2F130/model.safetensors.index.json \"HTTP/1.1 404 Not Found\""}
{"asctime": "2026-09-01 13:20:38,953", "levelname": "INFO", "name": "httpx", "message": "HTTP Request: HEAD https://huggingface.co/BAAI/bge-m3/resolve/main/tokenizer_config.json \"HTTP/1.1 307 Temporary Redirect\""}
{"asctime": "2026-09-01 13:20:38,965", "levelname": "INFO", "name": "httpx", "message": "HTTP Request: HEAD https://huggingface.co/api/resolve-cache/models/BAAI/bge-m3/5617a9f61b028005a4858fdac845db406aefb181/tokenizer_config.json \"HTTP/1.1 200 OK\""}
{"asctime": "2026-09-01 13:20:39,074", "levelname": "INFO", "name": "httpx", "message": "HTTP Request: HEAD https://huggingface.co/BAAI/bge-m3/resolve/refs%2Fpr%2F130/model.safetensors \"HTTP/1.1 302 Found\""}
{"asctime": "2026-09-01 13:20:39,249", "levelname": "INFO", "name": "httpx", "message": "HTTP Request: HEAD https://huggingface.co/BAAI/bge-m3/resolve/main/config.json \"HTTP/1.1 307 Temporary Redirect\""}
{"asctime": "2026-09-01 13:20:39,262", "levelname": "INFO", "name": "httpx", "message": "HTTP Request: HEAD https://huggingface.co/api/resolve-cache/models/BAAI/bge-m3/5617a9f61b028005a4858fdac845db406aefb181/config.json \"HTTP/1.1 200 OK\""}
{"asctime": "2026-09-01 13:20:39,527", "levelname": "INFO", "name": "httpx", "message": "HTTP Request: HEAD https://huggingface.co/BAAI/bge-m3/resolve/main/config.json \"HTTP/1.1 307 Temporary Redirect\""}
{"asctime": "2026-09-01 13:20:39,541", "levelname": "INFO", "name": "httpx", "message": "HTTP Request: HEAD https://huggingface.co/api/resolve-cache/models/BAAI/bge-m3/5617a9f61b028005a4858fdac845db406aefb181/config.json \"HTTP/1.1 200 OK\""}
{"asctime": "2026-09-01 13:20:39,803", "levelname": "INFO", "name": "httpx", "message": "HTTP Request: HEAD https://huggingface.co/BAAI/bge-m3/resolve/main/tokenizer_config.json \"HTTP/1.1 307 Temporary Redirect\""}
{"asctime": "2026-09-01 13:20:39,824", "levelname": "INFO", "name": "httpx", "message": "HTTP Request: HEAD https://huggingface.co/api/resolve-cache/models/BAAI/bge-m3/5617a9f61b028005a4858fdac845db406aefb181/tokenizer_config.json \"HTTP/1.1 200 OK\""}
{"asctime": "2026-09-01 13:20:40,293", "levelname": "INFO", "name": "httpx", "message": "HTTP Request: GET https://huggingface.co/api/models/BAAI/bge-m3/tree/main/additional_chat_templates?recursive=false&expand=false \"HTTP/1.1 404 Not Found\""}
{"asctime": "2026-09-01 13:20:40,777", "levelname": "INFO", "name": "httpx", "message": "HTTP Request: GET https://huggingface.co/api/models/BAAI/bge-m3/tree/main?recursive=true&expand=false \"HTTP/1.1 200 OK\""}
{"asctime": "2026-09-01 13:20:41,923", "levelname": "INFO", "name": "httpx", "message": "HTTP Request: GET https://huggingface.co/api/models/BAAI/bge-m3 \"HTTP/1.1 200 OK\""}
{"asctime": "2026-09-01 13:20:42,229", "levelname": "INFO", "name": "httpx", "message": "HTTP Request: HEAD https://huggingface.co/BAAI/bge-m3/resolve/main/1_Pooling/config.json \"HTTP/1.1 307 Temporary Redirect\""}
{"asctime": "2026-09-01 13:20:42,249", "levelname": "INFO", "name": "httpx", "message": "HTTP Request: HEAD https://huggingface.co/api/resolve-cache/models/BAAI/bge-m3/5617a9f61b028005a4858fdac845db406aefb181/1_Pooling%2Fconfig.json \"HTTP/1.1 200 OK\""}
{"asctime": "2026-09-01 13:20:42,620", "levelname": "INFO", "name": "httpx", "message": "HTTP Request: HEAD https://huggingface.co/BAAI/bge-m3/resolve/main/2_Normalize/config.json \"HTTP/1.1 404 Not Found\""}
{"asctime": "2026-09-01 13:20:43,028", "levelname": "INFO", "name": "httpx", "message": "HTTP Request: GET https://huggingface.co/api/models/BAAI/bge-m3 \"HTTP/1.1 200 OK\""}
{"asctime": "2026-09-01 13:20:45,066", "levelname": "WARNING", "name": "django.request", "message": "Forbidden: /api/query/", "status_code": 403, "request": "<WSGIRequest: POST '/api/query/'>"}
{"asctime": "2026-09-01 13:22:21,257", "levelname": "INFO", "name": "django.utils.autoreload", "message": "Watching for file changes with StatReloader"}
{"asctime": "2026-09-01 13:22:25,143", "levelname": "WARNING", "name": "django.request", "message": "Not Found: /", "status_code": 404, "request": "<WSGIRequest: GET '/'>"}
{"asctime": "2026-09-01 13:23:30,919", "levelname": "WARNING", "name": "django.request", "message": "Not Found: /", "status_code": 404, "request": "<WSGIRequest: GET '/'>"}
{"asctime": "2026-09-01 13:23:48,798", "levelname": "INFO", "name": "django.utils.autoreload", "message": "/Users/arga/Kementerian-HAM/rag_project/config/urls.py changed, reloading."}
{"asctime": "2026-09-01 13:23:49,011", "levelname": "INFO", "name": "django.utils.autoreload", "message": "Watching for file changes with StatReloader"}
{"asctime": "2026-09-01 13:25:32,913", "levelname": "INFO", "name": "django.utils.autoreload", "message": "/Users/arga/Kementerian-HAM/rag_project/config/urls.py changed, reloading."}
{"asctime": "2026-09-01 13:25:33,130", "levelname": "INFO", "name": "django.utils.autoreload", "message": "Watching for file changes with StatReloader"}
{"asctime": "2026-09-01 13:26:28,136", "levelname": "INFO", "name": "sentence_transformers.base.model", "message": "No device provided, using mps"}
{"asctime": "2026-09-01 13:26:28,543", "levelname": "INFO", "name": "httpx", "message": "HTTP Request: HEAD https://huggingface.co/BAAI/bge-m3/resolve/main/modules.json \"HTTP/1.1 307 Temporary Redirect\""}
{"asctime": "2026-09-01 13:26:28,557", "levelname": "INFO", "name": "httpx", "message": "HTTP Request: HEAD https://huggingface.co/api/resolve-cache/models/BAAI/bge-m3/5617a9f61b028005a4858fdac845db406aefb181/modules.json \"HTTP/1.1 200 OK\""}
{"asctime": "2026-09-01 13:26:28,834", "levelname": "INFO", "name": "httpx", "message": "HTTP Request: HEAD https://huggingface.co/BAAI/bge-m3/resolve/main/config_sentence_transformers.json \"HTTP/1.1 307 Temporary Redirect\""}
{"asctime": "2026-09-01 13:26:28,835", "levelname": "WARNING", "name": "huggingface_hub.utils._http", "message": "Warning: You are sending unauthenticated requests to the HF Hub. Please set a HF_TOKEN to enable higher rate limits and faster downloads."}
{"asctime": "2026-09-01 13:26:28,850", "levelname": "INFO", "name": "httpx", "message": "HTTP Request: HEAD https://huggingface.co/api/resolve-cache/models/BAAI/bge-m3/5617a9f61b028005a4858fdac845db406aefb181/config_sentence_transformers.json \"HTTP/1.1 200 OK\""}
{"asctime": "2026-09-01 13:26:28,853", "levelname": "INFO", "name": "sentence_transformers.base.model", "message": "Loading SentenceTransformer model from BAAI/bge-m3."}
{"asctime": "2026-09-01 13:26:29,272", "levelname": "INFO", "name": "httpx", "message": "HTTP Request: HEAD https://huggingface.co/BAAI/bge-m3/resolve/main/config_sentence_transformers.json \"HTTP/1.1 307 Temporary Redirect\""}
{"asctime": "2026-09-01 13:26:29,307", "levelname": "INFO", "name": "httpx", "message": "HTTP Request: HEAD https://huggingface.co/api/resolve-cache/models/BAAI/bge-m3/5617a9f61b028005a4858fdac845db406aefb181/config_sentence_transformers.json \"HTTP/1.1 200 OK\""}
{"asctime": "2026-09-01 13:26:29,577", "levelname": "INFO", "name": "httpx", "message": "HTTP Request: HEAD https://huggingface.co/BAAI/bge-m3/resolve/main/README.md \"HTTP/1.1 307 Temporary Redirect\""}
{"asctime": "2026-09-01 13:26:29,594", "levelname": "INFO", "name": "httpx", "message": "HTTP Request: HEAD https://huggingface.co/api/resolve-cache/models/BAAI/bge-m3/5617a9f61b028005a4858fdac845db406aefb181/README.md \"HTTP/1.1 200 OK\""}
{"asctime": "2026-09-01 13:26:29,973", "levelname": "INFO", "name": "httpx", "message": "HTTP Request: HEAD https://huggingface.co/BAAI/bge-m3/resolve/main/modules.json \"HTTP/1.1 307 Temporary Redirect\""}
{"asctime": "2026-09-01 13:26:29,986", "levelname": "INFO", "name": "httpx", "message": "HTTP Request: HEAD https://huggingface.co/api/resolve-cache/models/BAAI/bge-m3/5617a9f61b028005a4858fdac845db406aefb181/modules.json \"HTTP/1.1 200 OK\""}
{"asctime": "2026-09-01 13:26:30,254", "levelname": "INFO", "name": "httpx", "message": "HTTP Request: HEAD https://huggingface.co/BAAI/bge-m3/resolve/main/sentence_bert_config.json \"HTTP/1.1 307 Temporary Redirect\""}
{"asctime": "2026-09-01 13:26:30,268", "levelname": "INFO", "name": "httpx", "message": "HTTP Request: HEAD https://huggingface.co/api/resolve-cache/models/BAAI/bge-m3/5617a9f61b028005a4858fdac845db406aefb181/sentence_bert_config.json \"HTTP/1.1 200 OK\""}
{"asctime": "2026-09-01 13:26:30,589", "levelname": "INFO", "name": "httpx", "message": "HTTP Request: HEAD https://huggingface.co/BAAI/bge-m3/resolve/main/adapter_config.json \"HTTP/1.1 404 Not Found\""}
{"asctime": "2026-09-01 13:26:30,898", "levelname": "INFO", "name": "httpx", "message": "HTTP Request: HEAD https://huggingface.co/BAAI/bge-m3/resolve/main/config.json \"HTTP/1.1 307 Temporary Redirect\""}
{"asctime": "2026-09-01 13:26:30,911", "levelname": "INFO", "name": "httpx", "message": "HTTP Request: HEAD https://huggingface.co/api/resolve-cache/models/BAAI/bge-m3/5617a9f61b028005a4858fdac845db406aefb181/config.json \"HTTP/1.1 200 OK\""}
{"asctime": "2026-09-01 13:26:31,343", "levelname": "INFO", "name": "httpx", "message": "HTTP Request: HEAD https://huggingface.co/BAAI/bge-m3/resolve/main/model.safetensors \"HTTP/1.1 404 Not Found\""}
{"asctime": "2026-09-01 13:26:31,617", "levelname": "INFO", "name": "httpx", "message": "HTTP Request: GET https://huggingface.co/api/models/BAAI/bge-m3 \"HTTP/1.1 200 OK\""}
{"asctime": "2026-09-01 13:26:31,758", "levelname": "INFO", "name": "httpx", "message": "HTTP Request: HEAD https://huggingface.co/BAAI/bge-m3/resolve/main/processor_config.json \"HTTP/1.1 404 Not Found\""}
{"asctime": "2026-09-01 13:26:31,928", "levelname": "INFO", "name": "httpx", "message": "HTTP Request: GET https://huggingface.co/api/models/BAAI/bge-m3/commits/main \"HTTP/1.1 200 OK\""}
{"asctime": "2026-09-01 13:26:32,027", "levelname": "INFO", "name": "httpx", "message": "HTTP Request: HEAD https://huggingface.co/BAAI/bge-m3/resolve/main/preprocessor_config.json \"HTTP/1.1 404 Not Found\""}
{"asctime": "2026-09-01 13:26:32,269", "levelname": "INFO", "name": "httpx", "message": "HTTP Request: GET https://huggingface.co/api/models/BAAI/bge-m3/discussions?p=0 \"HTTP/1.1 200 OK\""}
{"asctime": "2026-09-01 13:26:32,314", "levelname": "INFO", "name": "httpx", "message": "HTTP Request: HEAD https://huggingface.co/BAAI/bge-m3/resolve/main/video_preprocessor_config.json \"HTTP/1.1 404 Not Found\""}
{"asctime": "2026-09-01 13:26:32,584", "levelname": "INFO", "name": "httpx", "message": "HTTP Request: GET https://huggingface.co/api/models/BAAI/bge-m3/commits/refs%2Fpr%2F130 \"HTTP/1.1 200 OK\""}
{"asctime": "2026-09-01 13:26:32,591", "levelname": "INFO", "name": "httpx", "message": "HTTP Request: HEAD https://huggingface.co/BAAI/bge-m3/resolve/main/preprocessor_config.json \"HTTP/1.1 404 Not Found\""}
{"asctime": "2026-09-01 13:26:32,853", "levelname": "INFO", "name": "httpx", "message": "HTTP Request: HEAD https://huggingface.co/BAAI/bge-m3/resolve/main/tokenizer_config.json \"HTTP/1.1 307 Temporary Redirect\""}
{"asctime": "2026-09-01 13:26:32,859", "levelname": "INFO", "name": "httpx", "message": "HTTP Request: HEAD https://huggingface.co/BAAI/bge-m3/resolve/refs%2Fpr%2F130/model.safetensors.index.json \"HTTP/1.1 404 Not Found\""}
{"asctime": "2026-09-01 13:26:32,866", "levelname": "INFO", "name": "httpx", "message": "HTTP Request: HEAD https://huggingface.co/api/resolve-cache/models/BAAI/bge-m3/5617a9f61b028005a4858fdac845db406aefb181/tokenizer_config.json \"HTTP/1.1 200 OK\""}
{"asctime": "2026-09-01 13:26:33,135", "levelname": "INFO", "name": "httpx", "message": "HTTP Request: HEAD https://huggingface.co/BAAI/bge-m3/resolve/main/config.json \"HTTP/1.1 307 Temporary Redirect\""}
{"asctime": "2026-09-01 13:26:33,156", "levelname": "INFO", "name": "httpx", "message": "HTTP Request: HEAD https://huggingface.co/BAAI/bge-m3/resolve/refs%2Fpr%2F130/model.safetensors \"HTTP/1.1 302 Found\""}
{"asctime": "2026-09-01 13:26:33,158", "levelname": "INFO", "name": "httpx", "message": "HTTP Request: HEAD https://huggingface.co/api/resolve-cache/models/BAAI/bge-m3/5617a9f61b028005a4858fdac845db406aefb181/config.json \"HTTP/1.1 200 OK\""}
{"asctime": "2026-09-01 13:26:33,563", "levelname": "INFO", "name": "httpx", "message": "HTTP Request: HEAD https://huggingface.co/BAAI/bge-m3/resolve/main/config.json \"HTTP/1.1 307 Temporary Redirect\""}
{"asctime": "2026-09-01 13:26:33,578", "levelname": "INFO", "name": "httpx", "message": "HTTP Request: HEAD https://huggingface.co/api/resolve-cache/models/BAAI/bge-m3/5617a9f61b028005a4858fdac845db406aefb181/config.json \"HTTP/1.1 200 OK\""}
{"asctime": "2026-09-01 13:26:33,841", "levelname": "INFO", "name": "httpx", "message": "HTTP Request: HEAD https://huggingface.co/BAAI/bge-m3/resolve/main/tokenizer_config.json \"HTTP/1.1 307 Temporary Redirect\""}
{"asctime": "2026-09-01 13:26:33,873", "levelname": "INFO", "name": "httpx", "message": "HTTP Request: HEAD https://huggingface.co/api/resolve-cache/models/BAAI/bge-m3/5617a9f61b028005a4858fdac845db406aefb181/tokenizer_config.json \"HTTP/1.1 200 OK\""}
{"asctime": "2026-09-01 13:26:34,152", "levelname": "INFO", "name": "httpx", "message": "HTTP Request: GET https://huggingface.co/api/models/BAAI/bge-m3/tree/main/additional_chat_templates?recursive=false&expand=false \"HTTP/1.1 404 Not Found\""}
{"asctime": "2026-09-01 13:26:34,479", "levelname": "INFO", "name": "httpx", "message": "HTTP Request: GET https://huggingface.co/api/models/BAAI/bge-m3/tree/main?recursive=true&expand=false \"HTTP/1.1 200 OK\""}
{"asctime": "2026-09-01 13:26:35,507", "levelname": "INFO", "name": "httpx", "message": "HTTP Request: GET https://huggingface.co/api/models/BAAI/bge-m3 \"HTTP/1.1 200 OK\""}
{"asctime": "2026-09-01 13:26:35,809", "levelname": "INFO", "name": "httpx", "message": "HTTP Request: HEAD https://huggingface.co/BAAI/bge-m3/resolve/main/1_Pooling/config.json \"HTTP/1.1 307 Temporary Redirect\""}
{"asctime": "2026-09-01 13:26:35,820", "levelname": "INFO", "name": "httpx", "message": "HTTP Request: HEAD https://huggingface.co/api/resolve-cache/models/BAAI/bge-m3/5617a9f61b028005a4858fdac845db406aefb181/1_Pooling%2Fconfig.json \"HTTP/1.1 200 OK\""}
{"asctime": "2026-09-01 13:26:36,083", "levelname": "INFO", "name": "httpx", "message": "HTTP Request: HEAD https://huggingface.co/BAAI/bge-m3/resolve/main/2_Normalize/config.json \"HTTP/1.1 404 Not Found\""}
{"asctime": "2026-09-01 13:26:36,502", "levelname": "INFO", "name": "httpx", "message": "HTTP Request: GET https://huggingface.co/api/models/BAAI/bge-m3 \"HTTP/1.1 200 OK\""}
{"asctime": "2026-09-01 13:34:13,604", "levelname": "INFO", "name": "django.utils.autoreload", "message": "Watching for file changes with StatReloader"}
{"asctime": "2026-09-01 13:36:06,552", "levelname": "WARNING", "name": "django.request", "message": "Forbidden: /api/stats/", "status_code": 403, "request": "<WSGIRequest: GET '/api/stats/?group_by=source_type'>"}
{"asctime": "2026-09-01 13:39:28,317", "levelname": "INFO", "name": "django.utils.autoreload", "message": "Watching for file changes with StatReloader"}
{"asctime": "2026-09-01 13:53:36,155", "levelname": "INFO", "name": "sentence_transformers.base.model", "message": "No device provided, using mps"}
{"asctime": "2026-09-01 13:53:36,859", "levelname": "INFO", "name": "httpx", "message": "HTTP Request: HEAD https://huggingface.co/BAAI/bge-m3/resolve/main/modules.json \"HTTP/1.1 307 Temporary Redirect\""}
{"asctime": "2026-09-01 13:53:36,860", "levelname": "WARNING", "name": "huggingface_hub.utils._http", "message": "Warning: You are sending unauthenticated requests to the HF Hub. Please set a HF_TOKEN to enable higher rate limits and faster downloads."}
{"asctime": "2026-09-01 13:53:36,892", "levelname": "INFO", "name": "httpx", "message": "HTTP Request: HEAD https://huggingface.co/api/resolve-cache/models/BAAI/bge-m3/5617a9f61b028005a4858fdac845db406aefb181/modules.json \"HTTP/1.1 200 OK\""}
{"asctime": "2026-09-01 13:53:37,305", "levelname": "INFO", "name": "httpx", "message": "HTTP Request: HEAD https://huggingface.co/BAAI/bge-m3/resolve/main/config_sentence_transformers.json \"HTTP/1.1 307 Temporary Redirect\""}
{"asctime": "2026-09-01 13:53:37,339", "levelname": "INFO", "name": "httpx", "message": "HTTP Request: HEAD https://huggingface.co/api/resolve-cache/models/BAAI/bge-m3/5617a9f61b028005a4858fdac845db406aefb181/config_sentence_transformers.json \"HTTP/1.1 200 OK\""}
{"asctime": "2026-09-01 13:53:37,343", "levelname": "INFO", "name": "sentence_transformers.base.model", "message": "Loading SentenceTransformer model from BAAI/bge-m3."}
{"asctime": "2026-09-01 13:53:37,607", "levelname": "INFO", "name": "httpx", "message": "HTTP Request: HEAD https://huggingface.co/BAAI/bge-m3/resolve/main/config_sentence_transformers.json \"HTTP/1.1 307 Temporary Redirect\""}
{"asctime": "2026-09-01 13:53:37,721", "levelname": "INFO", "name": "httpx", "message": "HTTP Request: HEAD https://huggingface.co/api/resolve-cache/models/BAAI/bge-m3/5617a9f61b028005a4858fdac845db406aefb181/config_sentence_transformers.json \"HTTP/1.1 200 OK\""}
{"asctime": "2026-09-01 13:53:38,847", "levelname": "INFO", "name": "httpx", "message": "HTTP Request: HEAD https://huggingface.co/BAAI/bge-m3/resolve/main/README.md \"HTTP/1.1 307 Temporary Redirect\""}
{"asctime": "2026-09-01 13:53:39,768", "levelname": "INFO", "name": "httpx", "message": "HTTP Request: HEAD https://huggingface.co/api/resolve-cache/models/BAAI/bge-m3/5617a9f61b028005a4858fdac845db406aefb181/README.md \"HTTP/1.1 200 OK\""}
{"asctime": "2026-09-01 13:53:40,063", "levelname": "INFO", "name": "httpx", "message": "HTTP Request: HEAD https://huggingface.co/BAAI/bge-m3/resolve/main/modules.json \"HTTP/1.1 307 Temporary Redirect\""}
{"asctime": "2026-09-01 13:53:40,098", "levelname": "INFO", "name": "httpx", "message": "HTTP Request: HEAD https://huggingface.co/api/resolve-cache/models/BAAI/bge-m3/5617a9f61b028005a4858fdac845db406aefb181/modules.json \"HTTP/1.1 200 OK\""}
{"asctime": "2026-09-01 13:53:40,683", "levelname": "INFO", "name": "httpx", "message": "HTTP Request: HEAD https://huggingface.co/BAAI/bge-m3/resolve/main/sentence_bert_config.json \"HTTP/1.1 307 Temporary Redirect\""}
{"asctime": "2026-09-01 13:53:41,192", "levelname": "INFO", "name": "httpx", "message": "HTTP Request: HEAD https://huggingface.co/api/resolve-cache/models/BAAI/bge-m3/5617a9f61b028005a4858fdac845db406aefb181/sentence_bert_config.json \"HTTP/1.1 200 OK\""}
{"asctime": "2026-09-01 13:53:41,492", "levelname": "INFO", "name": "httpx", "message": "HTTP Request: HEAD https://huggingface.co/BAAI/bge-m3/resolve/main/adapter_config.json \"HTTP/1.1 404 Not Found\""}
{"asctime": "2026-09-01 13:53:42,140", "levelname": "INFO", "name": "httpx", "message": "HTTP Request: HEAD https://huggingface.co/BAAI/bge-m3/resolve/main/config.json \"HTTP/1.1 307 Temporary Redirect\""}
{"asctime": "2026-09-01 13:53:42,174", "levelname": "INFO", "name": "httpx", "message": "HTTP Request: HEAD https://huggingface.co/api/resolve-cache/models/BAAI/bge-m3/5617a9f61b028005a4858fdac845db406aefb181/config.json \"HTTP/1.1 200 OK\""}
{"asctime": "2026-09-01 13:53:42,456", "levelname": "INFO", "name": "httpx", "message": "HTTP Request: HEAD https://huggingface.co/BAAI/bge-m3/resolve/main/model.safetensors \"HTTP/1.1 404 Not Found\""}
{"asctime": "2026-09-01 13:53:43,008", "levelname": "INFO", "name": "httpx", "message": "HTTP Request: HEAD https://huggingface.co/BAAI/bge-m3/resolve/main/processor_config.json \"HTTP/1.1 404 Not Found\""}
{"asctime": "2026-09-01 13:53:43,008", "levelname": "INFO", "name": "httpx", "message": "HTTP Request: GET https://huggingface.co/api/models/BAAI/bge-m3 \"HTTP/1.1 200 OK\""}
{"asctime": "2026-09-01 13:53:43,424", "levelname": "INFO", "name": "httpx", "message": "HTTP Request: HEAD https://huggingface.co/BAAI/bge-m3/resolve/main/preprocessor_config.json \"HTTP/1.1 404 Not Found\""}
{"asctime": "2026-09-01 13:53:43,425", "levelname": "INFO", "name": "httpx", "message": "HTTP Request: GET https://huggingface.co/api/models/BAAI/bge-m3/commits/main \"HTTP/1.1 200 OK\""}
{"asctime": "2026-09-01 13:53:43,782", "levelname": "INFO", "name": "httpx", "message": "HTTP Request: HEAD https://huggingface.co/BAAI/bge-m3/resolve/main/video_preprocessor_config.json \"HTTP/1.1 404 Not Found\""}
{"asctime": "2026-09-01 13:53:43,785", "levelname": "INFO", "name": "httpx", "message": "HTTP Request: GET https://huggingface.co/api/models/BAAI/bge-m3/discussions?p=0 \"HTTP/1.1 200 OK\""}
{"asctime": "2026-09-01 13:53:44,130", "levelname": "INFO", "name": "httpx", "message": "HTTP Request: HEAD https://huggingface.co/BAAI/bge-m3/resolve/main/preprocessor_config.json \"HTTP/1.1 404 Not Found\""}
{"asctime": "2026-09-01 13:53:44,135", "levelname": "INFO", "name": "httpx", "message": "HTTP Request: GET https://huggingface.co/api/models/BAAI/bge-m3/commits/refs%2Fpr%2F130 \"HTTP/1.1 200 OK\""}
{"asctime": "2026-09-01 13:53:44,697", "levelname": "INFO", "name": "httpx", "message": "HTTP Request: HEAD https://huggingface.co/BAAI/bge-m3/resolve/refs%2Fpr%2F130/model.safetensors.index.json \"HTTP/1.1 404 Not Found\""}
{"asctime": "2026-09-01 13:53:44,699", "levelname": "INFO", "name": "httpx", "message": "HTTP Request: HEAD https://huggingface.co/BAAI/bge-m3/resolve/main/tokenizer_config.json \"HTTP/1.1 307 Temporary Redirect\""}
{"asctime": "2026-09-01 13:53:44,724", "levelname": "INFO", "name": "httpx", "message": "HTTP Request: HEAD https://huggingface.co/api/resolve-cache/models/BAAI/bge-m3/5617a9f61b028005a4858fdac845db406aefb181/tokenizer_config.json \"HTTP/1.1 200 OK\""}
{"asctime": "2026-09-01 13:53:45,147", "levelname": "INFO", "name": "httpx", "message": "HTTP Request: HEAD https://huggingface.co/BAAI/bge-m3/resolve/refs%2Fpr%2F130/model.safetensors \"HTTP/1.1 302 Found\""}
{"asctime": "2026-09-01 13:53:45,163", "levelname": "INFO", "name": "httpx", "message": "HTTP Request: HEAD https://huggingface.co/BAAI/bge-m3/resolve/main/config.json \"HTTP/1.1 307 Temporary Redirect\""}
{"asctime": "2026-09-01 13:53:45,199", "levelname": "INFO", "name": "httpx", "message": "HTTP Request: HEAD https://huggingface.co/api/resolve-cache/models/BAAI/bge-m3/5617a9f61b028005a4858fdac845db406aefb181/config.json \"HTTP/1.1 200 OK\""}
{"asctime": "2026-09-01 13:53:45,693", "levelname": "INFO", "name": "httpx", "message": "HTTP Request: HEAD https://huggingface.co/BAAI/bge-m3/resolve/main/config.json \"HTTP/1.1 307 Temporary Redirect\""}
{"asctime": "2026-09-01 13:53:47,033", "levelname": "INFO", "name": "httpx", "message": "HTTP Request: HEAD https://huggingface.co/api/resolve-cache/models/BAAI/bge-m3/5617a9f61b028005a4858fdac845db406aefb181/config.json \"HTTP/1.1 200 OK\""}
{"asctime": "2026-09-01 13:53:47,409", "levelname": "INFO", "name": "httpx", "message": "HTTP Request: HEAD https://huggingface.co/BAAI/bge-m3/resolve/main/tokenizer_config.json \"HTTP/1.1 307 Temporary Redirect\""}
{"asctime": "2026-09-01 13:53:47,426", "levelname": "INFO", "name": "httpx", "message": "HTTP Request: HEAD https://huggingface.co/api/resolve-cache/models/BAAI/bge-m3/5617a9f61b028005a4858fdac845db406aefb181/tokenizer_config.json \"HTTP/1.1 200 OK\""}
{"asctime": "2026-09-01 13:53:47,792", "levelname": "INFO", "name": "httpx", "message": "HTTP Request: GET https://huggingface.co/api/models/BAAI/bge-m3/tree/main/additional_chat_templates?recursive=false&expand=false \"HTTP/1.1 404 Not Found\""}
{"asctime": "2026-09-01 13:53:48,248", "levelname": "INFO", "name": "httpx", "message": "HTTP Request: GET https://huggingface.co/api/models/BAAI/bge-m3/tree/main?recursive=true&expand=false \"HTTP/1.1 200 OK\""}
{"asctime": "2026-09-01 13:53:49,535", "levelname": "INFO", "name": "httpx", "message": "HTTP Request: GET https://huggingface.co/api/models/BAAI/bge-m3 \"HTTP/1.1 200 OK\""}
{"asctime": "2026-09-01 13:53:49,904", "levelname": "INFO", "name": "httpx", "message": "HTTP Request: HEAD https://huggingface.co/BAAI/bge-m3/resolve/main/1_Pooling/config.json \"HTTP/1.1 307 Temporary Redirect\""}
{"asctime": "2026-09-01 13:53:50,029", "levelname": "INFO", "name": "httpx", "message": "HTTP Request: HEAD https://huggingface.co/api/resolve-cache/models/BAAI/bge-m3/5617a9f61b028005a4858fdac845db406aefb181/1_Pooling%2Fconfig.json \"HTTP/1.1 200 OK\""}
{"asctime": "2026-09-01 13:53:50,300", "levelname": "INFO", "name": "httpx", "message": "HTTP Request: HEAD https://huggingface.co/BAAI/bge-m3/resolve/main/2_Normalize/config.json \"HTTP/1.1 404 Not Found\""}
{"asctime": "2026-09-01 13:53:50,590", "levelname": "INFO", "name": "httpx", "message": "HTTP Request: GET https://huggingface.co/api/models/BAAI/bge-m3 \"HTTP/1.1 200 OK\""}
{"asctime": "2026-09-01 13:53:53,796", "levelname": "WARNING", "name": "django.request", "message": "Forbidden: /api/query/", "status_code": 403, "request": "<WSGIRequest: POST '/api/query/'>"}
{"asctime": "2026-09-01 13:56:02,884", "levelname": "INFO", "name": "sentence_transformers.base.model", "message": "No device provided, using mps"}
{"asctime": "2026-09-01 13:56:03,398", "levelname": "INFO", "name": "httpx", "message": "HTTP Request: HEAD https://huggingface.co/BAAI/bge-m3/resolve/main/modules.json \"HTTP/1.1 307 Temporary Redirect\""}
{"asctime": "2026-09-01 13:56:03,421", "levelname": "INFO", "name": "httpx", "message": "HTTP Request: HEAD https://huggingface.co/api/resolve-cache/models/BAAI/bge-m3/5617a9f61b028005a4858fdac845db406aefb181/modules.json \"HTTP/1.1 200 OK\""}
{"asctime": "2026-09-01 13:56:03,685", "levelname": "INFO", "name": "httpx", "message": "HTTP Request: HEAD https://huggingface.co/BAAI/bge-m3/resolve/main/config_sentence_transformers.json \"HTTP/1.1 307 Temporary Redirect\""}
{"asctime": "2026-09-01 13:56:03,686", "levelname": "WARNING", "name": "huggingface_hub.utils._http", "message": "Warning: You are sending unauthenticated requests to the HF Hub. Please set a HF_TOKEN to enable higher rate limits and faster downloads."}
{"asctime": "2026-09-01 13:56:03,705", "levelname": "INFO", "name": "httpx", "message": "HTTP Request: HEAD https://huggingface.co/api/resolve-cache/models/BAAI/bge-m3/5617a9f61b028005a4858fdac845db406aefb181/config_sentence_transformers.json \"HTTP/1.1 200 OK\""}
{"asctime": "2026-09-01 13:56:03,708", "levelname": "INFO", "name": "sentence_transformers.base.model", "message": "Loading SentenceTransformer model from BAAI/bge-m3."}
{"asctime": "2026-09-01 13:56:03,983", "levelname": "INFO", "name": "httpx", "message": "HTTP Request: HEAD https://huggingface.co/BAAI/bge-m3/resolve/main/config_sentence_transformers.json \"HTTP/1.1 307 Temporary Redirect\""}
{"asctime": "2026-09-01 13:56:03,999", "levelname": "INFO", "name": "httpx", "message": "HTTP Request: HEAD https://huggingface.co/api/resolve-cache/models/BAAI/bge-m3/5617a9f61b028005a4858fdac845db406aefb181/config_sentence_transformers.json \"HTTP/1.1 200 OK\""}
{"asctime": "2026-09-01 13:56:04,343", "levelname": "INFO", "name": "httpx", "message": "HTTP Request: HEAD https://huggingface.co/BAAI/bge-m3/resolve/main/README.md \"HTTP/1.1 307 Temporary Redirect\""}
{"asctime": "2026-09-01 13:56:04,357", "levelname": "INFO", "name": "httpx", "message": "HTTP Request: HEAD https://huggingface.co/api/resolve-cache/models/BAAI/bge-m3/5617a9f61b028005a4858fdac845db406aefb181/README.md \"HTTP/1.1 200 OK\""}
{"asctime": "2026-09-01 13:56:04,643", "levelname": "INFO", "name": "httpx", "message": "HTTP Request: HEAD https://huggingface.co/BAAI/bge-m3/resolve/main/modules.json \"HTTP/1.1 307 Temporary Redirect\""}
{"asctime": "2026-09-01 13:56:04,654", "levelname": "INFO", "name": "httpx", "message": "HTTP Request: HEAD https://huggingface.co/api/resolve-cache/models/BAAI/bge-m3/5617a9f61b028005a4858fdac845db406aefb181/modules.json \"HTTP/1.1 200 OK\""}
{"asctime": "2026-09-01 13:56:04,977", "levelname": "INFO", "name": "httpx", "message": "HTTP Request: HEAD https://huggingface.co/BAAI/bge-m3/resolve/main/sentence_bert_config.json \"HTTP/1.1 307 Temporary Redirect\""}
{"asctime": "2026-09-01 13:56:04,999", "levelname": "INFO", "name": "httpx", "message": "HTTP Request: HEAD https://huggingface.co/api/resolve-cache/models/BAAI/bge-m3/5617a9f61b028005a4858fdac845db406aefb181/sentence_bert_config.json \"HTTP/1.1 200 OK\""}
{"asctime": "2026-09-01 13:56:05,483", "levelname": "INFO", "name": "httpx", "message": "HTTP Request: HEAD https://huggingface.co/BAAI/bge-m3/resolve/main/adapter_config.json \"HTTP/1.1 404 Not Found\""}
{"asctime": "2026-09-01 13:56:05,764", "levelname": "INFO", "name": "httpx", "message": "HTTP Request: HEAD https://huggingface.co/BAAI/bge-m3/resolve/main/config.json \"HTTP/1.1 307 Temporary Redirect\""}
{"asctime": "2026-09-01 13:56:05,791", "levelname": "INFO", "name": "httpx", "message": "HTTP Request: HEAD https://huggingface.co/api/resolve-cache/models/BAAI/bge-m3/5617a9f61b028005a4858fdac845db406aefb181/config.json \"HTTP/1.1 200 OK\""}
{"asctime": "2026-09-01 13:56:06,096", "levelname": "INFO", "name": "httpx", "message": "HTTP Request: HEAD https://huggingface.co/BAAI/bge-m3/resolve/main/model.safetensors \"HTTP/1.1 404 Not Found\""}
{"asctime": "2026-09-01 13:56:06,481", "levelname": "INFO", "name": "httpx", "message": "HTTP Request: GET https://huggingface.co/api/models/BAAI/bge-m3 \"HTTP/1.1 200 OK\""}
{"asctime": "2026-09-01 13:56:06,555", "levelname": "INFO", "name": "httpx", "message": "HTTP Request: HEAD https://huggingface.co/BAAI/bge-m3/resolve/main/processor_config.json \"HTTP/1.1 404 Not Found\""}
{"asctime": "2026-09-01 13:56:06,783", "levelname": "INFO", "name": "httpx", "message": "HTTP Request: GET https://huggingface.co/api/models/BAAI/bge-m3/commits/main \"HTTP/1.1 200 OK\""}
{"asctime": "2026-09-01 13:56:06,817", "levelname": "INFO", "name": "httpx", "message": "HTTP Request: HEAD https://huggingface.co/BAAI/bge-m3/resolve/main/preprocessor_config.json \"HTTP/1.1 404 Not Found\""}
{"asctime": "2026-09-01 13:56:07,106", "levelname": "INFO", "name": "httpx", "message": "HTTP Request: HEAD https://huggingface.co/BAAI/bge-m3/resolve/main/video_preprocessor_config.json \"HTTP/1.1 404 Not Found\""}
{"asctime": "2026-09-01 13:56:07,107", "levelname": "INFO", "name": "httpx", "message": "HTTP Request: GET https://huggingface.co/api/models/BAAI/bge-m3/discussions?p=0 \"HTTP/1.1 200 OK\""}
{"asctime": "2026-09-01 13:56:07,654", "levelname": "INFO", "name": "httpx", "message": "HTTP Request: HEAD https://huggingface.co/BAAI/bge-m3/resolve/main/preprocessor_config.json \"HTTP/1.1 404 Not Found\""}
{"asctime": "2026-09-01 13:56:07,656", "levelname": "INFO", "name": "httpx", "message": "HTTP Request: GET https://huggingface.co/api/models/BAAI/bge-m3/commits/refs%2Fpr%2F130 \"HTTP/1.1 200 OK\""}
{"asctime": "2026-09-01 13:56:08,036", "levelname": "INFO", "name": "httpx", "message": "HTTP Request: HEAD https://huggingface.co/BAAI/bge-m3/resolve/refs%2Fpr%2F130/model.safetensors.index.json \"HTTP/1.1 404 Not Found\""}
{"asctime": "2026-09-01 13:56:08,102", "levelname": "INFO", "name": "httpx", "message": "HTTP Request: HEAD https://huggingface.co/BAAI/bge-m3/resolve/main/tokenizer_config.json \"HTTP/1.1 307 Temporary Redirect\""}
{"asctime": "2026-09-01 13:56:08,118", "levelname": "INFO", "name": "httpx", "message": "HTTP Request: HEAD https://huggingface.co/api/resolve-cache/models/BAAI/bge-m3/5617a9f61b028005a4858fdac845db406aefb181/tokenizer_config.json \"HTTP/1.1 200 OK\""}
{"asctime": "2026-09-01 13:56:08,306", "levelname": "INFO", "name": "httpx", "message": "HTTP Request: HEAD https://huggingface.co/BAAI/bge-m3/resolve/refs%2Fpr%2F130/model.safetensors \"HTTP/1.1 302 Found\""}
{"asctime": "2026-09-01 13:56:08,453", "levelname": "INFO", "name": "httpx", "message": "HTTP Request: HEAD https://huggingface.co/BAAI/bge-m3/resolve/main/config.json \"HTTP/1.1 307 Temporary Redirect\""}
{"asctime": "2026-09-01 13:56:08,484", "levelname": "INFO", "name": "httpx", "message": "HTTP Request: HEAD https://huggingface.co/api/resolve-cache/models/BAAI/bge-m3/5617a9f61b028005a4858fdac845db406aefb181/config.json \"HTTP/1.1 200 OK\""}
{"asctime": "2026-09-01 13:56:08,755", "levelname": "INFO", "name": "httpx", "message": "HTTP Request: HEAD https://huggingface.co/BAAI/bge-m3/resolve/main/config.json \"HTTP/1.1 307 Temporary Redirect\""}
{"asctime": "2026-09-01 13:56:08,768", "levelname": "INFO", "name": "httpx", "message": "HTTP Request: HEAD https://huggingface.co/api/resolve-cache/models/BAAI/bge-m3/5617a9f61b028005a4858fdac845db406aefb181/config.json \"HTTP/1.1 200 OK\""}
{"asctime": "2026-09-01 13:56:09,040", "levelname": "INFO", "name": "httpx", "message": "HTTP Request: HEAD https://huggingface.co/BAAI/bge-m3/resolve/main/tokenizer_config.json \"HTTP/1.1 307 Temporary Redirect\""}
{"asctime": "2026-09-01 13:56:09,056", "levelname": "INFO", "name": "httpx", "message": "HTTP Request: HEAD https://huggingface.co/api/resolve-cache/models/BAAI/bge-m3/5617a9f61b028005a4858fdac845db406aefb181/tokenizer_config.json \"HTTP/1.1 200 OK\""}
{"asctime": "2026-09-01 13:56:09,475", "levelname": "INFO", "name": "httpx", "message": "HTTP Request: GET https://huggingface.co/api/models/BAAI/bge-m3/tree/main/additional_chat_templates?recursive=false&expand=false \"HTTP/1.1 404 Not Found\""}
{"asctime": "2026-09-01 13:56:09,736", "levelname": "INFO", "name": "httpx", "message": "HTTP Request: GET https://huggingface.co/api/models/BAAI/bge-m3/tree/main?recursive=true&expand=false \"HTTP/1.1 200 OK\""}
{"asctime": "2026-09-01 13:56:10,935", "levelname": "INFO", "name": "httpx", "message": "HTTP Request: GET https://huggingface.co/api/models/BAAI/bge-m3 \"HTTP/1.1 200 OK\""}
{"asctime": "2026-09-01 13:56:11,205", "levelname": "INFO", "name": "httpx", "message": "HTTP Request: HEAD https://huggingface.co/BAAI/bge-m3/resolve/main/1_Pooling/config.json \"HTTP/1.1 307 Temporary Redirect\""}
{"asctime": "2026-09-01 13:56:11,225", "levelname": "INFO", "name": "httpx", "message": "HTTP Request: HEAD https://huggingface.co/api/resolve-cache/models/BAAI/bge-m3/5617a9f61b028005a4858fdac845db406aefb181/1_Pooling%2Fconfig.json \"HTTP/1.1 200 OK\""}
{"asctime": "2026-09-01 13:56:11,606", "levelname": "INFO", "name": "httpx", "message": "HTTP Request: HEAD https://huggingface.co/BAAI/bge-m3/resolve/main/2_Normalize/config.json \"HTTP/1.1 404 Not Found\""}
{"asctime": "2026-09-01 13:56:11,960", "levelname": "INFO", "name": "httpx", "message": "HTTP Request: GET https://huggingface.co/api/models/BAAI/bge-m3 \"HTTP/1.1 200 OK\""}
{"asctime": "2026-09-01 13:56:17,166", "levelname": "WARNING", "name": "django.request", "message": "Forbidden: /api/query/", "status_code": 403, "request": "<WSGIRequest: POST '/api/query/'>"}
{"asctime": "2026-09-01 13:59:34,028", "levelname": "INFO", "name": "django.utils.autoreload", "message": "Watching for file changes with StatReloader"}
{"asctime": "2026-09-01 14:00:53,814", "levelname": "WARNING", "name": "django.request", "message": "Forbidden: /api/stats/", "status_code": 403, "request": "<WSGIRequest: GET '/api/stats/?group_by=source_type'>"}
{"asctime": "2026-09-01 14:03:19,953", "levelname": "INFO", "name": "django.utils.autoreload", "message": "Watching for file changes with StatReloader"}
{"asctime": "2026-09-01 14:03:54,448", "levelname": "INFO", "name": "django.utils.autoreload", "message": "Watching for file changes with StatReloader"}
{"asctime": "2026-09-01 14:05:08,629", "levelname": "INFO", "name": "django.utils.autoreload", "message": "/Users/arga/Kementerian-HAM/rag_project/config/settings.py changed, reloading."}
{"asctime": "2026-09-01 14:05:08,876", "levelname": "INFO", "name": "django.utils.autoreload", "message": "Watching for file changes with StatReloader"}
{"asctime": "2026-09-01 14:05:34,342", "levelname": "INFO", "name": "sentence_transformers.base.model", "message": "No device provided, using mps"}
{"asctime": "2026-09-01 14:05:34,997", "levelname": "INFO", "name": "httpx", "message": "HTTP Request: HEAD https://huggingface.co/BAAI/bge-m3/resolve/main/modules.json \"HTTP/1.1 307 Temporary Redirect\""}
{"asctime": "2026-09-01 14:05:35,031", "levelname": "INFO", "name": "httpx", "message": "HTTP Request: HEAD https://huggingface.co/api/resolve-cache/models/BAAI/bge-m3/5617a9f61b028005a4858fdac845db406aefb181/modules.json \"HTTP/1.1 200 OK\""}
{"asctime": "2026-09-01 14:05:35,520", "levelname": "INFO", "name": "httpx", "message": "HTTP Request: HEAD https://huggingface.co/BAAI/bge-m3/resolve/main/config_sentence_transformers.json \"HTTP/1.1 307 Temporary Redirect\""}
{"asctime": "2026-09-01 14:05:35,521", "levelname": "WARNING", "name": "huggingface_hub.utils._http", "message": "Warning: You are sending unauthenticated requests to the HF Hub. Please set a HF_TOKEN to enable higher rate limits and faster downloads."}
{"asctime": "2026-09-01 14:05:35,566", "levelname": "INFO", "name": "httpx", "message": "HTTP Request: HEAD https://huggingface.co/api/resolve-cache/models/BAAI/bge-m3/5617a9f61b028005a4858fdac845db406aefb181/config_sentence_transformers.json \"HTTP/1.1 200 OK\""}
{"asctime": "2026-09-01 14:05:35,569", "levelname": "INFO", "name": "sentence_transformers.base.model", "message": "Loading SentenceTransformer model from BAAI/bge-m3."}
{"asctime": "2026-09-01 14:05:35,999", "levelname": "INFO", "name": "httpx", "message": "HTTP Request: HEAD https://huggingface.co/BAAI/bge-m3/resolve/main/config_sentence_transformers.json \"HTTP/1.1 307 Temporary Redirect\""}
{"asctime": "2026-09-01 14:05:36,019", "levelname": "INFO", "name": "httpx", "message": "HTTP Request: HEAD https://huggingface.co/api/resolve-cache/models/BAAI/bge-m3/5617a9f61b028005a4858fdac845db406aefb181/config_sentence_transformers.json \"HTTP/1.1 200 OK\""}
{"asctime": "2026-09-01 14:05:36,577", "levelname": "INFO", "name": "httpx", "message": "HTTP Request: HEAD https://huggingface.co/BAAI/bge-m3/resolve/main/README.md \"HTTP/1.1 307 Temporary Redirect\""}
{"asctime": "2026-09-01 14:05:36,774", "levelname": "INFO", "name": "httpx", "message": "HTTP Request: HEAD https://huggingface.co/api/resolve-cache/models/BAAI/bge-m3/5617a9f61b028005a4858fdac845db406aefb181/README.md \"HTTP/1.1 200 OK\""}
{"asctime": "2026-09-01 14:05:37,071", "levelname": "INFO", "name": "httpx", "message": "HTTP Request: HEAD https://huggingface.co/BAAI/bge-m3/resolve/main/modules.json \"HTTP/1.1 307 Temporary Redirect\""}
{"asctime": "2026-09-01 14:05:37,099", "levelname": "INFO", "name": "httpx", "message": "HTTP Request: HEAD https://huggingface.co/api/resolve-cache/models/BAAI/bge-m3/5617a9f61b028005a4858fdac845db406aefb181/modules.json \"HTTP/1.1 200 OK\""}
{"asctime": "2026-09-01 14:05:37,595", "levelname": "INFO", "name": "httpx", "message": "HTTP Request: HEAD https://huggingface.co/BAAI/bge-m3/resolve/main/sentence_bert_config.json \"HTTP/1.1 307 Temporary Redirect\""}
{"asctime": "2026-09-01 14:05:37,616", "levelname": "INFO", "name": "httpx", "message": "HTTP Request: HEAD https://huggingface.co/api/resolve-cache/models/BAAI/bge-m3/5617a9f61b028005a4858fdac845db406aefb181/sentence_bert_config.json \"HTTP/1.1 200 OK\""}
{"asctime": "2026-09-01 14:05:37,885", "levelname": "INFO", "name": "httpx", "message": "HTTP Request: HEAD https://huggingface.co/BAAI/bge-m3/resolve/main/adapter_config.json \"HTTP/1.1 404 Not Found\""}
{"asctime": "2026-09-01 14:05:38,946", "levelname": "INFO", "name": "httpx", "message": "HTTP Request: HEAD https://huggingface.co/BAAI/bge-m3/resolve/main/config.json \"HTTP/1.1 307 Temporary Redirect\""}
{"asctime": "2026-09-01 14:05:38,980", "levelname": "INFO", "name": "httpx", "message": "HTTP Request: HEAD https://huggingface.co/api/resolve-cache/models/BAAI/bge-m3/5617a9f61b028005a4858fdac845db406aefb181/config.json \"HTTP/1.1 200 OK\""}
{"asctime": "2026-09-01 14:05:39,295", "levelname": "INFO", "name": "httpx", "message": "HTTP Request: HEAD https://huggingface.co/BAAI/bge-m3/resolve/main/model.safetensors \"HTTP/1.1 404 Not Found\""}
{"asctime": "2026-09-01 14:05:39,580", "levelname": "INFO", "name": "httpx", "message": "HTTP Request: GET https://huggingface.co/api/models/BAAI/bge-m3 \"HTTP/1.1 200 OK\""}
{"asctime": "2026-09-01 14:05:39,754", "levelname": "INFO", "name": "httpx", "message": "HTTP Request: HEAD https://huggingface.co/BAAI/bge-m3/resolve/main/processor_config.json \"HTTP/1.1 404 Not Found\""}
{"asctime": "2026-09-01 14:05:39,934", "levelname": "INFO", "name": "httpx", "message": "HTTP Request: GET https://huggingface.co/api/models/BAAI/bge-m3/commits/main \"HTTP/1.1 200 OK\""}
{"asctime": "2026-09-01 14:05:40,025", "levelname": "INFO", "name": "httpx", "message": "HTTP Request: HEAD https://huggingface.co/BAAI/bge-m3/resolve/main/preprocessor_config.json \"HTTP/1.1 404 Not Found\""}
{"asctime": "2026-09-01 14:05:40,433", "levelname": "INFO", "name": "httpx", "message": "HTTP Request: GET https://huggingface.co/api/models/BAAI/bge-m3/discussions?p=0 \"HTTP/1.1 200 OK\""}
{"asctime": "2026-09-01 14:05:40,449", "levelname": "INFO", "name": "httpx", "message": "HTTP Request: HEAD https://huggingface.co/BAAI/bge-m3/resolve/main/video_preprocessor_config.json \"HTTP/1.1 404 Not Found\""}
{"asctime": "2026-09-01 14:05:40,719", "levelname": "INFO", "name": "httpx", "message": "HTTP Request: HEAD https://huggingface.co/BAAI/bge-m3/resolve/main/preprocessor_config.json \"HTTP/1.1 404 Not Found\""}
{"asctime": "2026-09-01 14:05:40,735", "levelname": "INFO", "name": "httpx", "message": "HTTP Request: GET https://huggingface.co/api/models/BAAI/bge-m3/commits/refs%2Fpr%2F130 \"HTTP/1.1 200 OK\""}
{"asctime": "2026-09-01 14:05:41,115", "levelname": "INFO", "name": "httpx", "message": "HTTP Request: HEAD https://huggingface.co/BAAI/bge-m3/resolve/refs%2Fpr%2F130/model.safetensors.index.json \"HTTP/1.1 404 Not Found\""}
{"asctime": "2026-09-01 14:05:41,116", "levelname": "INFO", "name": "httpx", "message": "HTTP Request: HEAD https://huggingface.co/BAAI/bge-m3/resolve/main/tokenizer_config.json \"HTTP/1.1 307 Temporary Redirect\""}
{"asctime": "2026-09-01 14:05:41,134", "levelname": "INFO", "name": "httpx", "message": "HTTP Request: HEAD https://huggingface.co/api/resolve-cache/models/BAAI/bge-m3/5617a9f61b028005a4858fdac845db406aefb181/tokenizer_config.json \"HTTP/1.1 200 OK\""}
{"asctime": "2026-09-01 14:05:41,817", "levelname": "INFO", "name": "httpx", "message": "HTTP Request: HEAD https://huggingface.co/BAAI/bge-m3/resolve/refs%2Fpr%2F130/model.safetensors \"HTTP/1.1 302 Found\""}
{"asctime": "2026-09-01 14:05:41,819", "levelname": "INFO", "name": "httpx", "message": "HTTP Request: HEAD https://huggingface.co/BAAI/bge-m3/resolve/main/config.json \"HTTP/1.1 307 Temporary Redirect\""}
{"asctime": "2026-09-01 14:05:41,857", "levelname": "INFO", "name": "httpx", "message": "HTTP Request: HEAD https://huggingface.co/api/resolve-cache/models/BAAI/bge-m3/5617a9f61b028005a4858fdac845db406aefb181/config.json \"HTTP/1.1 200 OK\""}
{"asctime": "2026-09-01 14:05:42,574", "levelname": "INFO", "name": "httpx", "message": "HTTP Request: HEAD https://huggingface.co/BAAI/bge-m3/resolve/main/config.json \"HTTP/1.1 307 Temporary Redirect\""}
{"asctime": "2026-09-01 14:05:42,823", "levelname": "INFO", "name": "httpx", "message": "HTTP Request: HEAD https://huggingface.co/api/resolve-cache/models/BAAI/bge-m3/5617a9f61b028005a4858fdac845db406aefb181/config.json \"HTTP/1.1 200 OK\""}
{"asctime": "2026-09-01 14:05:43,492", "levelname": "INFO", "name": "httpx", "message": "HTTP Request: HEAD https://huggingface.co/BAAI/bge-m3/resolve/main/tokenizer_config.json \"HTTP/1.1 307 Temporary Redirect\""}
{"asctime": "2026-09-01 14:05:43,659", "levelname": "INFO", "name": "httpx", "message": "HTTP Request: HEAD https://huggingface.co/api/resolve-cache/models/BAAI/bge-m3/5617a9f61b028005a4858fdac845db406aefb181/tokenizer_config.json \"HTTP/1.1 200 OK\""}
{"asctime": "2026-09-01 14:05:43,949", "levelname": "INFO", "name": "httpx", "message": "HTTP Request: GET https://huggingface.co/api/models/BAAI/bge-m3/tree/main/additional_chat_templates?recursive=false&expand=false \"HTTP/1.1 404 Not Found\""}
{"asctime": "2026-09-01 14:05:44,323", "levelname": "INFO", "name": "httpx", "message": "HTTP Request: GET https://huggingface.co/api/models/BAAI/bge-m3/tree/main?recursive=true&expand=false \"HTTP/1.1 200 OK\""}
{"asctime": "2026-09-01 14:05:45,794", "levelname": "INFO", "name": "httpx", "message": "HTTP Request: GET https://huggingface.co/api/models/BAAI/bge-m3 \"HTTP/1.1 200 OK\""}
{"asctime": "2026-09-01 14:05:46,152", "levelname": "INFO", "name": "httpx", "message": "HTTP Request: HEAD https://huggingface.co/BAAI/bge-m3/resolve/main/1_Pooling/config.json \"HTTP/1.1 307 Temporary Redirect\""}
{"asctime": "2026-09-01 14:05:46,321", "levelname": "INFO", "name": "httpx", "message": "HTTP Request: HEAD https://huggingface.co/api/resolve-cache/models/BAAI/bge-m3/5617a9f61b028005a4858fdac845db406aefb181/1_Pooling%2Fconfig.json \"HTTP/1.1 200 OK\""}
{"asctime": "2026-09-01 14:05:46,730", "levelname": "INFO", "name": "httpx", "message": "HTTP Request: HEAD https://huggingface.co/BAAI/bge-m3/resolve/main/2_Normalize/config.json \"HTTP/1.1 404 Not Found\""}
{"asctime": "2026-09-01 14:05:47,539", "levelname": "INFO", "name": "httpx", "message": "HTTP Request: GET https://huggingface.co/api/models/BAAI/bge-m3 \"HTTP/1.1 200 OK\""}
{"asctime": "2026-09-01 14:05:50,406", "levelname": "INFO", "name": "sentence_transformers.base.model", "message": "No device provided, using mps"}
{"asctime": "2026-09-01 14:05:50,738", "levelname": "INFO", "name": "httpx", "message": "HTTP Request: HEAD https://huggingface.co/BAAI/bge-m3/resolve/main/modules.json \"HTTP/1.1 307 Temporary Redirect\""}
{"asctime": "2026-09-01 14:05:50,755", "levelname": "INFO", "name": "httpx", "message": "HTTP Request: HEAD https://huggingface.co/api/resolve-cache/models/BAAI/bge-m3/5617a9f61b028005a4858fdac845db406aefb181/modules.json \"HTTP/1.1 200 OK\""}
{"asctime": "2026-09-01 14:05:51,256", "levelname": "INFO", "name": "httpx", "message": "HTTP Request: HEAD https://huggingface.co/BAAI/bge-m3/resolve/main/config_sentence_transformers.json \"HTTP/1.1 307 Temporary Redirect\""}
{"asctime": "2026-09-01 14:05:51,696", "levelname": "INFO", "name": "httpx", "message": "HTTP Request: HEAD https://huggingface.co/api/resolve-cache/models/BAAI/bge-m3/5617a9f61b028005a4858fdac845db406aefb181/config_sentence_transformers.json \"HTTP/1.1 200 OK\""}
{"asctime": "2026-09-01 14:05:51,697", "levelname": "INFO", "name": "sentence_transformers.base.model", "message": "Loading SentenceTransformer model from BAAI/bge-m3."}
{"asctime": "2026-09-01 14:05:51,986", "levelname": "INFO", "name": "httpx", "message": "HTTP Request: HEAD https://huggingface.co/BAAI/bge-m3/resolve/main/config_sentence_transformers.json \"HTTP/1.1 307 Temporary Redirect\""}
{"asctime": "2026-09-01 14:05:52,036", "levelname": "INFO", "name": "httpx", "message": "HTTP Request: HEAD https://huggingface.co/api/resolve-cache/models/BAAI/bge-m3/5617a9f61b028005a4858fdac845db406aefb181/config_sentence_transformers.json \"HTTP/1.1 200 OK\""}
{"asctime": "2026-09-01 14:05:52,444", "levelname": "INFO", "name": "httpx", "message": "HTTP Request: HEAD https://huggingface.co/BAAI/bge-m3/resolve/main/README.md \"HTTP/1.1 307 Temporary Redirect\""}
{"asctime": "2026-09-01 14:05:52,461", "levelname": "INFO", "name": "httpx", "message": "HTTP Request: HEAD https://huggingface.co/api/resolve-cache/models/BAAI/bge-m3/5617a9f61b028005a4858fdac845db406aefb181/README.md \"HTTP/1.1 200 OK\""}
{"asctime": "2026-09-01 14:05:52,874", "levelname": "INFO", "name": "httpx", "message": "HTTP Request: HEAD https://huggingface.co/BAAI/bge-m3/resolve/main/modules.json \"HTTP/1.1 307 Temporary Redirect\""}
{"asctime": "2026-09-01 14:05:53,049", "levelname": "INFO", "name": "httpx", "message": "HTTP Request: HEAD https://huggingface.co/api/resolve-cache/models/BAAI/bge-m3/5617a9f61b028005a4858fdac845db406aefb181/modules.json \"HTTP/1.1 200 OK\""}
{"asctime": "2026-09-01 14:05:53,361", "levelname": "INFO", "name": "httpx", "message": "HTTP Request: HEAD https://huggingface.co/BAAI/bge-m3/resolve/main/sentence_bert_config.json \"HTTP/1.1 307 Temporary Redirect\""}
{"asctime": "2026-09-01 14:05:53,380", "levelname": "INFO", "name": "httpx", "message": "HTTP Request: HEAD https://huggingface.co/api/resolve-cache/models/BAAI/bge-m3/5617a9f61b028005a4858fdac845db406aefb181/sentence_bert_config.json \"HTTP/1.1 200 OK\""}
{"asctime": "2026-09-01 14:05:53,707", "levelname": "INFO", "name": "httpx", "message": "HTTP Request: HEAD https://huggingface.co/BAAI/bge-m3/resolve/main/adapter_config.json \"HTTP/1.1 404 Not Found\""}
{"asctime": "2026-09-01 14:05:54,203", "levelname": "INFO", "name": "httpx", "message": "HTTP Request: HEAD https://huggingface.co/BAAI/bge-m3/resolve/main/config.json \"HTTP/1.1 307 Temporary Redirect\""}
{"asctime": "2026-09-01 14:05:54,272", "levelname": "INFO", "name": "httpx", "message": "HTTP Request: HEAD https://huggingface.co/api/resolve-cache/models/BAAI/bge-m3/5617a9f61b028005a4858fdac845db406aefb181/config.json \"HTTP/1.1 200 OK\""}
{"asctime": "2026-09-01 14:05:54,758", "levelname": "INFO", "name": "httpx", "message": "HTTP Request: HEAD https://huggingface.co/BAAI/bge-m3/resolve/main/model.safetensors \"HTTP/1.1 404 Not Found\""}
{"asctime": "2026-09-01 14:05:55,525", "levelname": "INFO", "name": "httpx", "message": "HTTP Request: GET https://huggingface.co/api/models/BAAI/bge-m3 \"HTTP/1.1 200 OK\""}
{"asctime": "2026-09-01 14:05:55,530", "levelname": "INFO", "name": "httpx", "message": "HTTP Request: HEAD https://huggingface.co/BAAI/bge-m3/resolve/main/processor_config.json \"HTTP/1.1 404 Not Found\""}
{"asctime": "2026-09-01 14:05:55,799", "levelname": "INFO", "name": "httpx", "message": "HTTP Request: HEAD https://huggingface.co/BAAI/bge-m3/resolve/main/preprocessor_config.json \"HTTP/1.1 404 Not Found\""}
{"asctime": "2026-09-01 14:05:55,842", "levelname": "INFO", "name": "httpx", "message": "HTTP Request: GET https://huggingface.co/api/models/BAAI/bge-m3/commits/main \"HTTP/1.1 200 OK\""}
{"asctime": "2026-09-01 14:05:56,067", "levelname": "INFO", "name": "httpx", "message": "HTTP Request: HEAD https://huggingface.co/BAAI/bge-m3/resolve/main/video_preprocessor_config.json \"HTTP/1.1 404 Not Found\""}
{"asctime": "2026-09-01 14:05:56,133", "levelname": "INFO", "name": "httpx", "message": "HTTP Request: GET https://huggingface.co/api/models/BAAI/bge-m3/discussions?p=0 \"HTTP/1.1 200 OK\""}
{"asctime": "2026-09-01 14:05:56,371", "levelname": "INFO", "name": "httpx", "message": "HTTP Request: HEAD https://huggingface.co/BAAI/bge-m3/resolve/main/preprocessor_config.json \"HTTP/1.1 404 Not Found\""}
{"asctime": "2026-09-01 14:05:56,504", "levelname": "INFO", "name": "httpx", "message": "HTTP Request: GET https://huggingface.co/api/models/BAAI/bge-m3/commits/refs%2Fpr%2F130 \"HTTP/1.1 200 OK\""}
{"asctime": "2026-09-01 14:05:56,637", "levelname": "INFO", "name": "httpx", "message": "HTTP Request: HEAD https://huggingface.co/BAAI/bge-m3/resolve/main/tokenizer_config.json \"HTTP/1.1 307 Temporary Redirect\""}
{"asctime": "2026-09-01 14:05:56,661", "levelname": "INFO", "name": "httpx", "message": "HTTP Request: HEAD https://huggingface.co/api/resolve-cache/models/BAAI/bge-m3/5617a9f61b028005a4858fdac845db406aefb181/tokenizer_config.json \"HTTP/1.1 200 OK\""}
{"asctime": "2026-09-01 14:05:56,822", "levelname": "INFO", "name": "httpx", "message": "HTTP Request: HEAD https://huggingface.co/BAAI/bge-m3/resolve/refs%2Fpr%2F130/model.safetensors.index.json \"HTTP/1.1 404 Not Found\""}
{"asctime": "2026-09-01 14:05:56,962", "levelname": "INFO", "name": "httpx", "message": "HTTP Request: HEAD https://huggingface.co/BAAI/bge-m3/resolve/main/config.json \"HTTP/1.1 307 Temporary Redirect\""}
{"asctime": "2026-09-01 14:05:56,986", "levelname": "INFO", "name": "httpx", "message": "HTTP Request: HEAD https://huggingface.co/api/resolve-cache/models/BAAI/bge-m3/5617a9f61b028005a4858fdac845db406aefb181/config.json \"HTTP/1.1 200 OK\""}
{"asctime": "2026-09-01 14:05:57,173", "levelname": "INFO", "name": "httpx", "message": "HTTP Request: HEAD https://huggingface.co/BAAI/bge-m3/resolve/refs%2Fpr%2F130/model.safetensors \"HTTP/1.1 302 Found\""}
{"asctime": "2026-09-01 14:05:57,434", "levelname": "INFO", "name": "httpx", "message": "HTTP Request: HEAD https://huggingface.co/BAAI/bge-m3/resolve/main/config.json \"HTTP/1.1 307 Temporary Redirect\""}
{"asctime": "2026-09-01 14:05:57,452", "levelname": "INFO", "name": "httpx", "message": "HTTP Request: HEAD https://huggingface.co/api/resolve-cache/models/BAAI/bge-m3/5617a9f61b028005a4858fdac845db406aefb181/config.json \"HTTP/1.1 200 OK\""}
{"asctime": "2026-09-01 14:05:57,955", "levelname": "INFO", "name": "httpx", "message": "HTTP Request: HEAD https://huggingface.co/BAAI/bge-m3/resolve/main/tokenizer_config.json \"HTTP/1.1 307 Temporary Redirect\""}
{"asctime": "2026-09-01 14:05:57,983", "levelname": "INFO", "name": "httpx", "message": "HTTP Request: HEAD https://huggingface.co/api/resolve-cache/models/BAAI/bge-m3/5617a9f61b028005a4858fdac845db406aefb181/tokenizer_config.json \"HTTP/1.1 200 OK\""}
{"asctime": "2026-09-01 14:05:58,239", "levelname": "INFO", "name": "httpx", "message": "HTTP Request: GET https://huggingface.co/api/models/BAAI/bge-m3/tree/main/additional_chat_templates?recursive=false&expand=false \"HTTP/1.1 404 Not Found\""}
{"asctime": "2026-09-01 14:05:58,629", "levelname": "INFO", "name": "httpx", "message": "HTTP Request: GET https://huggingface.co/api/models/BAAI/bge-m3/tree/main?recursive=true&expand=false \"HTTP/1.1 200 OK\""}
{"asctime": "2026-09-01 14:05:59,927", "levelname": "INFO", "name": "httpx", "message": "HTTP Request: GET https://huggingface.co/api/models/BAAI/bge-m3 \"HTTP/1.1 200 OK\""}
{"asctime": "2026-09-01 14:06:00,243", "levelname": "INFO", "name": "httpx", "message": "HTTP Request: HEAD https://huggingface.co/BAAI/bge-m3/resolve/main/1_Pooling/config.json \"HTTP/1.1 307 Temporary Redirect\""}
{"asctime": "2026-09-01 14:06:00,281", "levelname": "INFO", "name": "httpx", "message": "HTTP Request: HEAD https://huggingface.co/api/resolve-cache/models/BAAI/bge-m3/5617a9f61b028005a4858fdac845db406aefb181/1_Pooling%2Fconfig.json \"HTTP/1.1 200 OK\""}
{"asctime": "2026-09-01 14:06:00,674", "levelname": "INFO", "name": "httpx", "message": "HTTP Request: HEAD https://huggingface.co/BAAI/bge-m3/resolve/main/2_Normalize/config.json \"HTTP/1.1 404 Not Found\""}
{"asctime": "2026-09-01 14:06:01,003", "levelname": "INFO", "name": "httpx", "message": "HTTP Request: GET https://huggingface.co/api/models/BAAI/bge-m3 \"HTTP/1.1 200 OK\""}
{"asctime": "2026-09-01 14:07:20,851", "levelname": "INFO", "name": "sentence_transformers.base.model", "message": "No device provided, using mps"}
{"asctime": "2026-09-01 14:07:21,896", "levelname": "INFO", "name": "httpx", "message": "HTTP Request: HEAD https://huggingface.co/BAAI/bge-m3/resolve/main/modules.json \"HTTP/1.1 307 Temporary Redirect\""}
{"asctime": "2026-09-01 14:07:21,916", "levelname": "INFO", "name": "httpx", "message": "HTTP Request: HEAD https://huggingface.co/api/resolve-cache/models/BAAI/bge-m3/5617a9f61b028005a4858fdac845db406aefb181/modules.json \"HTTP/1.1 200 OK\""}
{"asctime": "2026-09-01 14:07:22,377", "levelname": "INFO", "name": "httpx", "message": "HTTP Request: HEAD https://huggingface.co/BAAI/bge-m3/resolve/main/config_sentence_transformers.json \"HTTP/1.1 307 Temporary Redirect\""}
{"asctime": "2026-09-01 14:07:22,609", "levelname": "INFO", "name": "httpx", "message": "HTTP Request: HEAD https://huggingface.co/api/resolve-cache/models/BAAI/bge-m3/5617a9f61b028005a4858fdac845db406aefb181/config_sentence_transformers.json \"HTTP/1.1 200 OK\""}
{"asctime": "2026-09-01 14:07:22,610", "levelname": "INFO", "name": "sentence_transformers.base.model", "message": "Loading SentenceTransformer model from BAAI/bge-m3."}
{"asctime": "2026-09-01 14:07:22,930", "levelname": "INFO", "name": "httpx", "message": "HTTP Request: HEAD https://huggingface.co/BAAI/bge-m3/resolve/main/config_sentence_transformers.json \"HTTP/1.1 307 Temporary Redirect\""}
{"asctime": "2026-09-01 14:07:22,931", "levelname": "WARNING", "name": "huggingface_hub.utils._http", "message": "Warning: You are sending unauthenticated requests to the HF Hub. Please set a HF_TOKEN to enable higher rate limits and faster downloads."}
{"asctime": "2026-09-01 14:07:22,973", "levelname": "INFO", "name": "httpx", "message": "HTTP Request: HEAD https://huggingface.co/api/resolve-cache/models/BAAI/bge-m3/5617a9f61b028005a4858fdac845db406aefb181/config_sentence_transformers.json \"HTTP/1.1 200 OK\""}
{"asctime": "2026-09-01 14:07:23,489", "levelname": "INFO", "name": "httpx", "message": "HTTP Request: HEAD https://huggingface.co/BAAI/bge-m3/resolve/main/README.md \"HTTP/1.1 307 Temporary Redirect\""}
{"asctime": "2026-09-01 14:07:23,957", "levelname": "INFO", "name": "httpx", "message": "HTTP Request: HEAD https://huggingface.co/api/resolve-cache/models/BAAI/bge-m3/5617a9f61b028005a4858fdac845db406aefb181/README.md \"HTTP/1.1 200 OK\""}
{"asctime": "2026-09-01 14:07:24,341", "levelname": "INFO", "name": "httpx", "message": "HTTP Request: HEAD https://huggingface.co/BAAI/bge-m3/resolve/main/modules.json \"HTTP/1.1 307 Temporary Redirect\""}
{"asctime": "2026-09-01 14:07:24,396", "levelname": "INFO", "name": "httpx", "message": "HTTP Request: HEAD https://huggingface.co/api/resolve-cache/models/BAAI/bge-m3/5617a9f61b028005a4858fdac845db406aefb181/modules.json \"HTTP/1.1 200 OK\""}
{"asctime": "2026-09-01 14:07:24,744", "levelname": "INFO", "name": "httpx", "message": "HTTP Request: HEAD https://huggingface.co/BAAI/bge-m3/resolve/main/sentence_bert_config.json \"HTTP/1.1 307 Temporary Redirect\""}
{"asctime": "2026-09-01 14:07:24,764", "levelname": "INFO", "name": "httpx", "message": "HTTP Request: HEAD https://huggingface.co/api/resolve-cache/models/BAAI/bge-m3/5617a9f61b028005a4858fdac845db406aefb181/sentence_bert_config.json \"HTTP/1.1 200 OK\""}
{"asctime": "2026-09-01 14:07:25,074", "levelname": "INFO", "name": "httpx", "message": "HTTP Request: HEAD https://huggingface.co/BAAI/bge-m3/resolve/main/adapter_config.json \"HTTP/1.1 404 Not Found\""}
{"asctime": "2026-09-01 14:07:25,446", "levelname": "INFO", "name": "httpx", "message": "HTTP Request: HEAD https://huggingface.co/BAAI/bge-m3/resolve/main/config.json \"HTTP/1.1 307 Temporary Redirect\""}
{"asctime": "2026-09-01 14:07:25,928", "levelname": "INFO", "name": "httpx", "message": "HTTP Request: HEAD https://huggingface.co/api/resolve-cache/models/BAAI/bge-m3/5617a9f61b028005a4858fdac845db406aefb181/config.json \"HTTP/1.1 200 OK\""}
{"asctime": "2026-09-01 14:07:26,327", "levelname": "INFO", "name": "httpx", "message": "HTTP Request: HEAD https://huggingface.co/BAAI/bge-m3/resolve/main/model.safetensors \"HTTP/1.1 404 Not Found\""}
{"asctime": "2026-09-01 14:07:26,635", "levelname": "INFO", "name": "httpx", "message": "HTTP Request: GET https://huggingface.co/api/models/BAAI/bge-m3 \"HTTP/1.1 200 OK\""}
{"asctime": "2026-09-01 14:07:26,761", "levelname": "INFO", "name": "httpx", "message": "HTTP Request: HEAD https://huggingface.co/BAAI/bge-m3/resolve/main/processor_config.json \"HTTP/1.1 404 Not Found\""}
{"asctime": "2026-09-01 14:07:26,976", "levelname": "INFO", "name": "httpx", "message": "HTTP Request: GET https://huggingface.co/api/models/BAAI/bge-m3/commits/main \"HTTP/1.1 200 OK\""}
{"asctime": "2026-09-01 14:07:27,027", "levelname": "INFO", "name": "httpx", "message": "HTTP Request: HEAD https://huggingface.co/BAAI/bge-m3/resolve/main/preprocessor_config.json \"HTTP/1.1 404 Not Found\""}
{"asctime": "2026-09-01 14:07:27,318", "levelname": "INFO", "name": "httpx", "message": "HTTP Request: GET https://huggingface.co/api/models/BAAI/bge-m3/discussions?p=0 \"HTTP/1.1 200 OK\""}
{"asctime": "2026-09-01 14:07:27,328", "levelname": "INFO", "name": "httpx", "message": "HTTP Request: HEAD https://huggingface.co/BAAI/bge-m3/resolve/main/video_preprocessor_config.json \"HTTP/1.1 404 Not Found\""}
{"asctime": "2026-09-01 14:07:27,723", "levelname": "INFO", "name": "httpx", "message": "HTTP Request: HEAD https://huggingface.co/BAAI/bge-m3/resolve/main/preprocessor_config.json \"HTTP/1.1 404 Not Found\""}
{"asctime": "2026-09-01 14:07:27,724", "levelname": "INFO", "name": "httpx", "message": "HTTP Request: GET https://huggingface.co/api/models/BAAI/bge-m3/commits/refs%2Fpr%2F130 \"HTTP/1.1 200 OK\""}
{"asctime": "2026-09-01 14:07:28,022", "levelname": "INFO", "name": "httpx", "message": "HTTP Request: HEAD https://huggingface.co/BAAI/bge-m3/resolve/refs%2Fpr%2F130/model.safetensors.index.json \"HTTP/1.1 404 Not Found\""}
{"asctime": "2026-09-01 14:07:28,033", "levelname": "INFO", "name": "httpx", "message": "HTTP Request: HEAD https://huggingface.co/BAAI/bge-m3/resolve/main/tokenizer_config.json \"HTTP/1.1 307 Temporary Redirect\""}
{"asctime": "2026-09-01 14:07:28,081", "levelname": "INFO", "name": "httpx", "message": "HTTP Request: HEAD https://huggingface.co/api/resolve-cache/models/BAAI/bge-m3/5617a9f61b028005a4858fdac845db406aefb181/tokenizer_config.json \"HTTP/1.1 200 OK\""}
{"asctime": "2026-09-01 14:07:28,347", "levelname": "INFO", "name": "httpx", "message": "HTTP Request: HEAD https://huggingface.co/BAAI/bge-m3/resolve/refs%2Fpr%2F130/model.safetensors \"HTTP/1.1 302 Found\""}
{"asctime": "2026-09-01 14:07:28,358", "levelname": "INFO", "name": "httpx", "message": "HTTP Request: HEAD https://huggingface.co/BAAI/bge-m3/resolve/main/config.json \"HTTP/1.1 307 Temporary Redirect\""}
{"asctime": "2026-09-01 14:07:28,385", "levelname": "INFO", "name": "httpx", "message": "HTTP Request: HEAD https://huggingface.co/api/resolve-cache/models/BAAI/bge-m3/5617a9f61b028005a4858fdac845db406aefb181/config.json \"HTTP/1.1 200 OK\""}
{"asctime": "2026-09-01 14:07:28,795", "levelname": "INFO", "name": "httpx", "message": "HTTP Request: HEAD https://huggingface.co/BAAI/bge-m3/resolve/main/config.json \"HTTP/1.1 307 Temporary Redirect\""}
{"asctime": "2026-09-01 14:07:28,810", "levelname": "INFO", "name": "httpx", "message": "HTTP Request: HEAD https://huggingface.co/api/resolve-cache/models/BAAI/bge-m3/5617a9f61b028005a4858fdac845db406aefb181/config.json \"HTTP/1.1 200 OK\""}
{"asctime": "2026-09-01 14:07:29,075", "levelname": "INFO", "name": "httpx", "message": "HTTP Request: HEAD https://huggingface.co/BAAI/bge-m3/resolve/main/tokenizer_config.json \"HTTP/1.1 307 Temporary Redirect\""}
{"asctime": "2026-09-01 14:07:29,097", "levelname": "INFO", "name": "httpx", "message": "HTTP Request: HEAD https://huggingface.co/api/resolve-cache/models/BAAI/bge-m3/5617a9f61b028005a4858fdac845db406aefb181/tokenizer_config.json \"HTTP/1.1 200 OK\""}
{"asctime": "2026-09-01 14:07:29,407", "levelname": "INFO", "name": "httpx", "message": "HTTP Request: GET https://huggingface.co/api/models/BAAI/bge-m3/tree/main/additional_chat_templates?recursive=false&expand=false \"HTTP/1.1 404 Not Found\""}
{"asctime": "2026-09-01 14:07:29,705", "levelname": "INFO", "name": "httpx", "message": "HTTP Request: GET https://huggingface.co/api/models/BAAI/bge-m3/tree/main?recursive=true&expand=false \"HTTP/1.1 200 OK\""}
{"asctime": "2026-09-01 14:07:31,781", "levelname": "INFO", "name": "httpx", "message": "HTTP Request: GET https://huggingface.co/api/models/BAAI/bge-m3 \"HTTP/1.1 200 OK\""}
{"asctime": "2026-09-01 14:07:32,158", "levelname": "INFO", "name": "httpx", "message": "HTTP Request: HEAD https://huggingface.co/BAAI/bge-m3/resolve/main/1_Pooling/config.json \"HTTP/1.1 307 Temporary Redirect\""}
{"asctime": "2026-09-01 14:07:32,174", "levelname": "INFO", "name": "httpx", "message": "HTTP Request: HEAD https://huggingface.co/api/resolve-cache/models/BAAI/bge-m3/5617a9f61b028005a4858fdac845db406aefb181/1_Pooling%2Fconfig.json \"HTTP/1.1 200 OK\""}
{"asctime": "2026-09-01 14:07:33,229", "levelname": "INFO", "name": "httpx", "message": "HTTP Request: HEAD https://huggingface.co/BAAI/bge-m3/resolve/main/2_Normalize/config.json \"HTTP/1.1 404 Not Found\""}
{"asctime": "2026-09-01 14:07:33,549", "levelname": "INFO", "name": "httpx", "message": "HTTP Request: GET https://huggingface.co/api/models/BAAI/bge-m3 \"HTTP/1.1 200 OK\""}
{"asctime": "2026-09-01 14:07:35,844", "levelname": "INFO", "name": "sentence_transformers.base.model", "message": "No device provided, using mps"}
{"asctime": "2026-09-01 14:07:36,429", "levelname": "INFO", "name": "httpx", "message": "HTTP Request: HEAD https://huggingface.co/BAAI/bge-m3/resolve/main/modules.json \"HTTP/1.1 307 Temporary Redirect\""}
{"asctime": "2026-09-01 14:07:36,459", "levelname": "INFO", "name": "httpx", "message": "HTTP Request: HEAD https://huggingface.co/api/resolve-cache/models/BAAI/bge-m3/5617a9f61b028005a4858fdac845db406aefb181/modules.json \"HTTP/1.1 200 OK\""}
{"asctime": "2026-09-01 14:07:37,036", "levelname": "INFO", "name": "httpx", "message": "HTTP Request: HEAD https://huggingface.co/BAAI/bge-m3/resolve/main/config_sentence_transformers.json \"HTTP/1.1 307 Temporary Redirect\""}
{"asctime": "2026-09-01 14:07:37,049", "levelname": "INFO", "name": "httpx", "message": "HTTP Request: HEAD https://huggingface.co/api/resolve-cache/models/BAAI/bge-m3/5617a9f61b028005a4858fdac845db406aefb181/config_sentence_transformers.json \"HTTP/1.1 200 OK\""}
{"asctime": "2026-09-01 14:07:37,053", "levelname": "INFO", "name": "sentence_transformers.base.model", "message": "Loading SentenceTransformer model from BAAI/bge-m3."}
{"asctime": "2026-09-01 14:07:37,545", "levelname": "INFO", "name": "httpx", "message": "HTTP Request: HEAD https://huggingface.co/BAAI/bge-m3/resolve/main/config_sentence_transformers.json \"HTTP/1.1 307 Temporary Redirect\""}
{"asctime": "2026-09-01 14:07:37,573", "levelname": "INFO", "name": "httpx", "message": "HTTP Request: HEAD https://huggingface.co/api/resolve-cache/models/BAAI/bge-m3/5617a9f61b028005a4858fdac845db406aefb181/config_sentence_transformers.json \"HTTP/1.1 200 OK\""}
{"asctime": "2026-09-01 14:07:37,868", "levelname": "INFO", "name": "httpx", "message": "HTTP Request: HEAD https://huggingface.co/BAAI/bge-m3/resolve/main/README.md \"HTTP/1.1 307 Temporary Redirect\""}
{"asctime": "2026-09-01 14:07:37,892", "levelname": "INFO", "name": "httpx", "message": "HTTP Request: HEAD https://huggingface.co/api/resolve-cache/models/BAAI/bge-m3/5617a9f61b028005a4858fdac845db406aefb181/README.md \"HTTP/1.1 200 OK\""}
{"asctime": "2026-09-01 14:07:38,394", "levelname": "INFO", "name": "httpx", "message": "HTTP Request: HEAD https://huggingface.co/BAAI/bge-m3/resolve/main/modules.json \"HTTP/1.1 307 Temporary Redirect\""}
{"asctime": "2026-09-01 14:07:38,440", "levelname": "INFO", "name": "httpx", "message": "HTTP Request: HEAD https://huggingface.co/api/resolve-cache/models/BAAI/bge-m3/5617a9f61b028005a4858fdac845db406aefb181/modules.json \"HTTP/1.1 200 OK\""}
{"asctime": "2026-09-01 14:07:38,724", "levelname": "INFO", "name": "httpx", "message": "HTTP Request: HEAD https://huggingface.co/BAAI/bge-m3/resolve/main/sentence_bert_config.json \"HTTP/1.1 307 Temporary Redirect\""}
{"asctime": "2026-09-01 14:07:38,852", "levelname": "INFO", "name": "httpx", "message": "HTTP Request: HEAD https://huggingface.co/api/resolve-cache/models/BAAI/bge-m3/5617a9f61b028005a4858fdac845db406aefb181/sentence_bert_config.json \"HTTP/1.1 200 OK\""}
{"asctime": "2026-09-01 14:07:39,199", "levelname": "INFO", "name": "httpx", "message": "HTTP Request: HEAD https://huggingface.co/BAAI/bge-m3/resolve/main/adapter_config.json \"HTTP/1.1 404 Not Found\""}
{"asctime": "2026-09-01 14:07:39,683", "levelname": "INFO", "name": "httpx", "message": "HTTP Request: HEAD https://huggingface.co/BAAI/bge-m3/resolve/main/config.json \"HTTP/1.1 307 Temporary Redirect\""}
{"asctime": "2026-09-01 14:07:40,077", "levelname": "INFO", "name": "httpx", "message": "HTTP Request: HEAD https://huggingface.co/api/resolve-cache/models/BAAI/bge-m3/5617a9f61b028005a4858fdac845db406aefb181/config.json \"HTTP/1.1 200 OK\""}
{"asctime": "2026-09-01 14:07:40,457", "levelname": "INFO", "name": "httpx", "message": "HTTP Request: HEAD https://huggingface.co/BAAI/bge-m3/resolve/main/model.safetensors \"HTTP/1.1 404 Not Found\""}
{"asctime": "2026-09-01 14:07:40,857", "levelname": "INFO", "name": "httpx", "message": "HTTP Request: GET https://huggingface.co/api/models/BAAI/bge-m3 \"HTTP/1.1 200 OK\""}
{"asctime": "2026-09-01 14:07:41,176", "levelname": "INFO", "name": "httpx", "message": "HTTP Request: GET https://huggingface.co/api/models/BAAI/bge-m3/commits/main \"HTTP/1.1 200 OK\""}
{"asctime": "2026-09-01 14:07:41,447", "levelname": "INFO", "name": "httpx", "message": "HTTP Request: HEAD https://huggingface.co/BAAI/bge-m3/resolve/main/processor_config.json \"HTTP/1.1 404 Not Found\""}
{"asctime": "2026-09-01 14:07:41,521", "levelname": "INFO", "name": "httpx", "message": "HTTP Request: GET https://huggingface.co/api/models/BAAI/bge-m3/discussions?p=0 \"HTTP/1.1 200 OK\""}
{"asctime": "2026-09-01 14:07:41,777", "levelname": "INFO", "name": "httpx", "message": "HTTP Request: HEAD https://huggingface.co/BAAI/bge-m3/resolve/main/preprocessor_config.json \"HTTP/1.1 404 Not Found\""}
{"asctime": "2026-09-01 14:07:41,898", "levelname": "INFO", "name": "httpx", "message": "HTTP Request: GET https://huggingface.co/api/models/BAAI/bge-m3/commits/refs%2Fpr%2F130 \"HTTP/1.1 200 OK\""}
{"asctime": "2026-09-01 14:07:42,063", "levelname": "INFO", "name": "httpx", "message": "HTTP Request: HEAD https://huggingface.co/BAAI/bge-m3/resolve/main/video_preprocessor_config.json \"HTTP/1.1 404 Not Found\""}
{"asctime": "2026-09-01 14:07:42,161", "levelname": "INFO", "name": "httpx", "message": "HTTP Request: HEAD https://huggingface.co/BAAI/bge-m3/resolve/refs%2Fpr%2F130/model.safetensors.index.json \"HTTP/1.1 404 Not Found\""}
{"asctime": "2026-09-01 14:07:42,357", "levelname": "INFO", "name": "httpx", "message": "HTTP Request: HEAD https://huggingface.co/BAAI/bge-m3/resolve/main/preprocessor_config.json \"HTTP/1.1 404 Not Found\""}
{"asctime": "2026-09-01 14:07:42,439", "levelname": "INFO", "name": "httpx", "message": "HTTP Request: HEAD https://huggingface.co/BAAI/bge-m3/resolve/refs%2Fpr%2F130/model.safetensors \"HTTP/1.1 302 Found\""}
{"asctime": "2026-09-01 14:07:42,639", "levelname": "INFO", "name": "httpx", "message": "HTTP Request: HEAD https://huggingface.co/BAAI/bge-m3/resolve/main/tokenizer_config.json \"HTTP/1.1 307 Temporary Redirect\""}
{"asctime": "2026-09-01 14:07:42,670", "levelname": "INFO", "name": "httpx", "message": "HTTP Request: HEAD https://huggingface.co/api/resolve-cache/models/BAAI/bge-m3/5617a9f61b028005a4858fdac845db406aefb181/tokenizer_config.json \"HTTP/1.1 200 OK\""}
{"asctime": "2026-09-01 14:07:42,943", "levelname": "INFO", "name": "httpx", "message": "HTTP Request: HEAD https://huggingface.co/BAAI/bge-m3/resolve/main/config.json \"HTTP/1.1 307 Temporary Redirect\""}
{"asctime": "2026-09-01 14:07:42,959", "levelname": "INFO", "name": "httpx", "message": "HTTP Request: HEAD https://huggingface.co/api/resolve-cache/models/BAAI/bge-m3/5617a9f61b028005a4858fdac845db406aefb181/config.json \"HTTP/1.1 200 OK\""}
{"asctime": "2026-09-01 14:07:43,289", "levelname": "INFO", "name": "httpx", "message": "HTTP Request: HEAD https://huggingface.co/BAAI/bge-m3/resolve/main/config.json \"HTTP/1.1 307 Temporary Redirect\""}
{"asctime": "2026-09-01 14:07:43,303", "levelname": "INFO", "name": "httpx", "message": "HTTP Request: HEAD https://huggingface.co/api/resolve-cache/models/BAAI/bge-m3/5617a9f61b028005a4858fdac845db406aefb181/config.json \"HTTP/1.1 200 OK\""}
{"asctime": "2026-09-01 14:07:43,569", "levelname": "INFO", "name": "httpx", "message": "HTTP Request: HEAD https://huggingface.co/BAAI/bge-m3/resolve/main/tokenizer_config.json \"HTTP/1.1 307 Temporary Redirect\""}
{"asctime": "2026-09-01 14:07:43,596", "levelname": "INFO", "name": "httpx", "message": "HTTP Request: HEAD https://huggingface.co/api/resolve-cache/models/BAAI/bge-m3/5617a9f61b028005a4858fdac845db406aefb181/tokenizer_config.json \"HTTP/1.1 200 OK\""}
{"asctime": "2026-09-01 14:07:43,873", "levelname": "INFO", "name": "httpx", "message": "HTTP Request: GET https://huggingface.co/api/models/BAAI/bge-m3/tree/main/additional_chat_templates?recursive=false&expand=false \"HTTP/1.1 404 Not Found\""}
{"asctime": "2026-09-01 14:07:44,204", "levelname": "INFO", "name": "httpx", "message": "HTTP Request: GET https://huggingface.co/api/models/BAAI/bge-m3/tree/main?recursive=true&expand=false \"HTTP/1.1 200 OK\""}
{"asctime": "2026-09-01 14:07:45,545", "levelname": "INFO", "name": "httpx", "message": "HTTP Request: GET https://huggingface.co/api/models/BAAI/bge-m3 \"HTTP/1.1 200 OK\""}
{"asctime": "2026-09-01 14:07:45,938", "levelname": "INFO", "name": "httpx", "message": "HTTP Request: HEAD https://huggingface.co/BAAI/bge-m3/resolve/main/1_Pooling/config.json \"HTTP/1.1 307 Temporary Redirect\""}
{"asctime": "2026-09-01 14:07:45,962", "levelname": "INFO", "name": "httpx", "message": "HTTP Request: HEAD https://huggingface.co/api/resolve-cache/models/BAAI/bge-m3/5617a9f61b028005a4858fdac845db406aefb181/1_Pooling%2Fconfig.json \"HTTP/1.1 200 OK\""}
{"asctime": "2026-09-01 14:07:46,374", "levelname": "INFO", "name": "httpx", "message": "HTTP Request: HEAD https://huggingface.co/BAAI/bge-m3/resolve/main/2_Normalize/config.json \"HTTP/1.1 404 Not Found\""}
{"asctime": "2026-09-01 14:07:46,782", "levelname": "INFO", "name": "httpx", "message": "HTTP Request: GET https://huggingface.co/api/models/BAAI/bge-m3 \"HTTP/1.1 200 OK\""}
{"asctime": "2026-09-01 14:08:38,440", "levelname": "INFO", "name": "django.utils.autoreload", "message": "Watching for file changes with StatReloader"}
{"asctime": "2026-09-01 14:09:11,550", "levelname": "INFO", "name": "sentence_transformers.base.model", "message": "No device provided, using mps"}
{"asctime": "2026-09-01 14:09:11,988", "levelname": "INFO", "name": "httpx", "message": "HTTP Request: HEAD https://huggingface.co/BAAI/bge-m3/resolve/main/modules.json \"HTTP/1.1 307 Temporary Redirect\""}
{"asctime": "2026-09-01 14:09:11,988", "levelname": "WARNING", "name": "huggingface_hub.utils._http", "message": "Warning: You are sending unauthenticated requests to the HF Hub. Please set a HF_TOKEN to enable higher rate limits and faster downloads."}
{"asctime": "2026-09-01 14:09:12,006", "levelname": "INFO", "name": "httpx", "message": "HTTP Request: HEAD https://huggingface.co/api/resolve-cache/models/BAAI/bge-m3/5617a9f61b028005a4858fdac845db406aefb181/modules.json \"HTTP/1.1 200 OK\""}
{"asctime": "2026-09-01 14:09:12,289", "levelname": "INFO", "name": "httpx", "message": "HTTP Request: HEAD https://huggingface.co/BAAI/bge-m3/resolve/main/config_sentence_transformers.json \"HTTP/1.1 307 Temporary Redirect\""}
{"asctime": "2026-09-01 14:09:12,306", "levelname": "INFO", "name": "httpx", "message": "HTTP Request: HEAD https://huggingface.co/api/resolve-cache/models/BAAI/bge-m3/5617a9f61b028005a4858fdac845db406aefb181/config_sentence_transformers.json \"HTTP/1.1 200 OK\""}
{"asctime": "2026-09-01 14:09:12,309", "levelname": "INFO", "name": "sentence_transformers.base.model", "message": "Loading SentenceTransformer model from BAAI/bge-m3."}
{"asctime": "2026-09-01 14:09:12,676", "levelname": "INFO", "name": "httpx", "message": "HTTP Request: HEAD https://huggingface.co/BAAI/bge-m3/resolve/main/config_sentence_transformers.json \"HTTP/1.1 307 Temporary Redirect\""}
{"asctime": "2026-09-01 14:09:12,693", "levelname": "INFO", "name": "httpx", "message": "HTTP Request: HEAD https://huggingface.co/api/resolve-cache/models/BAAI/bge-m3/5617a9f61b028005a4858fdac845db406aefb181/config_sentence_transformers.json \"HTTP/1.1 200 OK\""}
{"asctime": "2026-09-01 14:09:12,967", "levelname": "INFO", "name": "httpx", "message": "HTTP Request: HEAD https://huggingface.co/BAAI/bge-m3/resolve/main/README.md \"HTTP/1.1 307 Temporary Redirect\""}
{"asctime": "2026-09-01 14:09:12,995", "levelname": "INFO", "name": "httpx", "message": "HTTP Request: HEAD https://huggingface.co/api/resolve-cache/models/BAAI/bge-m3/5617a9f61b028005a4858fdac845db406aefb181/README.md \"HTTP/1.1 200 OK\""}
{"asctime": "2026-09-01 14:09:13,267", "levelname": "INFO", "name": "httpx", "message": "HTTP Request: HEAD https://huggingface.co/BAAI/bge-m3/resolve/main/modules.json \"HTTP/1.1 307 Temporary Redirect\""}
{"asctime": "2026-09-01 14:09:13,381", "levelname": "INFO", "name": "httpx", "message": "HTTP Request: HEAD https://huggingface.co/api/resolve-cache/models/BAAI/bge-m3/5617a9f61b028005a4858fdac845db406aefb181/modules.json \"HTTP/1.1 200 OK\""}
{"asctime": "2026-09-01 14:09:13,729", "levelname": "INFO", "name": "httpx", "message": "HTTP Request: HEAD https://huggingface.co/BAAI/bge-m3/resolve/main/sentence_bert_config.json \"HTTP/1.1 307 Temporary Redirect\""}
{"asctime": "2026-09-01 14:09:13,772", "levelname": "INFO", "name": "httpx", "message": "HTTP Request: HEAD https://huggingface.co/api/resolve-cache/models/BAAI/bge-m3/5617a9f61b028005a4858fdac845db406aefb181/sentence_bert_config.json \"HTTP/1.1 200 OK\""}
{"asctime": "2026-09-01 14:09:14,044", "levelname": "INFO", "name": "httpx", "message": "HTTP Request: HEAD https://huggingface.co/BAAI/bge-m3/resolve/main/adapter_config.json \"HTTP/1.1 404 Not Found\""}
{"asctime": "2026-09-01 14:09:14,415", "levelname": "INFO", "name": "httpx", "message": "HTTP Request: HEAD https://huggingface.co/BAAI/bge-m3/resolve/main/config.json \"HTTP/1.1 307 Temporary Redirect\""}
{"asctime": "2026-09-01 14:09:14,426", "levelname": "INFO", "name": "httpx", "message": "HTTP Request: HEAD https://huggingface.co/api/resolve-cache/models/BAAI/bge-m3/5617a9f61b028005a4858fdac845db406aefb181/config.json \"HTTP/1.1 200 OK\""}
{"asctime": "2026-09-01 14:09:14,746", "levelname": "INFO", "name": "httpx", "message": "HTTP Request: HEAD https://huggingface.co/BAAI/bge-m3/resolve/main/model.safetensors \"HTTP/1.1 404 Not Found\""}
{"asctime": "2026-09-01 14:09:15,046", "levelname": "INFO", "name": "httpx", "message": "HTTP Request: GET https://huggingface.co/api/models/BAAI/bge-m3 \"HTTP/1.1 200 OK\""}
{"asctime": "2026-09-01 14:09:15,327", "levelname": "INFO", "name": "httpx", "message": "HTTP Request: HEAD https://huggingface.co/BAAI/bge-m3/resolve/main/processor_config.json \"HTTP/1.1 404 Not Found\""}
{"asctime": "2026-09-01 14:09:15,355", "levelname": "INFO", "name": "httpx", "message": "HTTP Request: GET https://huggingface.co/api/models/BAAI/bge-m3/commits/main \"HTTP/1.1 200 OK\""}
{"asctime": "2026-09-01 14:09:15,681", "levelname": "INFO", "name": "httpx", "message": "HTTP Request: HEAD https://huggingface.co/BAAI/bge-m3/resolve/main/preprocessor_config.json \"HTTP/1.1 404 Not Found\""}
{"asctime": "2026-09-01 14:09:15,683", "levelname": "INFO", "name": "httpx", "message": "HTTP Request: GET https://huggingface.co/api/models/BAAI/bge-m3/discussions?p=0 \"HTTP/1.1 200 OK\""}
{"asctime": "2026-09-01 14:09:15,968", "levelname": "INFO", "name": "httpx", "message": "HTTP Request: HEAD https://huggingface.co/BAAI/bge-m3/resolve/main/video_preprocessor_config.json \"HTTP/1.1 404 Not Found\""}
{"asctime": "2026-09-01 14:09:15,990", "levelname": "INFO", "name": "httpx", "message": "HTTP Request: GET https://huggingface.co/api/models/BAAI/bge-m3/commits/refs%2Fpr%2F130 \"HTTP/1.1 200 OK\""}
{"asctime": "2026-09-01 14:09:16,310", "levelname": "INFO", "name": "httpx", "message": "HTTP Request: HEAD https://huggingface.co/BAAI/bge-m3/resolve/main/preprocessor_config.json \"HTTP/1.1 404 Not Found\""}
{"asctime": "2026-09-01 14:09:16,311", "levelname": "INFO", "name": "httpx", "message": "HTTP Request: HEAD https://huggingface.co/BAAI/bge-m3/resolve/refs%2Fpr%2F130/model.safetensors.index.json \"HTTP/1.1 404 Not Found\""}
{"asctime": "2026-09-01 14:09:16,740", "levelname": "INFO", "name": "httpx", "message": "HTTP Request: HEAD https://huggingface.co/BAAI/bge-m3/resolve/refs%2Fpr%2F130/model.safetensors \"HTTP/1.1 302 Found\""}
{"asctime": "2026-09-01 14:09:16,741", "levelname": "INFO", "name": "httpx", "message": "HTTP Request: HEAD https://huggingface.co/BAAI/bge-m3/resolve/main/tokenizer_config.json \"HTTP/1.1 307 Temporary Redirect\""}
{"asctime": "2026-09-01 14:09:16,915", "levelname": "INFO", "name": "httpx", "message": "HTTP Request: HEAD https://huggingface.co/api/resolve-cache/models/BAAI/bge-m3/5617a9f61b028005a4858fdac845db406aefb181/tokenizer_config.json \"HTTP/1.1 200 OK\""}
{"asctime": "2026-09-01 14:09:17,204", "levelname": "INFO", "name": "httpx", "message": "HTTP Request: HEAD https://huggingface.co/BAAI/bge-m3/resolve/main/config.json \"HTTP/1.1 307 Temporary Redirect\""}
{"asctime": "2026-09-01 14:09:17,218", "levelname": "INFO", "name": "httpx", "message": "HTTP Request: HEAD https://huggingface.co/api/resolve-cache/models/BAAI/bge-m3/5617a9f61b028005a4858fdac845db406aefb181/config.json \"HTTP/1.1 200 OK\""}
{"asctime": "2026-09-01 14:09:17,479", "levelname": "INFO", "name": "httpx", "message": "HTTP Request: HEAD https://huggingface.co/BAAI/bge-m3/resolve/main/config.json \"HTTP/1.1 307 Temporary Redirect\""}
{"asctime": "2026-09-01 14:09:17,506", "levelname": "INFO", "name": "httpx", "message": "HTTP Request: HEAD https://huggingface.co/api/resolve-cache/models/BAAI/bge-m3/5617a9f61b028005a4858fdac845db406aefb181/config.json \"HTTP/1.1 200 OK\""}
{"asctime": "2026-09-01 14:09:18,010", "levelname": "INFO", "name": "httpx", "message": "HTTP Request: HEAD https://huggingface.co/BAAI/bge-m3/resolve/main/tokenizer_config.json \"HTTP/1.1 307 Temporary Redirect\""}
{"asctime": "2026-09-01 14:09:18,024", "levelname": "INFO", "name": "httpx", "message": "HTTP Request: HEAD https://huggingface.co/api/resolve-cache/models/BAAI/bge-m3/5617a9f61b028005a4858fdac845db406aefb181/tokenizer_config.json \"HTTP/1.1 200 OK\""}
{"asctime": "2026-09-01 14:09:18,355", "levelname": "INFO", "name": "httpx", "message": "HTTP Request: GET https://huggingface.co/api/models/BAAI/bge-m3/tree/main/additional_chat_templates?recursive=false&expand=false \"HTTP/1.1 404 Not Found\""}
{"asctime": "2026-09-01 14:09:18,736", "levelname": "INFO", "name": "httpx", "message": "HTTP Request: GET https://huggingface.co/api/models/BAAI/bge-m3/tree/main?recursive=true&expand=false \"HTTP/1.1 200 OK\""}
{"asctime": "2026-09-01 14:09:19,747", "levelname": "INFO", "name": "httpx", "message": "HTTP Request: GET https://huggingface.co/api/models/BAAI/bge-m3 \"HTTP/1.1 200 OK\""}
{"asctime": "2026-09-01 14:09:20,161", "levelname": "INFO", "name": "httpx", "message": "HTTP Request: HEAD https://huggingface.co/BAAI/bge-m3/resolve/main/1_Pooling/config.json \"HTTP/1.1 307 Temporary Redirect\""}
{"asctime": "2026-09-01 14:09:20,175", "levelname": "INFO", "name": "httpx", "message": "HTTP Request: HEAD https://huggingface.co/api/resolve-cache/models/BAAI/bge-m3/5617a9f61b028005a4858fdac845db406aefb181/1_Pooling%2Fconfig.json \"HTTP/1.1 200 OK\""}
{"asctime": "2026-09-01 14:09:20,439", "levelname": "INFO", "name": "httpx", "message": "HTTP Request: HEAD https://huggingface.co/BAAI/bge-m3/resolve/main/2_Normalize/config.json \"HTTP/1.1 404 Not Found\""}
{"asctime": "2026-09-01 14:09:20,795", "levelname": "INFO", "name": "httpx", "message": "HTTP Request: GET https://huggingface.co/api/models/BAAI/bge-m3 \"HTTP/1.1 200 OK\""}
{"asctime": "2026-09-01 14:20:37,783", "levelname": "INFO", "name": "sentence_transformers.base.model", "message": "No device provided, using mps"}
{"asctime": "2026-09-01 14:20:38,275", "levelname": "INFO", "name": "httpx", "message": "HTTP Request: HEAD https://huggingface.co/BAAI/bge-m3/resolve/main/modules.json \"HTTP/1.1 307 Temporary Redirect\""}
{"asctime": "2026-09-01 14:20:38,276", "levelname": "WARNING", "name": "huggingface_hub.utils._http", "message": "Warning: You are sending unauthenticated requests to the HF Hub. Please set a HF_TOKEN to enable higher rate limits and faster downloads."}
{"asctime": "2026-09-01 14:20:38,290", "levelname": "INFO", "name": "httpx", "message": "HTTP Request: HEAD https://huggingface.co/api/resolve-cache/models/BAAI/bge-m3/5617a9f61b028005a4858fdac845db406aefb181/modules.json \"HTTP/1.1 200 OK\""}
{"asctime": "2026-09-01 14:20:38,672", "levelname": "INFO", "name": "httpx", "message": "HTTP Request: HEAD https://huggingface.co/BAAI/bge-m3/resolve/main/config_sentence_transformers.json \"HTTP/1.1 307 Temporary Redirect\""}
{"asctime": "2026-09-01 14:20:38,690", "levelname": "INFO", "name": "httpx", "message": "HTTP Request: HEAD https://huggingface.co/api/resolve-cache/models/BAAI/bge-m3/5617a9f61b028005a4858fdac845db406aefb181/config_sentence_transformers.json \"HTTP/1.1 200 OK\""}
{"asctime": "2026-09-01 14:20:38,694", "levelname": "INFO", "name": "sentence_transformers.base.model", "message": "Loading SentenceTransformer model from BAAI/bge-m3."}
{"asctime": "2026-09-01 14:20:39,092", "levelname": "INFO", "name": "httpx", "message": "HTTP Request: HEAD https://huggingface.co/BAAI/bge-m3/resolve/main/config_sentence_transformers.json \"HTTP/1.1 307 Temporary Redirect\""}
{"asctime": "2026-09-01 14:20:39,105", "levelname": "INFO", "name": "httpx", "message": "HTTP Request: HEAD https://huggingface.co/api/resolve-cache/models/BAAI/bge-m3/5617a9f61b028005a4858fdac845db406aefb181/config_sentence_transformers.json \"HTTP/1.1 200 OK\""}
{"asctime": "2026-09-01 14:20:39,752", "levelname": "INFO", "name": "httpx", "message": "HTTP Request: HEAD https://huggingface.co/BAAI/bge-m3/resolve/main/README.md \"HTTP/1.1 307 Temporary Redirect\""}
{"asctime": "2026-09-01 14:20:39,776", "levelname": "INFO", "name": "httpx", "message": "HTTP Request: HEAD https://huggingface.co/api/resolve-cache/models/BAAI/bge-m3/5617a9f61b028005a4858fdac845db406aefb181/README.md \"HTTP/1.1 200 OK\""}
{"asctime": "2026-09-01 14:20:40,038", "levelname": "INFO", "name": "httpx", "message": "HTTP Request: HEAD https://huggingface.co/BAAI/bge-m3/resolve/main/modules.json \"HTTP/1.1 307 Temporary Redirect\""}
{"asctime": "2026-09-01 14:20:40,056", "levelname": "INFO", "name": "httpx", "message": "HTTP Request: HEAD https://huggingface.co/api/resolve-cache/models/BAAI/bge-m3/5617a9f61b028005a4858fdac845db406aefb181/modules.json \"HTTP/1.1 200 OK\""}
{"asctime": "2026-09-01 14:20:40,337", "levelname": "INFO", "name": "httpx", "message": "HTTP Request: HEAD https://huggingface.co/BAAI/bge-m3/resolve/main/sentence_bert_config.json \"HTTP/1.1 307 Temporary Redirect\""}
{"asctime": "2026-09-01 14:20:40,357", "levelname": "INFO", "name": "httpx", "message": "HTTP Request: HEAD https://huggingface.co/api/resolve-cache/models/BAAI/bge-m3/5617a9f61b028005a4858fdac845db406aefb181/sentence_bert_config.json \"HTTP/1.1 200 OK\""}
{"asctime": "2026-09-01 14:20:40,634", "levelname": "INFO", "name": "httpx", "message": "HTTP Request: HEAD https://huggingface.co/BAAI/bge-m3/resolve/main/adapter_config.json \"HTTP/1.1 404 Not Found\""}
{"asctime": "2026-09-01 14:20:40,967", "levelname": "INFO", "name": "httpx", "message": "HTTP Request: HEAD https://huggingface.co/BAAI/bge-m3/resolve/main/config.json \"HTTP/1.1 307 Temporary Redirect\""}
{"asctime": "2026-09-01 14:20:40,985", "levelname": "INFO", "name": "httpx", "message": "HTTP Request: HEAD https://huggingface.co/api/resolve-cache/models/BAAI/bge-m3/5617a9f61b028005a4858fdac845db406aefb181/config.json \"HTTP/1.1 200 OK\""}
{"asctime": "2026-09-01 14:20:41,436", "levelname": "INFO", "name": "httpx", "message": "HTTP Request: HEAD https://huggingface.co/BAAI/bge-m3/resolve/main/model.safetensors \"HTTP/1.1 404 Not Found\""}
{"asctime": "2026-09-01 14:20:42,088", "levelname": "INFO", "name": "httpx", "message": "HTTP Request: GET https://huggingface.co/api/models/BAAI/bge-m3 \"HTTP/1.1 200 OK\""}
{"asctime": "2026-09-01 14:20:42,123", "levelname": "INFO", "name": "httpx", "message": "HTTP Request: HEAD https://huggingface.co/BAAI/bge-m3/resolve/main/processor_config.json \"HTTP/1.1 404 Not Found\""}
{"asctime": "2026-09-01 14:20:42,370", "levelname": "INFO", "name": "httpx", "message": "HTTP Request: GET https://huggingface.co/api/models/BAAI/bge-m3/commits/main \"HTTP/1.1 200 OK\""}
{"asctime": "2026-09-01 14:20:42,380", "levelname": "INFO", "name": "httpx", "message": "HTTP Request: HEAD https://huggingface.co/BAAI/bge-m3/resolve/main/preprocessor_config.json \"HTTP/1.1 404 Not Found\""}
{"asctime": "2026-09-01 14:20:42,640", "levelname": "INFO", "name": "httpx", "message": "HTTP Request: HEAD https://huggingface.co/BAAI/bge-m3/resolve/main/video_preprocessor_config.json \"HTTP/1.1 404 Not Found\""}
{"asctime": "2026-09-01 14:20:42,692", "levelname": "INFO", "name": "httpx", "message": "HTTP Request: GET https://huggingface.co/api/models/BAAI/bge-m3/discussions?p=0 \"HTTP/1.1 200 OK\""}
{"asctime": "2026-09-01 14:20:42,908", "levelname": "INFO", "name": "httpx", "message": "HTTP Request: HEAD https://huggingface.co/BAAI/bge-m3/resolve/main/preprocessor_config.json \"HTTP/1.1 404 Not Found\""}
{"asctime": "2026-09-01 14:20:42,988", "levelname": "INFO", "name": "httpx", "message": "HTTP Request: GET https://huggingface.co/api/models/BAAI/bge-m3/commits/refs%2Fpr%2F130 \"HTTP/1.1 200 OK\""}
{"asctime": "2026-09-01 14:20:43,172", "levelname": "INFO", "name": "httpx", "message": "HTTP Request: HEAD https://huggingface.co/BAAI/bge-m3/resolve/main/tokenizer_config.json \"HTTP/1.1 307 Temporary Redirect\""}
{"asctime": "2026-09-01 14:20:43,197", "levelname": "INFO", "name": "httpx", "message": "HTTP Request: HEAD https://huggingface.co/api/resolve-cache/models/BAAI/bge-m3/5617a9f61b028005a4858fdac845db406aefb181/tokenizer_config.json \"HTTP/1.1 200 OK\""}
{"asctime": "2026-09-01 14:20:43,276", "levelname": "INFO", "name": "httpx", "message": "HTTP Request: HEAD https://huggingface.co/BAAI/bge-m3/resolve/refs%2Fpr%2F130/model.safetensors.index.json \"HTTP/1.1 404 Not Found\""}
{"asctime": "2026-09-01 14:20:43,617", "levelname": "INFO", "name": "httpx", "message": "HTTP Request: HEAD https://huggingface.co/BAAI/bge-m3/resolve/main/config.json \"HTTP/1.1 307 Temporary Redirect\""}
{"asctime": "2026-09-01 14:20:43,618", "levelname": "INFO", "name": "httpx", "message": "HTTP Request: HEAD https://huggingface.co/BAAI/bge-m3/resolve/refs%2Fpr%2F130/model.safetensors \"HTTP/1.1 302 Found\""}
{"asctime": "2026-09-01 14:20:43,635", "levelname": "INFO", "name": "httpx", "message": "HTTP Request: HEAD https://huggingface.co/api/resolve-cache/models/BAAI/bge-m3/5617a9f61b028005a4858fdac845db406aefb181/config.json \"HTTP/1.1 200 OK\""}
{"asctime": "2026-09-01 14:20:43,932", "levelname": "INFO", "name": "httpx", "message": "HTTP Request: HEAD https://huggingface.co/BAAI/bge-m3/resolve/main/config.json \"HTTP/1.1 307 Temporary Redirect\""}
{"asctime": "2026-09-01 14:20:43,948", "levelname": "INFO", "name": "httpx", "message": "HTTP Request: HEAD https://huggingface.co/api/resolve-cache/models/BAAI/bge-m3/5617a9f61b028005a4858fdac845db406aefb181/config.json \"HTTP/1.1 200 OK\""}
{"asctime": "2026-09-01 14:20:44,277", "levelname": "INFO", "name": "httpx", "message": "HTTP Request: HEAD https://huggingface.co/BAAI/bge-m3/resolve/main/tokenizer_config.json \"HTTP/1.1 307 Temporary Redirect\""}
{"asctime": "2026-09-01 14:20:44,311", "levelname": "INFO", "name": "httpx", "message": "HTTP Request: HEAD https://huggingface.co/api/resolve-cache/models/BAAI/bge-m3/5617a9f61b028005a4858fdac845db406aefb181/tokenizer_config.json \"HTTP/1.1 200 OK\""}
{"asctime": "2026-09-01 14:20:44,805", "levelname": "INFO", "name": "httpx", "message": "HTTP Request: GET https://huggingface.co/api/models/BAAI/bge-m3/tree/main/additional_chat_templates?recursive=false&expand=false \"HTTP/1.1 404 Not Found\""}
{"asctime": "2026-09-01 14:20:45,115", "levelname": "INFO", "name": "httpx", "message": "HTTP Request: GET https://huggingface.co/api/models/BAAI/bge-m3/tree/main?recursive=true&expand=false \"HTTP/1.1 200 OK\""}
{"asctime": "2026-09-01 14:20:46,382", "levelname": "INFO", "name": "httpx", "message": "HTTP Request: GET https://huggingface.co/api/models/BAAI/bge-m3 \"HTTP/1.1 200 OK\""}
{"asctime": "2026-09-01 14:20:46,678", "levelname": "INFO", "name": "httpx", "message": "HTTP Request: HEAD https://huggingface.co/BAAI/bge-m3/resolve/main/1_Pooling/config.json \"HTTP/1.1 307 Temporary Redirect\""}
{"asctime": "2026-09-01 14:20:46,690", "levelname": "INFO", "name": "httpx", "message": "HTTP Request: HEAD https://huggingface.co/api/resolve-cache/models/BAAI/bge-m3/5617a9f61b028005a4858fdac845db406aefb181/1_Pooling%2Fconfig.json \"HTTP/1.1 200 OK\""}
{"asctime": "2026-09-01 14:20:47,054", "levelname": "INFO", "name": "httpx", "message": "HTTP Request: HEAD https://huggingface.co/BAAI/bge-m3/resolve/main/2_Normalize/config.json \"HTTP/1.1 404 Not Found\""}
{"asctime": "2026-09-01 14:20:47,401", "levelname": "INFO", "name": "httpx", "message": "HTTP Request: GET https://huggingface.co/api/models/BAAI/bge-m3 \"HTTP/1.1 200 OK\""}
{"asctime": "2026-09-01 14:23:50,418", "levelname": "INFO", "name": "django.utils.autoreload", "message": "/Users/arga/Kementerian-HAM/rag_project/config/settings.py changed, reloading."}
{"asctime": "2026-09-01 14:23:51,199", "levelname": "INFO", "name": "django.utils.autoreload", "message": "Watching for file changes with StatReloader"}
{"asctime": "2026-09-01 14:24:16,300", "levelname": "INFO", "name": "sentence_transformers.base.model", "message": "No device provided, using mps"}
{"asctime": "2026-09-01 14:24:16,601", "levelname": "INFO", "name": "httpx", "message": "HTTP Request: HEAD https://huggingface.co/BAAI/bge-m3/resolve/main/modules.json \"HTTP/1.1 307 Temporary Redirect\""}
{"asctime": "2026-09-01 14:24:16,602", "levelname": "WARNING", "name": "huggingface_hub.utils._http", "message": "Warning: You are sending unauthenticated requests to the HF Hub. Please set a HF_TOKEN to enable higher rate limits and faster downloads."}
{"asctime": "2026-09-01 14:24:16,625", "levelname": "INFO", "name": "httpx", "message": "HTTP Request: HEAD https://huggingface.co/api/resolve-cache/models/BAAI/bge-m3/5617a9f61b028005a4858fdac845db406aefb181/modules.json \"HTTP/1.1 200 OK\""}
{"asctime": "2026-09-01 14:24:16,983", "levelname": "INFO", "name": "httpx", "message": "HTTP Request: HEAD https://huggingface.co/BAAI/bge-m3/resolve/main/config_sentence_transformers.json \"HTTP/1.1 307 Temporary Redirect\""}
{"asctime": "2026-09-01 14:24:16,999", "levelname": "INFO", "name": "httpx", "message": "HTTP Request: HEAD https://huggingface.co/api/resolve-cache/models/BAAI/bge-m3/5617a9f61b028005a4858fdac845db406aefb181/config_sentence_transformers.json \"HTTP/1.1 200 OK\""}
{"asctime": "2026-09-01 14:24:17,003", "levelname": "INFO", "name": "sentence_transformers.base.model", "message": "Loading SentenceTransformer model from BAAI/bge-m3."}
{"asctime": "2026-09-01 14:24:17,273", "levelname": "INFO", "name": "httpx", "message": "HTTP Request: HEAD https://huggingface.co/BAAI/bge-m3/resolve/main/config_sentence_transformers.json \"HTTP/1.1 307 Temporary Redirect\""}
{"asctime": "2026-09-01 14:24:17,320", "levelname": "INFO", "name": "httpx", "message": "HTTP Request: HEAD https://huggingface.co/api/resolve-cache/models/BAAI/bge-m3/5617a9f61b028005a4858fdac845db406aefb181/config_sentence_transformers.json \"HTTP/1.1 200 OK\""}
{"asctime": "2026-09-01 14:24:17,593", "levelname": "INFO", "name": "httpx", "message": "HTTP Request: HEAD https://huggingface.co/BAAI/bge-m3/resolve/main/README.md \"HTTP/1.1 307 Temporary Redirect\""}
{"asctime": "2026-09-01 14:24:17,606", "levelname": "INFO", "name": "httpx", "message": "HTTP Request: HEAD https://huggingface.co/api/resolve-cache/models/BAAI/bge-m3/5617a9f61b028005a4858fdac845db406aefb181/README.md \"HTTP/1.1 200 OK\""}
{"asctime": "2026-09-01 14:24:18,011", "levelname": "INFO", "name": "httpx", "message": "HTTP Request: HEAD https://huggingface.co/BAAI/bge-m3/resolve/main/modules.json \"HTTP/1.1 307 Temporary Redirect\""}
{"asctime": "2026-09-01 14:24:18,032", "levelname": "INFO", "name": "httpx", "message": "HTTP Request: HEAD https://huggingface.co/api/resolve-cache/models/BAAI/bge-m3/5617a9f61b028005a4858fdac845db406aefb181/modules.json \"HTTP/1.1 200 OK\""}
{"asctime": "2026-09-01 14:24:18,304", "levelname": "INFO", "name": "httpx", "message": "HTTP Request: HEAD https://huggingface.co/BAAI/bge-m3/resolve/main/sentence_bert_config.json \"HTTP/1.1 307 Temporary Redirect\""}
{"asctime": "2026-09-01 14:24:18,323", "levelname": "INFO", "name": "httpx", "message": "HTTP Request: HEAD https://huggingface.co/api/resolve-cache/models/BAAI/bge-m3/5617a9f61b028005a4858fdac845db406aefb181/sentence_bert_config.json \"HTTP/1.1 200 OK\""}
{"asctime": "2026-09-01 14:24:18,591", "levelname": "INFO", "name": "httpx", "message": "HTTP Request: HEAD https://huggingface.co/BAAI/bge-m3/resolve/main/adapter_config.json \"HTTP/1.1 404 Not Found\""}
{"asctime": "2026-09-01 14:24:18,938", "levelname": "INFO", "name": "httpx", "message": "HTTP Request: HEAD https://huggingface.co/BAAI/bge-m3/resolve/main/config.json \"HTTP/1.1 307 Temporary Redirect\""}
{"asctime": "2026-09-01 14:24:18,952", "levelname": "INFO", "name": "httpx", "message": "HTTP Request: HEAD https://huggingface.co/api/resolve-cache/models/BAAI/bge-m3/5617a9f61b028005a4858fdac845db406aefb181/config.json \"HTTP/1.1 200 OK\""}
{"asctime": "2026-09-01 14:24:19,269", "levelname": "INFO", "name": "httpx", "message": "HTTP Request: HEAD https://huggingface.co/BAAI/bge-m3/resolve/main/model.safetensors \"HTTP/1.1 404 Not Found\""}
{"asctime": "2026-09-01 14:24:19,530", "levelname": "INFO", "name": "httpx", "message": "HTTP Request: GET https://huggingface.co/api/models/BAAI/bge-m3 \"HTTP/1.1 200 OK\""}
{"asctime": "2026-09-01 14:24:19,675", "levelname": "INFO", "name": "httpx", "message": "HTTP Request: HEAD https://huggingface.co/BAAI/bge-m3/resolve/main/processor_config.json \"HTTP/1.1 404 Not Found\""}
{"asctime": "2026-09-01 14:24:19,822", "levelname": "INFO", "name": "httpx", "message": "HTTP Request: GET https://huggingface.co/api/models/BAAI/bge-m3/commits/main \"HTTP/1.1 200 OK\""}
{"asctime": "2026-09-01 14:24:19,993", "levelname": "INFO", "name": "httpx", "message": "HTTP Request: HEAD https://huggingface.co/BAAI/bge-m3/resolve/main/preprocessor_config.json \"HTTP/1.1 404 Not Found\""}
{"asctime": "2026-09-01 14:24:20,146", "levelname": "INFO", "name": "httpx", "message": "HTTP Request: GET https://huggingface.co/api/models/BAAI/bge-m3/discussions?p=0 \"HTTP/1.1 200 OK\""}
{"asctime": "2026-09-01 14:24:20,269", "levelname": "INFO", "name": "httpx", "message": "HTTP Request: HEAD https://huggingface.co/BAAI/bge-m3/resolve/main/video_preprocessor_config.json \"HTTP/1.1 404 Not Found\""}
{"asctime": "2026-09-01 14:24:20,431", "levelname": "INFO", "name": "httpx", "message": "HTTP Request: GET https://huggingface.co/api/models/BAAI/bge-m3/commits/refs%2Fpr%2F130 \"HTTP/1.1 200 OK\""}
{"asctime": "2026-09-01 14:24:20,540", "levelname": "INFO", "name": "httpx", "message": "HTTP Request: HEAD https://huggingface.co/BAAI/bge-m3/resolve/main/preprocessor_config.json \"HTTP/1.1 404 Not Found\""}
{"asctime": "2026-09-01 14:24:20,693", "levelname": "INFO", "name": "httpx", "message": "HTTP Request: HEAD https://huggingface.co/BAAI/bge-m3/resolve/refs%2Fpr%2F130/model.safetensors.index.json \"HTTP/1.1 404 Not Found\""}
{"asctime": "2026-09-01 14:24:20,820", "levelname": "INFO", "name": "httpx", "message": "HTTP Request: HEAD https://huggingface.co/BAAI/bge-m3/resolve/main/tokenizer_config.json \"HTTP/1.1 307 Temporary Redirect\""}
{"asctime": "2026-09-01 14:24:20,835", "levelname": "INFO", "name": "httpx", "message": "HTTP Request: HEAD https://huggingface.co/api/resolve-cache/models/BAAI/bge-m3/5617a9f61b028005a4858fdac845db406aefb181/tokenizer_config.json \"HTTP/1.1 200 OK\""}
{"asctime": "2026-09-01 14:24:21,002", "levelname": "INFO", "name": "httpx", "message": "HTTP Request: HEAD https://huggingface.co/BAAI/bge-m3/resolve/refs%2Fpr%2F130/model.safetensors \"HTTP/1.1 302 Found\""}
{"asctime": "2026-09-01 14:24:21,128", "levelname": "INFO", "name": "httpx", "message": "HTTP Request: HEAD https://huggingface.co/BAAI/bge-m3/resolve/main/config.json \"HTTP/1.1 307 Temporary Redirect\""}
{"asctime": "2026-09-01 14:24:21,273", "levelname": "INFO", "name": "httpx", "message": "HTTP Request: HEAD https://huggingface.co/api/resolve-cache/models/BAAI/bge-m3/5617a9f61b028005a4858fdac845db406aefb181/config.json \"HTTP/1.1 200 OK\""}
{"asctime": "2026-09-01 14:24:21,612", "levelname": "INFO", "name": "httpx", "message": "HTTP Request: HEAD https://huggingface.co/BAAI/bge-m3/resolve/main/config.json \"HTTP/1.1 307 Temporary Redirect\""}
{"asctime": "2026-09-01 14:24:21,632", "levelname": "INFO", "name": "httpx", "message": "HTTP Request: HEAD https://huggingface.co/api/resolve-cache/models/BAAI/bge-m3/5617a9f61b028005a4858fdac845db406aefb181/config.json \"HTTP/1.1 200 OK\""}
{"asctime": "2026-09-01 14:24:21,934", "levelname": "INFO", "name": "httpx", "message": "HTTP Request: HEAD https://huggingface.co/BAAI/bge-m3/resolve/main/tokenizer_config.json \"HTTP/1.1 307 Temporary Redirect\""}
{"asctime": "2026-09-01 14:24:21,954", "levelname": "INFO", "name": "httpx", "message": "HTTP Request: HEAD https://huggingface.co/api/resolve-cache/models/BAAI/bge-m3/5617a9f61b028005a4858fdac845db406aefb181/tokenizer_config.json \"HTTP/1.1 200 OK\""}
{"asctime": "2026-09-01 14:24:22,228", "levelname": "INFO", "name": "httpx", "message": "HTTP Request: GET https://huggingface.co/api/models/BAAI/bge-m3/tree/main/additional_chat_templates?recursive=false&expand=false \"HTTP/1.1 404 Not Found\""}
{"asctime": "2026-09-01 14:24:22,534", "levelname": "INFO", "name": "httpx", "message": "HTTP Request: GET https://huggingface.co/api/models/BAAI/bge-m3/tree/main?recursive=true&expand=false \"HTTP/1.1 200 OK\""}
{"asctime": "2026-09-01 14:24:23,590", "levelname": "INFO", "name": "httpx", "message": "HTTP Request: GET https://huggingface.co/api/models/BAAI/bge-m3 \"HTTP/1.1 200 OK\""}
{"asctime": "2026-09-01 14:24:23,907", "levelname": "INFO", "name": "httpx", "message": "HTTP Request: HEAD https://huggingface.co/BAAI/bge-m3/resolve/main/1_Pooling/config.json \"HTTP/1.1 307 Temporary Redirect\""}
{"asctime": "2026-09-01 14:24:23,946", "levelname": "INFO", "name": "httpx", "message": "HTTP Request: HEAD https://huggingface.co/api/resolve-cache/models/BAAI/bge-m3/5617a9f61b028005a4858fdac845db406aefb181/1_Pooling%2Fconfig.json \"HTTP/1.1 200 OK\""}
{"asctime": "2026-09-01 14:24:24,213", "levelname": "INFO", "name": "httpx", "message": "HTTP Request: HEAD https://huggingface.co/BAAI/bge-m3/resolve/main/2_Normalize/config.json \"HTTP/1.1 404 Not Found\""}
{"asctime": "2026-09-01 14:24:24,662", "levelname": "INFO", "name": "httpx", "message": "HTTP Request: GET https://huggingface.co/api/models/BAAI/bge-m3 \"HTTP/1.1 200 OK\""}
{"asctime": "2026-09-01 14:27:10,143", "levelname": "INFO", "name": "sentence_transformers.base.model", "message": "No device provided, using mps"}
{"asctime": "2026-09-01 14:27:10,500", "levelname": "INFO", "name": "httpx", "message": "HTTP Request: HEAD https://huggingface.co/BAAI/bge-m3/resolve/main/modules.json \"HTTP/1.1 307 Temporary Redirect\""}
{"asctime": "2026-09-01 14:27:10,519", "levelname": "INFO", "name": "httpx", "message": "HTTP Request: HEAD https://huggingface.co/api/resolve-cache/models/BAAI/bge-m3/5617a9f61b028005a4858fdac845db406aefb181/modules.json \"HTTP/1.1 200 OK\""}
{"asctime": "2026-09-01 14:27:10,799", "levelname": "INFO", "name": "httpx", "message": "HTTP Request: HEAD https://huggingface.co/BAAI/bge-m3/resolve/main/config_sentence_transformers.json \"HTTP/1.1 307 Temporary Redirect\""}
{"asctime": "2026-09-01 14:27:10,847", "levelname": "INFO", "name": "httpx", "message": "HTTP Request: HEAD https://huggingface.co/api/resolve-cache/models/BAAI/bge-m3/5617a9f61b028005a4858fdac845db406aefb181/config_sentence_transformers.json \"HTTP/1.1 200 OK\""}
{"asctime": "2026-09-01 14:27:10,848", "levelname": "INFO", "name": "sentence_transformers.base.model", "message": "Loading SentenceTransformer model from BAAI/bge-m3."}
{"asctime": "2026-09-01 14:27:11,155", "levelname": "INFO", "name": "httpx", "message": "HTTP Request: HEAD https://huggingface.co/BAAI/bge-m3/resolve/main/config_sentence_transformers.json \"HTTP/1.1 307 Temporary Redirect\""}
{"asctime": "2026-09-01 14:27:11,190", "levelname": "INFO", "name": "httpx", "message": "HTTP Request: HEAD https://huggingface.co/api/resolve-cache/models/BAAI/bge-m3/5617a9f61b028005a4858fdac845db406aefb181/config_sentence_transformers.json \"HTTP/1.1 200 OK\""}
{"asctime": "2026-09-01 14:27:11,800", "levelname": "INFO", "name": "httpx", "message": "HTTP Request: HEAD https://huggingface.co/BAAI/bge-m3/resolve/main/README.md \"HTTP/1.1 307 Temporary Redirect\""}
{"asctime": "2026-09-01 14:27:11,831", "levelname": "INFO", "name": "httpx", "message": "HTTP Request: HEAD https://huggingface.co/api/resolve-cache/models/BAAI/bge-m3/5617a9f61b028005a4858fdac845db406aefb181/README.md \"HTTP/1.1 200 OK\""}
{"asctime": "2026-09-01 14:27:12,202", "levelname": "INFO", "name": "httpx", "message": "HTTP Request: HEAD https://huggingface.co/BAAI/bge-m3/resolve/main/modules.json \"HTTP/1.1 307 Temporary Redirect\""}
{"asctime": "2026-09-01 14:27:12,220", "levelname": "INFO", "name": "httpx", "message": "HTTP Request: HEAD https://huggingface.co/api/resolve-cache/models/BAAI/bge-m3/5617a9f61b028005a4858fdac845db406aefb181/modules.json \"HTTP/1.1 200 OK\""}
{"asctime": "2026-09-01 14:27:12,481", "levelname": "INFO", "name": "httpx", "message": "HTTP Request: HEAD https://huggingface.co/BAAI/bge-m3/resolve/main/sentence_bert_config.json \"HTTP/1.1 307 Temporary Redirect\""}
{"asctime": "2026-09-01 14:27:12,510", "levelname": "INFO", "name": "httpx", "message": "HTTP Request: HEAD https://huggingface.co/api/resolve-cache/models/BAAI/bge-m3/5617a9f61b028005a4858fdac845db406aefb181/sentence_bert_config.json \"HTTP/1.1 200 OK\""}
{"asctime": "2026-09-01 14:27:12,773", "levelname": "INFO", "name": "httpx", "message": "HTTP Request: HEAD https://huggingface.co/BAAI/bge-m3/resolve/main/adapter_config.json \"HTTP/1.1 404 Not Found\""}
{"asctime": "2026-09-01 14:27:13,041", "levelname": "INFO", "name": "httpx", "message": "HTTP Request: HEAD https://huggingface.co/BAAI/bge-m3/resolve/main/config.json \"HTTP/1.1 307 Temporary Redirect\""}
{"asctime": "2026-09-01 14:27:13,054", "levelname": "INFO", "name": "httpx", "message": "HTTP Request: HEAD https://huggingface.co/api/resolve-cache/models/BAAI/bge-m3/5617a9f61b028005a4858fdac845db406aefb181/config.json \"HTTP/1.1 200 OK\""}
{"asctime": "2026-09-01 14:27:13,352", "levelname": "INFO", "name": "httpx", "message": "HTTP Request: HEAD https://huggingface.co/BAAI/bge-m3/resolve/main/model.safetensors \"HTTP/1.1 404 Not Found\""}
{"asctime": "2026-09-01 14:27:13,633", "levelname": "INFO", "name": "httpx", "message": "HTTP Request: GET https://huggingface.co/api/models/BAAI/bge-m3 \"HTTP/1.1 200 OK\""}
{"asctime": "2026-09-01 14:27:13,741", "levelname": "INFO", "name": "httpx", "message": "HTTP Request: HEAD https://huggingface.co/BAAI/bge-m3/resolve/main/processor_config.json \"HTTP/1.1 404 Not Found\""}
{"asctime": "2026-09-01 14:27:13,938", "levelname": "INFO", "name": "httpx", "message": "HTTP Request: GET https://huggingface.co/api/models/BAAI/bge-m3/commits/main \"HTTP/1.1 200 OK\""}
{"asctime": "2026-09-01 14:27:14,020", "levelname": "INFO", "name": "httpx", "message": "HTTP Request: HEAD https://huggingface.co/BAAI/bge-m3/resolve/main/preprocessor_config.json \"HTTP/1.1 404 Not Found\""}
{"asctime": "2026-09-01 14:27:14,354", "levelname": "INFO", "name": "httpx", "message": "HTTP Request: GET https://huggingface.co/api/models/BAAI/bge-m3/discussions?p=0 \"HTTP/1.1 200 OK\""}
{"asctime": "2026-09-01 14:27:14,360", "levelname": "INFO", "name": "httpx", "message": "HTTP Request: HEAD https://huggingface.co/BAAI/bge-m3/resolve/main/video_preprocessor_config.json \"HTTP/1.1 404 Not Found\""}
{"asctime": "2026-09-01 14:27:14,640", "levelname": "INFO", "name": "httpx", "message": "HTTP Request: HEAD https://huggingface.co/BAAI/bge-m3/resolve/main/preprocessor_config.json \"HTTP/1.1 404 Not Found\""}
{"asctime": "2026-09-01 14:27:14,658", "levelname": "INFO", "name": "httpx", "message": "HTTP Request: GET https://huggingface.co/api/models/BAAI/bge-m3/commits/refs%2Fpr%2F130 \"HTTP/1.1 200 OK\""}
{"asctime": "2026-09-01 14:27:14,988", "levelname": "INFO", "name": "httpx", "message": "HTTP Request: HEAD https://huggingface.co/BAAI/bge-m3/resolve/main/tokenizer_config.json \"HTTP/1.1 307 Temporary Redirect\""}
{"asctime": "2026-09-01 14:27:14,990", "levelname": "INFO", "name": "httpx", "message": "HTTP Request: HEAD https://huggingface.co/BAAI/bge-m3/resolve/refs%2Fpr%2F130/model.safetensors.index.json \"HTTP/1.1 404 Not Found\""}
{"asctime": "2026-09-01 14:27:15,088", "levelname": "INFO", "name": "httpx", "message": "HTTP Request: HEAD https://huggingface.co/api/resolve-cache/models/BAAI/bge-m3/5617a9f61b028005a4858fdac845db406aefb181/tokenizer_config.json \"HTTP/1.1 200 OK\""}
{"asctime": "2026-09-01 14:27:15,268", "levelname": "INFO", "name": "httpx", "message": "HTTP Request: HEAD https://huggingface.co/BAAI/bge-m3/resolve/refs%2Fpr%2F130/model.safetensors \"HTTP/1.1 302 Found\""}
{"asctime": "2026-09-01 14:27:15,517", "levelname": "INFO", "name": "httpx", "message": "HTTP Request: HEAD https://huggingface.co/BAAI/bge-m3/resolve/main/config.json \"HTTP/1.1 307 Temporary Redirect\""}
{"asctime": "2026-09-01 14:27:15,553", "levelname": "INFO", "name": "httpx", "message": "HTTP Request: HEAD https://huggingface.co/api/resolve-cache/models/BAAI/bge-m3/5617a9f61b028005a4858fdac845db406aefb181/config.json \"HTTP/1.1 200 OK\""}
{"asctime": "2026-09-01 14:27:16,233", "levelname": "INFO", "name": "httpx", "message": "HTTP Request: HEAD https://huggingface.co/BAAI/bge-m3/resolve/main/config.json \"HTTP/1.1 307 Temporary Redirect\""}
{"asctime": "2026-09-01 14:27:16,278", "levelname": "INFO", "name": "httpx", "message": "HTTP Request: HEAD https://huggingface.co/api/resolve-cache/models/BAAI/bge-m3/5617a9f61b028005a4858fdac845db406aefb181/config.json \"HTTP/1.1 200 OK\""}
{"asctime": "2026-09-01 14:27:16,725", "levelname": "INFO", "name": "httpx", "message": "HTTP Request: HEAD https://huggingface.co/BAAI/bge-m3/resolve/main/tokenizer_config.json \"HTTP/1.1 307 Temporary Redirect\""}
{"asctime": "2026-09-01 14:27:16,740", "levelname": "INFO", "name": "httpx", "message": "HTTP Request: HEAD https://huggingface.co/api/resolve-cache/models/BAAI/bge-m3/5617a9f61b028005a4858fdac845db406aefb181/tokenizer_config.json \"HTTP/1.1 200 OK\""}
{"asctime": "2026-09-01 14:27:17,031", "levelname": "INFO", "name": "httpx", "message": "HTTP Request: GET https://huggingface.co/api/models/BAAI/bge-m3/tree/main/additional_chat_templates?recursive=false&expand=false \"HTTP/1.1 404 Not Found\""}
{"asctime": "2026-09-01 14:27:17,469", "levelname": "INFO", "name": "httpx", "message": "HTTP Request: GET https://huggingface.co/api/models/BAAI/bge-m3/tree/main?recursive=true&expand=false \"HTTP/1.1 200 OK\""}
{"asctime": "2026-09-01 14:27:18,567", "levelname": "INFO", "name": "httpx", "message": "HTTP Request: GET https://huggingface.co/api/models/BAAI/bge-m3 \"HTTP/1.1 200 OK\""}
{"asctime": "2026-09-01 14:27:19,032", "levelname": "INFO", "name": "httpx", "message": "HTTP Request: HEAD https://huggingface.co/BAAI/bge-m3/resolve/main/1_Pooling/config.json \"HTTP/1.1 307 Temporary Redirect\""}
{"asctime": "2026-09-01 14:27:19,075", "levelname": "INFO", "name": "httpx", "message": "HTTP Request: HEAD https://huggingface.co/api/resolve-cache/models/BAAI/bge-m3/5617a9f61b028005a4858fdac845db406aefb181/1_Pooling%2Fconfig.json \"HTTP/1.1 200 OK\""}
{"asctime": "2026-09-01 14:27:19,778", "levelname": "INFO", "name": "httpx", "message": "HTTP Request: HEAD https://huggingface.co/BAAI/bge-m3/resolve/main/2_Normalize/config.json \"HTTP/1.1 404 Not Found\""}
{"asctime": "2026-09-01 14:27:20,210", "levelname": "INFO", "name": "httpx", "message": "HTTP Request: GET https://huggingface.co/api/models/BAAI/bge-m3 \"HTTP/1.1 200 OK\""}
{"asctime": "2026-09-01 14:32:41,262", "levelname": "INFO", "name": "sentence_transformers.base.model", "message": "No device provided, using mps"}
{"asctime": "2026-09-01 14:32:41,732", "levelname": "INFO", "name": "httpx", "message": "HTTP Request: HEAD https://huggingface.co/BAAI/bge-m3/resolve/main/modules.json \"HTTP/1.1 307 Temporary Redirect\""}
{"asctime": "2026-09-01 14:32:41,745", "levelname": "INFO", "name": "httpx", "message": "HTTP Request: HEAD https://huggingface.co/api/resolve-cache/models/BAAI/bge-m3/5617a9f61b028005a4858fdac845db406aefb181/modules.json \"HTTP/1.1 200 OK\""}
{"asctime": "2026-09-01 14:32:42,022", "levelname": "INFO", "name": "httpx", "message": "HTTP Request: HEAD https://huggingface.co/BAAI/bge-m3/resolve/main/config_sentence_transformers.json \"HTTP/1.1 307 Temporary Redirect\""}
{"asctime": "2026-09-01 14:32:42,023", "levelname": "WARNING", "name": "huggingface_hub.utils._http", "message": "Warning: You are sending unauthenticated requests to the HF Hub. Please set a HF_TOKEN to enable higher rate limits and faster downloads."}
{"asctime": "2026-09-01 14:32:42,119", "levelname": "INFO", "name": "httpx", "message": "HTTP Request: HEAD https://huggingface.co/api/resolve-cache/models/BAAI/bge-m3/5617a9f61b028005a4858fdac845db406aefb181/config_sentence_transformers.json \"HTTP/1.1 200 OK\""}
{"asctime": "2026-09-01 14:32:42,123", "levelname": "INFO", "name": "sentence_transformers.base.model", "message": "Loading SentenceTransformer model from BAAI/bge-m3."}
{"asctime": "2026-09-01 14:32:42,419", "levelname": "INFO", "name": "httpx", "message": "HTTP Request: HEAD https://huggingface.co/BAAI/bge-m3/resolve/main/config_sentence_transformers.json \"HTTP/1.1 307 Temporary Redirect\""}
{"asctime": "2026-09-01 14:32:42,475", "levelname": "INFO", "name": "httpx", "message": "HTTP Request: HEAD https://huggingface.co/api/resolve-cache/models/BAAI/bge-m3/5617a9f61b028005a4858fdac845db406aefb181/config_sentence_transformers.json \"HTTP/1.1 200 OK\""}
{"asctime": "2026-09-01 14:32:42,736", "levelname": "INFO", "name": "httpx", "message": "HTTP Request: HEAD https://huggingface.co/BAAI/bge-m3/resolve/main/README.md \"HTTP/1.1 307 Temporary Redirect\""}
{"asctime": "2026-09-01 14:32:42,750", "levelname": "INFO", "name": "httpx", "message": "HTTP Request: HEAD https://huggingface.co/api/resolve-cache/models/BAAI/bge-m3/5617a9f61b028005a4858fdac845db406aefb181/README.md \"HTTP/1.1 200 OK\""}
{"asctime": "2026-09-01 14:32:43,019", "levelname": "INFO", "name": "httpx", "message": "HTTP Request: HEAD https://huggingface.co/BAAI/bge-m3/resolve/main/modules.json \"HTTP/1.1 307 Temporary Redirect\""}
{"asctime": "2026-09-01 14:32:43,034", "levelname": "INFO", "name": "httpx", "message": "HTTP Request: HEAD https://huggingface.co/api/resolve-cache/models/BAAI/bge-m3/5617a9f61b028005a4858fdac845db406aefb181/modules.json \"HTTP/1.1 200 OK\""}
{"asctime": "2026-09-01 14:32:43,375", "levelname": "INFO", "name": "httpx", "message": "HTTP Request: HEAD https://huggingface.co/BAAI/bge-m3/resolve/main/sentence_bert_config.json \"HTTP/1.1 307 Temporary Redirect\""}
{"asctime": "2026-09-01 14:32:43,392", "levelname": "INFO", "name": "httpx", "message": "HTTP Request: HEAD https://huggingface.co/api/resolve-cache/models/BAAI/bge-m3/5617a9f61b028005a4858fdac845db406aefb181/sentence_bert_config.json \"HTTP/1.1 200 OK\""}
{"asctime": "2026-09-01 14:32:43,709", "levelname": "INFO", "name": "httpx", "message": "HTTP Request: HEAD https://huggingface.co/BAAI/bge-m3/resolve/main/adapter_config.json \"HTTP/1.1 404 Not Found\""}
{"asctime": "2026-09-01 14:32:44,329", "levelname": "INFO", "name": "httpx", "message": "HTTP Request: HEAD https://huggingface.co/BAAI/bge-m3/resolve/main/config.json \"HTTP/1.1 307 Temporary Redirect\""}
{"asctime": "2026-09-01 14:32:44,353", "levelname": "INFO", "name": "httpx", "message": "HTTP Request: HEAD https://huggingface.co/api/resolve-cache/models/BAAI/bge-m3/5617a9f61b028005a4858fdac845db406aefb181/config.json \"HTTP/1.1 200 OK\""}
{"asctime": "2026-09-01 14:32:44,772", "levelname": "INFO", "name": "httpx", "message": "HTTP Request: HEAD https://huggingface.co/BAAI/bge-m3/resolve/main/model.safetensors \"HTTP/1.1 404 Not Found\""}
{"asctime": "2026-09-01 14:32:45,337", "levelname": "INFO", "name": "httpx", "message": "HTTP Request: GET https://huggingface.co/api/models/BAAI/bge-m3 \"HTTP/1.1 200 OK\""}
{"asctime": "2026-09-01 14:32:45,778", "levelname": "INFO", "name": "httpx", "message": "HTTP Request: GET https://huggingface.co/api/models/BAAI/bge-m3/commits/main \"HTTP/1.1 200 OK\""}
{"asctime": "2026-09-01 14:32:45,790", "levelname": "INFO", "name": "httpx", "message": "HTTP Request: HEAD https://huggingface.co/BAAI/bge-m3/resolve/main/processor_config.json \"HTTP/1.1 404 Not Found\""}
{"asctime": "2026-09-01 14:32:46,070", "levelname": "INFO", "name": "httpx", "message": "HTTP Request: HEAD https://huggingface.co/BAAI/bge-m3/resolve/main/preprocessor_config.json \"HTTP/1.1 404 Not Found\""}
{"asctime": "2026-09-01 14:32:46,109", "levelname": "INFO", "name": "httpx", "message": "HTTP Request: GET https://huggingface.co/api/models/BAAI/bge-m3/discussions?p=0 \"HTTP/1.1 200 OK\""}
{"asctime": "2026-09-01 14:32:46,347", "levelname": "INFO", "name": "httpx", "message": "HTTP Request: HEAD https://huggingface.co/BAAI/bge-m3/resolve/main/video_preprocessor_config.json \"HTTP/1.1 404 Not Found\""}
{"asctime": "2026-09-01 14:32:46,415", "levelname": "INFO", "name": "httpx", "message": "HTTP Request: GET https://huggingface.co/api/models/BAAI/bge-m3/commits/refs%2Fpr%2F130 \"HTTP/1.1 200 OK\""}
{"asctime": "2026-09-01 14:32:46,623", "levelname": "INFO", "name": "httpx", "message": "HTTP Request: HEAD https://huggingface.co/BAAI/bge-m3/resolve/main/preprocessor_config.json \"HTTP/1.1 404 Not Found\""}
{"asctime": "2026-09-01 14:32:46,712", "levelname": "INFO", "name": "httpx", "message": "HTTP Request: HEAD https://huggingface.co/BAAI/bge-m3/resolve/refs%2Fpr%2F130/model.safetensors.index.json \"HTTP/1.1 404 Not Found\""}
{"asctime": "2026-09-01 14:32:46,911", "levelname": "INFO", "name": "httpx", "message": "HTTP Request: HEAD https://huggingface.co/BAAI/bge-m3/resolve/main/tokenizer_config.json \"HTTP/1.1 307 Temporary Redirect\""}
{"asctime": "2026-09-01 14:32:46,931", "levelname": "INFO", "name": "httpx", "message": "HTTP Request: HEAD https://huggingface.co/api/resolve-cache/models/BAAI/bge-m3/5617a9f61b028005a4858fdac845db406aefb181/tokenizer_config.json \"HTTP/1.1 200 OK\""}
{"asctime": "2026-09-01 14:32:47,177", "levelname": "INFO", "name": "httpx", "message": "HTTP Request: HEAD https://huggingface.co/BAAI/bge-m3/resolve/refs%2Fpr%2F130/model.safetensors \"HTTP/1.1 302 Found\""}
{"asctime": "2026-09-01 14:32:47,225", "levelname": "INFO", "name": "httpx", "message": "HTTP Request: HEAD https://huggingface.co/BAAI/bge-m3/resolve/main/config.json \"HTTP/1.1 307 Temporary Redirect\""}
{"asctime": "2026-09-01 14:32:47,270", "levelname": "INFO", "name": "httpx", "message": "HTTP Request: HEAD https://huggingface.co/api/resolve-cache/models/BAAI/bge-m3/5617a9f61b028005a4858fdac845db406aefb181/config.json \"HTTP/1.1 200 OK\""}
{"asctime": "2026-09-01 14:32:47,542", "levelname": "INFO", "name": "httpx", "message": "HTTP Request: HEAD https://huggingface.co/BAAI/bge-m3/resolve/main/config.json \"HTTP/1.1 307 Temporary Redirect\""}
{"asctime": "2026-09-01 14:32:47,567", "levelname": "INFO", "name": "httpx", "message": "HTTP Request: HEAD https://huggingface.co/api/resolve-cache/models/BAAI/bge-m3/5617a9f61b028005a4858fdac845db406aefb181/config.json \"HTTP/1.1 200 OK\""}
{"asctime": "2026-09-01 14:32:47,943", "levelname": "INFO", "name": "httpx", "message": "HTTP Request: HEAD https://huggingface.co/BAAI/bge-m3/resolve/main/tokenizer_config.json \"HTTP/1.1 307 Temporary Redirect\""}
{"asctime": "2026-09-01 14:32:47,959", "levelname": "INFO", "name": "httpx", "message": "HTTP Request: HEAD https://huggingface.co/api/resolve-cache/models/BAAI/bge-m3/5617a9f61b028005a4858fdac845db406aefb181/tokenizer_config.json \"HTTP/1.1 200 OK\""}
{"asctime": "2026-09-01 14:32:48,246", "levelname": "INFO", "name": "httpx", "message": "HTTP Request: GET https://huggingface.co/api/models/BAAI/bge-m3/tree/main/additional_chat_templates?recursive=false&expand=false \"HTTP/1.1 404 Not Found\""}
{"asctime": "2026-09-01 14:32:48,520", "levelname": "INFO", "name": "httpx", "message": "HTTP Request: GET https://huggingface.co/api/models/BAAI/bge-m3/tree/main?recursive=true&expand=false \"HTTP/1.1 200 OK\""}
{"asctime": "2026-09-01 14:32:49,598", "levelname": "INFO", "name": "httpx", "message": "HTTP Request: GET https://huggingface.co/api/models/BAAI/bge-m3 \"HTTP/1.1 200 OK\""}
{"asctime": "2026-09-01 14:32:49,917", "levelname": "INFO", "name": "httpx", "message": "HTTP Request: HEAD https://huggingface.co/BAAI/bge-m3/resolve/main/1_Pooling/config.json \"HTTP/1.1 307 Temporary Redirect\""}
{"asctime": "2026-09-01 14:32:49,931", "levelname": "INFO", "name": "httpx", "message": "HTTP Request: HEAD https://huggingface.co/api/resolve-cache/models/BAAI/bge-m3/5617a9f61b028005a4858fdac845db406aefb181/1_Pooling%2Fconfig.json \"HTTP/1.1 200 OK\""}
{"asctime": "2026-09-01 14:32:50,209", "levelname": "INFO", "name": "httpx", "message": "HTTP Request: HEAD https://huggingface.co/BAAI/bge-m3/resolve/main/2_Normalize/config.json \"HTTP/1.1 404 Not Found\""}
{"asctime": "2026-09-01 14:32:50,521", "levelname": "INFO", "name": "httpx", "message": "HTTP Request: GET https://huggingface.co/api/models/BAAI/bge-m3 \"HTTP/1.1 200 OK\""}
{"asctime": "2026-09-01 14:34:14,236", "levelname": "INFO", "name": "sentence_transformers.base.model", "message": "No device provided, using mps"}
{"asctime": "2026-09-01 14:34:14,711", "levelname": "INFO", "name": "httpx", "message": "HTTP Request: HEAD https://huggingface.co/BAAI/bge-m3/resolve/main/modules.json \"HTTP/1.1 307 Temporary Redirect\""}
{"asctime": "2026-09-01 14:34:14,728", "levelname": "INFO", "name": "httpx", "message": "HTTP Request: HEAD https://huggingface.co/api/resolve-cache/models/BAAI/bge-m3/5617a9f61b028005a4858fdac845db406aefb181/modules.json \"HTTP/1.1 200 OK\""}
{"asctime": "2026-09-01 14:34:15,016", "levelname": "INFO", "name": "httpx", "message": "HTTP Request: HEAD https://huggingface.co/BAAI/bge-m3/resolve/main/config_sentence_transformers.json \"HTTP/1.1 307 Temporary Redirect\""}
{"asctime": "2026-09-01 14:34:15,018", "levelname": "WARNING", "name": "huggingface_hub.utils._http", "message": "Warning: You are sending unauthenticated requests to the HF Hub. Please set a HF_TOKEN to enable higher rate limits and faster downloads."}
{"asctime": "2026-09-01 14:34:15,032", "levelname": "INFO", "name": "httpx", "message": "HTTP Request: HEAD https://huggingface.co/api/resolve-cache/models/BAAI/bge-m3/5617a9f61b028005a4858fdac845db406aefb181/config_sentence_transformers.json \"HTTP/1.1 200 OK\""}
{"asctime": "2026-09-01 14:34:15,034", "levelname": "INFO", "name": "sentence_transformers.base.model", "message": "Loading SentenceTransformer model from BAAI/bge-m3."}
{"asctime": "2026-09-01 14:34:15,329", "levelname": "INFO", "name": "httpx", "message": "HTTP Request: HEAD https://huggingface.co/BAAI/bge-m3/resolve/main/config_sentence_transformers.json \"HTTP/1.1 307 Temporary Redirect\""}
{"asctime": "2026-09-01 14:34:15,344", "levelname": "INFO", "name": "httpx", "message": "HTTP Request: HEAD https://huggingface.co/api/resolve-cache/models/BAAI/bge-m3/5617a9f61b028005a4858fdac845db406aefb181/config_sentence_transformers.json \"HTTP/1.1 200 OK\""}
{"asctime": "2026-09-01 14:34:15,615", "levelname": "INFO", "name": "httpx", "message": "HTTP Request: HEAD https://huggingface.co/BAAI/bge-m3/resolve/main/README.md \"HTTP/1.1 307 Temporary Redirect\""}
{"asctime": "2026-09-01 14:34:15,641", "levelname": "INFO", "name": "httpx", "message": "HTTP Request: HEAD https://huggingface.co/api/resolve-cache/models/BAAI/bge-m3/5617a9f61b028005a4858fdac845db406aefb181/README.md \"HTTP/1.1 200 OK\""}
{"asctime": "2026-09-01 14:34:15,896", "levelname": "INFO", "name": "httpx", "message": "HTTP Request: HEAD https://huggingface.co/BAAI/bge-m3/resolve/main/modules.json \"HTTP/1.1 307 Temporary Redirect\""}
{"asctime": "2026-09-01 14:34:15,918", "levelname": "INFO", "name": "httpx", "message": "HTTP Request: HEAD https://huggingface.co/api/resolve-cache/models/BAAI/bge-m3/5617a9f61b028005a4858fdac845db406aefb181/modules.json \"HTTP/1.1 200 OK\""}
{"asctime": "2026-09-01 14:34:16,195", "levelname": "INFO", "name": "httpx", "message": "HTTP Request: HEAD https://huggingface.co/BAAI/bge-m3/resolve/main/sentence_bert_config.json \"HTTP/1.1 307 Temporary Redirect\""}
{"asctime": "2026-09-01 14:34:16,208", "levelname": "INFO", "name": "httpx", "message": "HTTP Request: HEAD https://huggingface.co/api/resolve-cache/models/BAAI/bge-m3/5617a9f61b028005a4858fdac845db406aefb181/sentence_bert_config.json \"HTTP/1.1 200 OK\""}
{"asctime": "2026-09-01 14:34:16,500", "levelname": "INFO", "name": "httpx", "message": "HTTP Request: HEAD https://huggingface.co/BAAI/bge-m3/resolve/main/adapter_config.json \"HTTP/1.1 404 Not Found\""}
{"asctime": "2026-09-01 14:34:16,773", "levelname": "INFO", "name": "httpx", "message": "HTTP Request: HEAD https://huggingface.co/BAAI/bge-m3/resolve/main/config.json \"HTTP/1.1 307 Temporary Redirect\""}
{"asctime": "2026-09-01 14:34:16,790", "levelname": "INFO", "name": "httpx", "message": "HTTP Request: HEAD https://huggingface.co/api/resolve-cache/models/BAAI/bge-m3/5617a9f61b028005a4858fdac845db406aefb181/config.json \"HTTP/1.1 200 OK\""}
{"asctime": "2026-09-01 14:34:17,172", "levelname": "INFO", "name": "httpx", "message": "HTTP Request: HEAD https://huggingface.co/BAAI/bge-m3/resolve/main/model.safetensors \"HTTP/1.1 404 Not Found\""}
{"asctime": "2026-09-01 14:34:17,455", "levelname": "INFO", "name": "httpx", "message": "HTTP Request: GET https://huggingface.co/api/models/BAAI/bge-m3 \"HTTP/1.1 200 OK\""}
{"asctime": "2026-09-01 14:34:17,614", "levelname": "INFO", "name": "httpx", "message": "HTTP Request: HEAD https://huggingface.co/BAAI/bge-m3/resolve/main/processor_config.json \"HTTP/1.1 404 Not Found\""}
{"asctime": "2026-09-01 14:34:17,875", "levelname": "INFO", "name": "httpx", "message": "HTTP Request: GET https://huggingface.co/api/models/BAAI/bge-m3/commits/main \"HTTP/1.1 200 OK\""}
{"asctime": "2026-09-01 14:34:17,917", "levelname": "INFO", "name": "httpx", "message": "HTTP Request: HEAD https://huggingface.co/BAAI/bge-m3/resolve/main/preprocessor_config.json \"HTTP/1.1 404 Not Found\""}
{"asctime": "2026-09-01 14:34:18,370", "levelname": "INFO", "name": "httpx", "message": "HTTP Request: HEAD https://huggingface.co/BAAI/bge-m3/resolve/main/video_preprocessor_config.json \"HTTP/1.1 404 Not Found\""}
{"asctime": "2026-09-01 14:34:18,372", "levelname": "INFO", "name": "httpx", "message": "HTTP Request: GET https://huggingface.co/api/models/BAAI/bge-m3/discussions?p=0 \"HTTP/1.1 200 OK\""}
{"asctime": "2026-09-01 14:34:18,644", "levelname": "INFO", "name": "httpx", "message": "HTTP Request: HEAD https://huggingface.co/BAAI/bge-m3/resolve/main/preprocessor_config.json \"HTTP/1.1 404 Not Found\""}
{"asctime": "2026-09-01 14:34:18,829", "levelname": "INFO", "name": "httpx", "message": "HTTP Request: GET https://huggingface.co/api/models/BAAI/bge-m3/commits/refs%2Fpr%2F130 \"HTTP/1.1 200 OK\""}
{"asctime": "2026-09-01 14:34:18,925", "levelname": "INFO", "name": "httpx", "message": "HTTP Request: HEAD https://huggingface.co/BAAI/bge-m3/resolve/main/tokenizer_config.json \"HTTP/1.1 307 Temporary Redirect\""}
{"asctime": "2026-09-01 14:34:18,941", "levelname": "INFO", "name": "httpx", "message": "HTTP Request: HEAD https://huggingface.co/api/resolve-cache/models/BAAI/bge-m3/5617a9f61b028005a4858fdac845db406aefb181/tokenizer_config.json \"HTTP/1.1 200 OK\""}
{"asctime": "2026-09-01 14:34:19,173", "levelname": "INFO", "name": "httpx", "message": "HTTP Request: HEAD https://huggingface.co/BAAI/bge-m3/resolve/refs%2Fpr%2F130/model.safetensors.index.json \"HTTP/1.1 404 Not Found\""}
{"asctime": "2026-09-01 14:34:19,220", "levelname": "INFO", "name": "httpx", "message": "HTTP Request: HEAD https://huggingface.co/BAAI/bge-m3/resolve/main/config.json \"HTTP/1.1 307 Temporary Redirect\""}
{"asctime": "2026-09-01 14:34:19,241", "levelname": "INFO", "name": "httpx", "message": "HTTP Request: HEAD https://huggingface.co/api/resolve-cache/models/BAAI/bge-m3/5617a9f61b028005a4858fdac845db406aefb181/config.json \"HTTP/1.1 200 OK\""}
{"asctime": "2026-09-01 14:34:19,450", "levelname": "INFO", "name": "httpx", "message": "HTTP Request: HEAD https://huggingface.co/BAAI/bge-m3/resolve/refs%2Fpr%2F130/model.safetensors \"HTTP/1.1 302 Found\""}
{"asctime": "2026-09-01 14:34:19,537", "levelname": "INFO", "name": "httpx", "message": "HTTP Request: HEAD https://huggingface.co/BAAI/bge-m3/resolve/main/config.json \"HTTP/1.1 307 Temporary Redirect\""}
{"asctime": "2026-09-01 14:34:19,560", "levelname": "INFO", "name": "httpx", "message": "HTTP Request: HEAD https://huggingface.co/api/resolve-cache/models/BAAI/bge-m3/5617a9f61b028005a4858fdac845db406aefb181/config.json \"HTTP/1.1 200 OK\""}
{"asctime": "2026-09-01 14:34:20,486", "levelname": "INFO", "name": "httpx", "message": "HTTP Request: HEAD https://huggingface.co/BAAI/bge-m3/resolve/main/tokenizer_config.json \"HTTP/1.1 307 Temporary Redirect\""}
{"asctime": "2026-09-01 14:34:21,456", "levelname": "INFO", "name": "httpx", "message": "HTTP Request: HEAD https://huggingface.co/api/resolve-cache/models/BAAI/bge-m3/5617a9f61b028005a4858fdac845db406aefb181/tokenizer_config.json \"HTTP/1.1 200 OK\""}
{"asctime": "2026-09-01 14:34:22,266", "levelname": "INFO", "name": "httpx", "message": "HTTP Request: GET https://huggingface.co/api/models/BAAI/bge-m3/tree/main/additional_chat_templates?recursive=false&expand=false \"HTTP/1.1 404 Not Found\""}
{"asctime": "2026-09-01 14:34:22,808", "levelname": "INFO", "name": "httpx", "message": "HTTP Request: GET https://huggingface.co/api/models/BAAI/bge-m3/tree/main?recursive=true&expand=false \"HTTP/1.1 200 OK\""}
{"asctime": "2026-09-01 14:34:23,833", "levelname": "INFO", "name": "httpx", "message": "HTTP Request: GET https://huggingface.co/api/models/BAAI/bge-m3 \"HTTP/1.1 200 OK\""}
{"asctime": "2026-09-01 14:34:24,128", "levelname": "INFO", "name": "httpx", "message": "HTTP Request: HEAD https://huggingface.co/BAAI/bge-m3/resolve/main/1_Pooling/config.json \"HTTP/1.1 307 Temporary Redirect\""}
{"asctime": "2026-09-01 14:34:24,145", "levelname": "INFO", "name": "httpx", "message": "HTTP Request: HEAD https://huggingface.co/api/resolve-cache/models/BAAI/bge-m3/5617a9f61b028005a4858fdac845db406aefb181/1_Pooling%2Fconfig.json \"HTTP/1.1 200 OK\""}
{"asctime": "2026-09-01 14:34:24,413", "levelname": "INFO", "name": "httpx", "message": "HTTP Request: HEAD https://huggingface.co/BAAI/bge-m3/resolve/main/2_Normalize/config.json \"HTTP/1.1 404 Not Found\""}
{"asctime": "2026-09-01 14:34:24,677", "levelname": "INFO", "name": "httpx", "message": "HTTP Request: GET https://huggingface.co/api/models/BAAI/bge-m3 \"HTTP/1.1 200 OK\""}
{"asctime": "2026-09-01 14:36:23,909", "levelname": "INFO", "name": "sentence_transformers.base.model", "message": "No device provided, using mps"}
{"asctime": "2026-09-01 14:36:25,156", "levelname": "INFO", "name": "httpx", "message": "HTTP Request: HEAD https://huggingface.co/BAAI/bge-m3/resolve/main/modules.json \"HTTP/1.1 307 Temporary Redirect\""}
{"asctime": "2026-09-01 14:36:25,170", "levelname": "INFO", "name": "httpx", "message": "HTTP Request: HEAD https://huggingface.co/api/resolve-cache/models/BAAI/bge-m3/5617a9f61b028005a4858fdac845db406aefb181/modules.json \"HTTP/1.1 200 OK\""}
{"asctime": "2026-09-01 14:36:25,438", "levelname": "INFO", "name": "httpx", "message": "HTTP Request: HEAD https://huggingface.co/BAAI/bge-m3/resolve/main/config_sentence_transformers.json \"HTTP/1.1 307 Temporary Redirect\""}
{"asctime": "2026-09-01 14:36:25,452", "levelname": "INFO", "name": "httpx", "message": "HTTP Request: HEAD https://huggingface.co/api/resolve-cache/models/BAAI/bge-m3/5617a9f61b028005a4858fdac845db406aefb181/config_sentence_transformers.json \"HTTP/1.1 200 OK\""}
{"asctime": "2026-09-01 14:36:25,455", "levelname": "INFO", "name": "sentence_transformers.base.model", "message": "Loading SentenceTransformer model from BAAI/bge-m3."}
{"asctime": "2026-09-01 14:36:25,739", "levelname": "INFO", "name": "httpx", "message": "HTTP Request: HEAD https://huggingface.co/BAAI/bge-m3/resolve/main/config_sentence_transformers.json \"HTTP/1.1 307 Temporary Redirect\""}
{"asctime": "2026-09-01 14:36:25,755", "levelname": "INFO", "name": "httpx", "message": "HTTP Request: HEAD https://huggingface.co/api/resolve-cache/models/BAAI/bge-m3/5617a9f61b028005a4858fdac845db406aefb181/config_sentence_transformers.json \"HTTP/1.1 200 OK\""}
{"asctime": "2026-09-01 14:36:26,069", "levelname": "INFO", "name": "httpx", "message": "HTTP Request: HEAD https://huggingface.co/BAAI/bge-m3/resolve/main/README.md \"HTTP/1.1 307 Temporary Redirect\""}
{"asctime": "2026-09-01 14:36:26,081", "levelname": "INFO", "name": "httpx", "message": "HTTP Request: HEAD https://huggingface.co/api/resolve-cache/models/BAAI/bge-m3/5617a9f61b028005a4858fdac845db406aefb181/README.md \"HTTP/1.1 200 OK\""}
{"asctime": "2026-09-01 14:36:26,345", "levelname": "INFO", "name": "httpx", "message": "HTTP Request: HEAD https://huggingface.co/BAAI/bge-m3/resolve/main/modules.json \"HTTP/1.1 307 Temporary Redirect\""}
{"asctime": "2026-09-01 14:36:26,371", "levelname": "INFO", "name": "httpx", "message": "HTTP Request: HEAD https://huggingface.co/api/resolve-cache/models/BAAI/bge-m3/5617a9f61b028005a4858fdac845db406aefb181/modules.json \"HTTP/1.1 200 OK\""}
{"asctime": "2026-09-01 14:36:26,787", "levelname": "INFO", "name": "httpx", "message": "HTTP Request: HEAD https://huggingface.co/BAAI/bge-m3/resolve/main/sentence_bert_config.json \"HTTP/1.1 307 Temporary Redirect\""}
{"asctime": "2026-09-01 14:36:26,803", "levelname": "INFO", "name": "httpx", "message": "HTTP Request: HEAD https://huggingface.co/api/resolve-cache/models/BAAI/bge-m3/5617a9f61b028005a4858fdac845db406aefb181/sentence_bert_config.json \"HTTP/1.1 200 OK\""}
{"asctime": "2026-09-01 14:36:27,083", "levelname": "INFO", "name": "httpx", "message": "HTTP Request: HEAD https://huggingface.co/BAAI/bge-m3/resolve/main/adapter_config.json \"HTTP/1.1 404 Not Found\""}
{"asctime": "2026-09-01 14:36:27,382", "levelname": "INFO", "name": "httpx", "message": "HTTP Request: HEAD https://huggingface.co/BAAI/bge-m3/resolve/main/config.json \"HTTP/1.1 307 Temporary Redirect\""}
{"asctime": "2026-09-01 14:36:27,397", "levelname": "INFO", "name": "httpx", "message": "HTTP Request: HEAD https://huggingface.co/api/resolve-cache/models/BAAI/bge-m3/5617a9f61b028005a4858fdac845db406aefb181/config.json \"HTTP/1.1 200 OK\""}
{"asctime": "2026-09-01 14:36:27,668", "levelname": "INFO", "name": "httpx", "message": "HTTP Request: HEAD https://huggingface.co/BAAI/bge-m3/resolve/main/model.safetensors \"HTTP/1.1 404 Not Found\""}
{"asctime": "2026-09-01 14:36:27,923", "levelname": "INFO", "name": "httpx", "message": "HTTP Request: GET https://huggingface.co/api/models/BAAI/bge-m3 \"HTTP/1.1 200 OK\""}
{"asctime": "2026-09-01 14:36:28,043", "levelname": "INFO", "name": "httpx", "message": "HTTP Request: HEAD https://huggingface.co/BAAI/bge-m3/resolve/main/processor_config.json \"HTTP/1.1 404 Not Found\""}
{"asctime": "2026-09-01 14:36:28,236", "levelname": "INFO", "name": "httpx", "message": "HTTP Request: GET https://huggingface.co/api/models/BAAI/bge-m3/commits/main \"HTTP/1.1 200 OK\""}
{"asctime": "2026-09-01 14:36:28,305", "levelname": "INFO", "name": "httpx", "message": "HTTP Request: HEAD https://huggingface.co/BAAI/bge-m3/resolve/main/preprocessor_config.json \"HTTP/1.1 404 Not Found\""}
{"asctime": "2026-09-01 14:36:28,710", "levelname": "INFO", "name": "httpx", "message": "HTTP Request: HEAD https://huggingface.co/BAAI/bge-m3/resolve/main/video_preprocessor_config.json \"HTTP/1.1 404 Not Found\""}
{"asctime": "2026-09-01 14:36:28,711", "levelname": "INFO", "name": "httpx", "message": "HTTP Request: GET https://huggingface.co/api/models/BAAI/bge-m3/discussions?p=0 \"HTTP/1.1 200 OK\""}
{"asctime": "2026-09-01 14:36:29,017", "levelname": "INFO", "name": "httpx", "message": "HTTP Request: HEAD https://huggingface.co/BAAI/bge-m3/resolve/main/preprocessor_config.json \"HTTP/1.1 404 Not Found\""}
{"asctime": "2026-09-01 14:36:29,018", "levelname": "INFO", "name": "httpx", "message": "HTTP Request: GET https://huggingface.co/api/models/BAAI/bge-m3/commits/refs%2Fpr%2F130 \"HTTP/1.1 200 OK\""}
{"asctime": "2026-09-01 14:36:29,595", "levelname": "INFO", "name": "httpx", "message": "HTTP Request: HEAD https://huggingface.co/BAAI/bge-m3/resolve/main/tokenizer_config.json \"HTTP/1.1 307 Temporary Redirect\""}
{"asctime": "2026-09-01 14:36:29,597", "levelname": "INFO", "name": "httpx", "message": "HTTP Request: HEAD https://huggingface.co/BAAI/bge-m3/resolve/refs%2Fpr%2F130/model.safetensors.index.json \"HTTP/1.1 404 Not Found\""}
{"asctime": "2026-09-01 14:36:29,756", "levelname": "INFO", "name": "httpx", "message": "HTTP Request: HEAD https://huggingface.co/api/resolve-cache/models/BAAI/bge-m3/5617a9f61b028005a4858fdac845db406aefb181/tokenizer_config.json \"HTTP/1.1 200 OK\""}
{"asctime": "2026-09-01 14:36:29,872", "levelname": "INFO", "name": "httpx", "message": "HTTP Request: HEAD https://huggingface.co/BAAI/bge-m3/resolve/refs%2Fpr%2F130/model.safetensors \"HTTP/1.1 302 Found\""}
{"asctime": "2026-09-01 14:36:30,024", "levelname": "INFO", "name": "httpx", "message": "HTTP Request: HEAD https://huggingface.co/BAAI/bge-m3/resolve/main/config.json \"HTTP/1.1 307 Temporary Redirect\""}
{"asctime": "2026-09-01 14:36:30,046", "levelname": "INFO", "name": "httpx", "message": "HTTP Request: HEAD https://huggingface.co/api/resolve-cache/models/BAAI/bge-m3/5617a9f61b028005a4858fdac845db406aefb181/config.json \"HTTP/1.1 200 OK\""}
{"asctime": "2026-09-01 14:36:30,351", "levelname": "INFO", "name": "httpx", "message": "HTTP Request: HEAD https://huggingface.co/BAAI/bge-m3/resolve/main/config.json \"HTTP/1.1 307 Temporary Redirect\""}
{"asctime": "2026-09-01 14:36:30,365", "levelname": "INFO", "name": "httpx", "message": "HTTP Request: HEAD https://huggingface.co/api/resolve-cache/models/BAAI/bge-m3/5617a9f61b028005a4858fdac845db406aefb181/config.json \"HTTP/1.1 200 OK\""}
{"asctime": "2026-09-01 14:36:30,722", "levelname": "INFO", "name": "httpx", "message": "HTTP Request: HEAD https://huggingface.co/BAAI/bge-m3/resolve/main/tokenizer_config.json \"HTTP/1.1 307 Temporary Redirect\""}
{"asctime": "2026-09-01 14:36:30,799", "levelname": "INFO", "name": "httpx", "message": "HTTP Request: HEAD https://huggingface.co/api/resolve-cache/models/BAAI/bge-m3/5617a9f61b028005a4858fdac845db406aefb181/tokenizer_config.json \"HTTP/1.1 200 OK\""}
{"asctime": "2026-09-01 14:36:34,229", "levelname": "INFO", "name": "httpx", "message": "HTTP Request: GET https://huggingface.co/api/models/BAAI/bge-m3/tree/main/additional_chat_templates?recursive=false&expand=false \"HTTP/1.1 404 Not Found\""}
{"asctime": "2026-09-01 14:36:34,502", "levelname": "INFO", "name": "httpx", "message": "HTTP Request: GET https://huggingface.co/api/models/BAAI/bge-m3/tree/main?recursive=true&expand=false \"HTTP/1.1 200 OK\""}
{"asctime": "2026-09-01 14:36:35,858", "levelname": "INFO", "name": "httpx", "message": "HTTP Request: GET https://huggingface.co/api/models/BAAI/bge-m3 \"HTTP/1.1 200 OK\""}
{"asctime": "2026-09-01 14:36:36,126", "levelname": "INFO", "name": "httpx", "message": "HTTP Request: HEAD https://huggingface.co/BAAI/bge-m3/resolve/main/1_Pooling/config.json \"HTTP/1.1 307 Temporary Redirect\""}
{"asctime": "2026-09-01 14:36:36,143", "levelname": "INFO", "name": "httpx", "message": "HTTP Request: HEAD https://huggingface.co/api/resolve-cache/models/BAAI/bge-m3/5617a9f61b028005a4858fdac845db406aefb181/1_Pooling%2Fconfig.json \"HTTP/1.1 200 OK\""}
{"asctime": "2026-09-01 14:36:36,404", "levelname": "INFO", "name": "httpx", "message": "HTTP Request: HEAD https://huggingface.co/BAAI/bge-m3/resolve/main/2_Normalize/config.json \"HTTP/1.1 404 Not Found\""}
{"asctime": "2026-09-01 14:36:36,698", "levelname": "INFO", "name": "httpx", "message": "HTTP Request: GET https://huggingface.co/api/models/BAAI/bge-m3 \"HTTP/1.1 200 OK\""}
{"asctime": "2026-09-01 14:36:47,894", "levelname": "INFO", "name": "django.utils.autoreload", "message": "/Users/arga/Kementerian-HAM/rag_project/query/services/retriever.py changed, reloading."}
{"asctime": "2026-09-01 14:36:48,722", "levelname": "INFO", "name": "django.utils.autoreload", "message": "Watching for file changes with StatReloader"}
{"asctime": "2026-09-01 14:40:25,333", "levelname": "INFO", "name": "sentence_transformers.base.model", "message": "No device provided, using mps"}
{"asctime": "2026-09-01 14:40:25,685", "levelname": "INFO", "name": "httpx", "message": "HTTP Request: HEAD https://huggingface.co/BAAI/bge-m3/resolve/main/modules.json \"HTTP/1.1 307 Temporary Redirect\""}
{"asctime": "2026-09-01 14:40:25,686", "levelname": "WARNING", "name": "huggingface_hub.utils._http", "message": "Warning: You are sending unauthenticated requests to the HF Hub. Please set a HF_TOKEN to enable higher rate limits and faster downloads."}
{"asctime": "2026-09-01 14:40:25,698", "levelname": "INFO", "name": "httpx", "message": "HTTP Request: HEAD https://huggingface.co/api/resolve-cache/models/BAAI/bge-m3/5617a9f61b028005a4858fdac845db406aefb181/modules.json \"HTTP/1.1 200 OK\""}
{"asctime": "2026-09-01 14:40:26,080", "levelname": "INFO", "name": "httpx", "message": "HTTP Request: HEAD https://huggingface.co/BAAI/bge-m3/resolve/main/config_sentence_transformers.json \"HTTP/1.1 307 Temporary Redirect\""}
{"asctime": "2026-09-01 14:40:26,103", "levelname": "INFO", "name": "httpx", "message": "HTTP Request: HEAD https://huggingface.co/api/resolve-cache/models/BAAI/bge-m3/5617a9f61b028005a4858fdac845db406aefb181/config_sentence_transformers.json \"HTTP/1.1 200 OK\""}
{"asctime": "2026-09-01 14:40:26,106", "levelname": "INFO", "name": "sentence_transformers.base.model", "message": "Loading SentenceTransformer model from BAAI/bge-m3."}
{"asctime": "2026-09-01 14:40:26,388", "levelname": "INFO", "name": "httpx", "message": "HTTP Request: HEAD https://huggingface.co/BAAI/bge-m3/resolve/main/config_sentence_transformers.json \"HTTP/1.1 307 Temporary Redirect\""}
{"asctime": "2026-09-01 14:40:26,400", "levelname": "INFO", "name": "httpx", "message": "HTTP Request: HEAD https://huggingface.co/api/resolve-cache/models/BAAI/bge-m3/5617a9f61b028005a4858fdac845db406aefb181/config_sentence_transformers.json \"HTTP/1.1 200 OK\""}
{"asctime": "2026-09-01 14:40:26,694", "levelname": "INFO", "name": "httpx", "message": "HTTP Request: HEAD https://huggingface.co/BAAI/bge-m3/resolve/main/README.md \"HTTP/1.1 307 Temporary Redirect\""}
{"asctime": "2026-09-01 14:40:26,707", "levelname": "INFO", "name": "httpx", "message": "HTTP Request: HEAD https://huggingface.co/api/resolve-cache/models/BAAI/bge-m3/5617a9f61b028005a4858fdac845db406aefb181/README.md \"HTTP/1.1 200 OK\""}
{"asctime": "2026-09-01 14:40:26,965", "levelname": "INFO", "name": "httpx", "message": "HTTP Request: HEAD https://huggingface.co/BAAI/bge-m3/resolve/main/modules.json \"HTTP/1.1 307 Temporary Redirect\""}
{"asctime": "2026-09-01 14:40:26,976", "levelname": "INFO", "name": "httpx", "message": "HTTP Request: HEAD https://huggingface.co/api/resolve-cache/models/BAAI/bge-m3/5617a9f61b028005a4858fdac845db406aefb181/modules.json \"HTTP/1.1 200 OK\""}
{"asctime": "2026-09-01 14:40:27,246", "levelname": "INFO", "name": "httpx", "message": "HTTP Request: HEAD https://huggingface.co/BAAI/bge-m3/resolve/main/sentence_bert_config.json \"HTTP/1.1 307 Temporary Redirect\""}
{"asctime": "2026-09-01 14:40:27,258", "levelname": "INFO", "name": "httpx", "message": "HTTP Request: HEAD https://huggingface.co/api/resolve-cache/models/BAAI/bge-m3/5617a9f61b028005a4858fdac845db406aefb181/sentence_bert_config.json \"HTTP/1.1 200 OK\""}
{"asctime": "2026-09-01 14:40:27,517", "levelname": "INFO", "name": "httpx", "message": "HTTP Request: HEAD https://huggingface.co/BAAI/bge-m3/resolve/main/adapter_config.json \"HTTP/1.1 404 Not Found\""}
{"asctime": "2026-09-01 14:40:27,820", "levelname": "INFO", "name": "httpx", "message": "HTTP Request: HEAD https://huggingface.co/BAAI/bge-m3/resolve/main/config.json \"HTTP/1.1 307 Temporary Redirect\""}
{"asctime": "2026-09-01 14:40:27,833", "levelname": "INFO", "name": "httpx", "message": "HTTP Request: HEAD https://huggingface.co/api/resolve-cache/models/BAAI/bge-m3/5617a9f61b028005a4858fdac845db406aefb181/config.json \"HTTP/1.1 200 OK\""}
{"asctime": "2026-09-01 14:40:28,224", "levelname": "INFO", "name": "httpx", "message": "HTTP Request: HEAD https://huggingface.co/BAAI/bge-m3/resolve/main/model.safetensors \"HTTP/1.1 404 Not Found\""}
{"asctime": "2026-09-01 14:40:28,497", "levelname": "INFO", "name": "httpx", "message": "HTTP Request: GET https://huggingface.co/api/models/BAAI/bge-m3 \"HTTP/1.1 200 OK\""}
{"asctime": "2026-09-01 14:40:28,617", "levelname": "INFO", "name": "httpx", "message": "HTTP Request: HEAD https://huggingface.co/BAAI/bge-m3/resolve/main/processor_config.json \"HTTP/1.1 404 Not Found\""}
{"asctime": "2026-09-01 14:40:28,796", "levelname": "INFO", "name": "httpx", "message": "HTTP Request: GET https://huggingface.co/api/models/BAAI/bge-m3/commits/main \"HTTP/1.1 200 OK\""}
{"asctime": "2026-09-01 14:40:28,880", "levelname": "INFO", "name": "httpx", "message": "HTTP Request: HEAD https://huggingface.co/BAAI/bge-m3/resolve/main/preprocessor_config.json \"HTTP/1.1 404 Not Found\""}
{"asctime": "2026-09-01 14:40:29,163", "levelname": "INFO", "name": "httpx", "message": "HTTP Request: GET https://huggingface.co/api/models/BAAI/bge-m3/discussions?p=0 \"HTTP/1.1 200 OK\""}
{"asctime": "2026-09-01 14:40:29,167", "levelname": "INFO", "name": "httpx", "message": "HTTP Request: HEAD https://huggingface.co/BAAI/bge-m3/resolve/main/video_preprocessor_config.json \"HTTP/1.1 404 Not Found\""}
{"asctime": "2026-09-01 14:40:29,455", "levelname": "INFO", "name": "httpx", "message": "HTTP Request: HEAD https://huggingface.co/BAAI/bge-m3/resolve/main/preprocessor_config.json \"HTTP/1.1 404 Not Found\""}
{"asctime": "2026-09-01 14:40:29,456", "levelname": "INFO", "name": "httpx", "message": "HTTP Request: GET https://huggingface.co/api/models/BAAI/bge-m3/commits/refs%2Fpr%2F130 \"HTTP/1.1 200 OK\""}
{"asctime": "2026-09-01 14:40:29,772", "levelname": "INFO", "name": "httpx", "message": "HTTP Request: HEAD https://huggingface.co/BAAI/bge-m3/resolve/main/tokenizer_config.json \"HTTP/1.1 307 Temporary Redirect\""}
{"asctime": "2026-09-01 14:40:29,775", "levelname": "INFO", "name": "httpx", "message": "HTTP Request: HEAD https://huggingface.co/BAAI/bge-m3/resolve/refs%2Fpr%2F130/model.safetensors.index.json \"HTTP/1.1 404 Not Found\""}
{"asctime": "2026-09-01 14:40:29,787", "levelname": "INFO", "name": "httpx", "message": "HTTP Request: HEAD https://huggingface.co/api/resolve-cache/models/BAAI/bge-m3/5617a9f61b028005a4858fdac845db406aefb181/tokenizer_config.json \"HTTP/1.1 200 OK\""}
{"asctime": "2026-09-01 14:40:30,042", "levelname": "INFO", "name": "httpx", "message": "HTTP Request: HEAD https://huggingface.co/BAAI/bge-m3/resolve/main/config.json \"HTTP/1.1 307 Temporary Redirect\""}
{"asctime": "2026-09-01 14:40:30,058", "levelname": "INFO", "name": "httpx", "message": "HTTP Request: HEAD https://huggingface.co/BAAI/bge-m3/resolve/refs%2Fpr%2F130/model.safetensors \"HTTP/1.1 302 Found\""}
{"asctime": "2026-09-01 14:40:30,061", "levelname": "INFO", "name": "httpx", "message": "HTTP Request: HEAD https://huggingface.co/api/resolve-cache/models/BAAI/bge-m3/5617a9f61b028005a4858fdac845db406aefb181/config.json \"HTTP/1.1 200 OK\""}
{"asctime": "2026-09-01 14:40:30,404", "levelname": "INFO", "name": "httpx", "message": "HTTP Request: HEAD https://huggingface.co/BAAI/bge-m3/resolve/main/config.json \"HTTP/1.1 307 Temporary Redirect\""}
{"asctime": "2026-09-01 14:40:30,425", "levelname": "INFO", "name": "httpx", "message": "HTTP Request: HEAD https://huggingface.co/api/resolve-cache/models/BAAI/bge-m3/5617a9f61b028005a4858fdac845db406aefb181/config.json \"HTTP/1.1 200 OK\""}
{"asctime": "2026-09-01 14:40:30,991", "levelname": "INFO", "name": "httpx", "message": "HTTP Request: HEAD https://huggingface.co/BAAI/bge-m3/resolve/main/tokenizer_config.json \"HTTP/1.1 307 Temporary Redirect\""}
{"asctime": "2026-09-01 14:40:31,005", "levelname": "INFO", "name": "httpx", "message": "HTTP Request: HEAD https://huggingface.co/api/resolve-cache/models/BAAI/bge-m3/5617a9f61b028005a4858fdac845db406aefb181/tokenizer_config.json \"HTTP/1.1 200 OK\""}
{"asctime": "2026-09-01 14:40:31,290", "levelname": "INFO", "name": "httpx", "message": "HTTP Request: GET https://huggingface.co/api/models/BAAI/bge-m3/tree/main/additional_chat_templates?recursive=false&expand=false \"HTTP/1.1 404 Not Found\""}
{"asctime": "2026-09-01 14:40:31,638", "levelname": "INFO", "name": "httpx", "message": "HTTP Request: GET https://huggingface.co/api/models/BAAI/bge-m3/tree/main?recursive=true&expand=false \"HTTP/1.1 200 OK\""}
{"asctime": "2026-09-01 14:40:32,669", "levelname": "INFO", "name": "httpx", "message": "HTTP Request: GET https://huggingface.co/api/models/BAAI/bge-m3 \"HTTP/1.1 200 OK\""}
{"asctime": "2026-09-01 14:40:32,951", "levelname": "INFO", "name": "httpx", "message": "HTTP Request: HEAD https://huggingface.co/BAAI/bge-m3/resolve/main/1_Pooling/config.json \"HTTP/1.1 307 Temporary Redirect\""}
{"asctime": "2026-09-01 14:40:32,965", "levelname": "INFO", "name": "httpx", "message": "HTTP Request: HEAD https://huggingface.co/api/resolve-cache/models/BAAI/bge-m3/5617a9f61b028005a4858fdac845db406aefb181/1_Pooling%2Fconfig.json \"HTTP/1.1 200 OK\""}
{"asctime": "2026-09-01 14:40:33,225", "levelname": "INFO", "name": "httpx", "message": "HTTP Request: HEAD https://huggingface.co/BAAI/bge-m3/resolve/main/2_Normalize/config.json \"HTTP/1.1 404 Not Found\""}
{"asctime": "2026-09-01 14:40:33,484", "levelname": "INFO", "name": "httpx", "message": "HTTP Request: GET https://huggingface.co/api/models/BAAI/bge-m3 \"HTTP/1.1 200 OK\""}
{"asctime": "2026-09-01 14:40:35,416", "levelname": "INFO", "name": "sentence_transformers.base.model", "message": "No device provided, using mps"}
{"asctime": "2026-09-01 14:40:35,683", "levelname": "INFO", "name": "httpx", "message": "HTTP Request: HEAD https://huggingface.co/BAAI/bge-m3/resolve/main/modules.json \"HTTP/1.1 307 Temporary Redirect\""}
{"asctime": "2026-09-01 14:40:35,715", "levelname": "INFO", "name": "httpx", "message": "HTTP Request: HEAD https://huggingface.co/api/resolve-cache/models/BAAI/bge-m3/5617a9f61b028005a4858fdac845db406aefb181/modules.json \"HTTP/1.1 200 OK\""}
{"asctime": "2026-09-01 14:40:35,977", "levelname": "INFO", "name": "httpx", "message": "HTTP Request: HEAD https://huggingface.co/BAAI/bge-m3/resolve/main/config_sentence_transformers.json \"HTTP/1.1 307 Temporary Redirect\""}
{"asctime": "2026-09-01 14:40:35,991", "levelname": "INFO", "name": "httpx", "message": "HTTP Request: HEAD https://huggingface.co/api/resolve-cache/models/BAAI/bge-m3/5617a9f61b028005a4858fdac845db406aefb181/config_sentence_transformers.json \"HTTP/1.1 200 OK\""}
{"asctime": "2026-09-01 14:40:35,992", "levelname": "INFO", "name": "sentence_transformers.base.model", "message": "Loading SentenceTransformer model from BAAI/bge-m3."}
{"asctime": "2026-09-01 14:40:36,325", "levelname": "INFO", "name": "httpx", "message": "HTTP Request: HEAD https://huggingface.co/BAAI/bge-m3/resolve/main/config_sentence_transformers.json \"HTTP/1.1 307 Temporary Redirect\""}
{"asctime": "2026-09-01 14:40:36,346", "levelname": "INFO", "name": "httpx", "message": "HTTP Request: HEAD https://huggingface.co/api/resolve-cache/models/BAAI/bge-m3/5617a9f61b028005a4858fdac845db406aefb181/config_sentence_transformers.json \"HTTP/1.1 200 OK\""}
{"asctime": "2026-09-01 14:40:36,644", "levelname": "INFO", "name": "httpx", "message": "HTTP Request: HEAD https://huggingface.co/BAAI/bge-m3/resolve/main/README.md \"HTTP/1.1 307 Temporary Redirect\""}
{"asctime": "2026-09-01 14:40:36,658", "levelname": "INFO", "name": "httpx", "message": "HTTP Request: HEAD https://huggingface.co/api/resolve-cache/models/BAAI/bge-m3/5617a9f61b028005a4858fdac845db406aefb181/README.md \"HTTP/1.1 200 OK\""}
{"asctime": "2026-09-01 14:40:36,995", "levelname": "INFO", "name": "httpx", "message": "HTTP Request: HEAD https://huggingface.co/BAAI/bge-m3/resolve/main/modules.json \"HTTP/1.1 307 Temporary Redirect\""}
{"asctime": "2026-09-01 14:40:37,006", "levelname": "INFO", "name": "httpx", "message": "HTTP Request: HEAD https://huggingface.co/api/resolve-cache/models/BAAI/bge-m3/5617a9f61b028005a4858fdac845db406aefb181/modules.json \"HTTP/1.1 200 OK\""}
{"asctime": "2026-09-01 14:40:37,274", "levelname": "INFO", "name": "httpx", "message": "HTTP Request: HEAD https://huggingface.co/BAAI/bge-m3/resolve/main/sentence_bert_config.json \"HTTP/1.1 307 Temporary Redirect\""}
{"asctime": "2026-09-01 14:40:37,286", "levelname": "INFO", "name": "httpx", "message": "HTTP Request: HEAD https://huggingface.co/api/resolve-cache/models/BAAI/bge-m3/5617a9f61b028005a4858fdac845db406aefb181/sentence_bert_config.json \"HTTP/1.1 200 OK\""}
{"asctime": "2026-09-01 14:40:37,549", "levelname": "INFO", "name": "httpx", "message": "HTTP Request: HEAD https://huggingface.co/BAAI/bge-m3/resolve/main/adapter_config.json \"HTTP/1.1 404 Not Found\""}
{"asctime": "2026-09-01 14:40:37,861", "levelname": "INFO", "name": "httpx", "message": "HTTP Request: HEAD https://huggingface.co/BAAI/bge-m3/resolve/main/config.json \"HTTP/1.1 307 Temporary Redirect\""}
{"asctime": "2026-09-01 14:40:37,874", "levelname": "INFO", "name": "httpx", "message": "HTTP Request: HEAD https://huggingface.co/api/resolve-cache/models/BAAI/bge-m3/5617a9f61b028005a4858fdac845db406aefb181/config.json \"HTTP/1.1 200 OK\""}
{"asctime": "2026-09-01 14:40:38,161", "levelname": "INFO", "name": "httpx", "message": "HTTP Request: HEAD https://huggingface.co/BAAI/bge-m3/resolve/main/model.safetensors \"HTTP/1.1 404 Not Found\""}
{"asctime": "2026-09-01 14:40:38,429", "levelname": "INFO", "name": "httpx", "message": "HTTP Request: GET https://huggingface.co/api/models/BAAI/bge-m3 \"HTTP/1.1 200 OK\""}
{"asctime": "2026-09-01 14:40:38,490", "levelname": "INFO", "name": "httpx", "message": "HTTP Request: HEAD https://huggingface.co/BAAI/bge-m3/resolve/main/processor_config.json \"HTTP/1.1 404 Not Found\""}
{"asctime": "2026-09-01 14:40:38,777", "levelname": "INFO", "name": "httpx", "message": "HTTP Request: GET https://huggingface.co/api/models/BAAI/bge-m3/commits/main \"HTTP/1.1 200 OK\""}
{"asctime": "2026-09-01 14:40:38,778", "levelname": "INFO", "name": "httpx", "message": "HTTP Request: HEAD https://huggingface.co/BAAI/bge-m3/resolve/main/preprocessor_config.json \"HTTP/1.1 404 Not Found\""}
{"asctime": "2026-09-01 14:40:39,081", "levelname": "INFO", "name": "httpx", "message": "HTTP Request: HEAD https://huggingface.co/BAAI/bge-m3/resolve/main/video_preprocessor_config.json \"HTTP/1.1 404 Not Found\""}
{"asctime": "2026-09-01 14:40:39,084", "levelname": "INFO", "name": "httpx", "message": "HTTP Request: GET https://huggingface.co/api/models/BAAI/bge-m3/discussions?p=0 \"HTTP/1.1 200 OK\""}
{"asctime": "2026-09-01 14:40:39,390", "levelname": "INFO", "name": "httpx", "message": "HTTP Request: HEAD https://huggingface.co/BAAI/bge-m3/resolve/main/preprocessor_config.json \"HTTP/1.1 404 Not Found\""}
{"asctime": "2026-09-01 14:40:39,391", "levelname": "INFO", "name": "httpx", "message": "HTTP Request: GET https://huggingface.co/api/models/BAAI/bge-m3/commits/refs%2Fpr%2F130 \"HTTP/1.1 200 OK\""}
{"asctime": "2026-09-01 14:40:39,702", "levelname": "INFO", "name": "httpx", "message": "HTTP Request: HEAD https://huggingface.co/BAAI/bge-m3/resolve/main/tokenizer_config.json \"HTTP/1.1 307 Temporary Redirect\""}
{"asctime": "2026-09-01 14:40:39,703", "levelname": "INFO", "name": "httpx", "message": "HTTP Request: HEAD https://huggingface.co/BAAI/bge-m3/resolve/refs%2Fpr%2F130/model.safetensors.index.json \"HTTP/1.1 404 Not Found\""}
{"asctime": "2026-09-01 14:40:39,717", "levelname": "INFO", "name": "httpx", "message": "HTTP Request: HEAD https://huggingface.co/api/resolve-cache/models/BAAI/bge-m3/5617a9f61b028005a4858fdac845db406aefb181/tokenizer_config.json \"HTTP/1.1 200 OK\""}
{"asctime": "2026-09-01 14:40:39,990", "levelname": "INFO", "name": "httpx", "message": "HTTP Request: HEAD https://huggingface.co/BAAI/bge-m3/resolve/refs%2Fpr%2F130/model.safetensors \"HTTP/1.1 302 Found\""}
{"asctime": "2026-09-01 14:40:40,001", "levelname": "INFO", "name": "httpx", "message": "HTTP Request: HEAD https://huggingface.co/BAAI/bge-m3/resolve/main/config.json \"HTTP/1.1 307 Temporary Redirect\""}
{"asctime": "2026-09-01 14:40:40,013", "levelname": "INFO", "name": "httpx", "message": "HTTP Request: HEAD https://huggingface.co/api/resolve-cache/models/BAAI/bge-m3/5617a9f61b028005a4858fdac845db406aefb181/config.json \"HTTP/1.1 200 OK\""}
{"asctime": "2026-09-01 14:40:40,308", "levelname": "INFO", "name": "httpx", "message": "HTTP Request: HEAD https://huggingface.co/BAAI/bge-m3/resolve/main/config.json \"HTTP/1.1 307 Temporary Redirect\""}
{"asctime": "2026-09-01 14:40:40,321", "levelname": "INFO", "name": "httpx", "message": "HTTP Request: HEAD https://huggingface.co/api/resolve-cache/models/BAAI/bge-m3/5617a9f61b028005a4858fdac845db406aefb181/config.json \"HTTP/1.1 200 OK\""}
{"asctime": "2026-09-01 14:40:40,618", "levelname": "INFO", "name": "httpx", "message": "HTTP Request: HEAD https://huggingface.co/BAAI/bge-m3/resolve/main/tokenizer_config.json \"HTTP/1.1 307 Temporary Redirect\""}
{"asctime": "2026-09-01 14:40:40,634", "levelname": "INFO", "name": "httpx", "message": "HTTP Request: HEAD https://huggingface.co/api/resolve-cache/models/BAAI/bge-m3/5617a9f61b028005a4858fdac845db406aefb181/tokenizer_config.json \"HTTP/1.1 200 OK\""}
{"asctime": "2026-09-01 14:40:40,927", "levelname": "INFO", "name": "httpx", "message": "HTTP Request: GET https://huggingface.co/api/models/BAAI/bge-m3/tree/main/additional_chat_templates?recursive=false&expand=false \"HTTP/1.1 404 Not Found\""}
{"asctime": "2026-09-01 14:40:41,202", "levelname": "INFO", "name": "httpx", "message": "HTTP Request: GET https://huggingface.co/api/models/BAAI/bge-m3/tree/main?recursive=true&expand=false \"HTTP/1.1 200 OK\""}
{"asctime": "2026-09-01 14:40:42,260", "levelname": "INFO", "name": "httpx", "message": "HTTP Request: GET https://huggingface.co/api/models/BAAI/bge-m3 \"HTTP/1.1 200 OK\""}
{"asctime": "2026-09-01 14:40:42,701", "levelname": "INFO", "name": "httpx", "message": "HTTP Request: HEAD https://huggingface.co/BAAI/bge-m3/resolve/main/1_Pooling/config.json \"HTTP/1.1 307 Temporary Redirect\""}
{"asctime": "2026-09-01 14:40:42,725", "levelname": "INFO", "name": "httpx", "message": "HTTP Request: HEAD https://huggingface.co/api/resolve-cache/models/BAAI/bge-m3/5617a9f61b028005a4858fdac845db406aefb181/1_Pooling%2Fconfig.json \"HTTP/1.1 200 OK\""}
{"asctime": "2026-09-01 14:40:42,988", "levelname": "INFO", "name": "httpx", "message": "HTTP Request: HEAD https://huggingface.co/BAAI/bge-m3/resolve/main/2_Normalize/config.json \"HTTP/1.1 404 Not Found\""}
{"asctime": "2026-09-01 14:40:43,260", "levelname": "INFO", "name": "httpx", "message": "HTTP Request: GET https://huggingface.co/api/models/BAAI/bge-m3 \"HTTP/1.1 200 OK\""}
{"asctime": "2026-09-01 14:40:44,144", "levelname": "INFO", "name": "sentence_transformers.base.model", "message": "No device provided, using mps"}
{"asctime": "2026-09-01 14:40:44,418", "levelname": "INFO", "name": "httpx", "message": "HTTP Request: HEAD https://huggingface.co/BAAI/bge-m3/resolve/main/modules.json \"HTTP/1.1 307 Temporary Redirect\""}
{"asctime": "2026-09-01 14:40:44,431", "levelname": "INFO", "name": "httpx", "message": "HTTP Request: HEAD https://huggingface.co/api/resolve-cache/models/BAAI/bge-m3/5617a9f61b028005a4858fdac845db406aefb181/modules.json \"HTTP/1.1 200 OK\""}
{"asctime": "2026-09-01 14:40:44,739", "levelname": "INFO", "name": "httpx", "message": "HTTP Request: HEAD https://huggingface.co/BAAI/bge-m3/resolve/main/config_sentence_transformers.json \"HTTP/1.1 307 Temporary Redirect\""}
{"asctime": "2026-09-01 14:40:44,755", "levelname": "INFO", "name": "httpx", "message": "HTTP Request: HEAD https://huggingface.co/api/resolve-cache/models/BAAI/bge-m3/5617a9f61b028005a4858fdac845db406aefb181/config_sentence_transformers.json \"HTTP/1.1 200 OK\""}
{"asctime": "2026-09-01 14:40:44,756", "levelname": "INFO", "name": "sentence_transformers.base.model", "message": "Loading SentenceTransformer model from BAAI/bge-m3."}
{"asctime": "2026-09-01 14:40:45,374", "levelname": "INFO", "name": "httpx", "message": "HTTP Request: HEAD https://huggingface.co/BAAI/bge-m3/resolve/main/config_sentence_transformers.json \"HTTP/1.1 307 Temporary Redirect\""}
{"asctime": "2026-09-01 14:40:45,388", "levelname": "INFO", "name": "httpx", "message": "HTTP Request: HEAD https://huggingface.co/api/resolve-cache/models/BAAI/bge-m3/5617a9f61b028005a4858fdac845db406aefb181/config_sentence_transformers.json \"HTTP/1.1 200 OK\""}
{"asctime": "2026-09-01 14:40:45,769", "levelname": "INFO", "name": "httpx", "message": "HTTP Request: HEAD https://huggingface.co/BAAI/bge-m3/resolve/main/README.md \"HTTP/1.1 307 Temporary Redirect\""}
{"asctime": "2026-09-01 14:40:45,796", "levelname": "INFO", "name": "httpx", "message": "HTTP Request: HEAD https://huggingface.co/api/resolve-cache/models/BAAI/bge-m3/5617a9f61b028005a4858fdac845db406aefb181/README.md \"HTTP/1.1 200 OK\""}
{"asctime": "2026-09-01 14:40:46,067", "levelname": "INFO", "name": "httpx", "message": "HTTP Request: HEAD https://huggingface.co/BAAI/bge-m3/resolve/main/modules.json \"HTTP/1.1 307 Temporary Redirect\""}
{"asctime": "2026-09-01 14:40:46,080", "levelname": "INFO", "name": "httpx", "message": "HTTP Request: HEAD https://huggingface.co/api/resolve-cache/models/BAAI/bge-m3/5617a9f61b028005a4858fdac845db406aefb181/modules.json \"HTTP/1.1 200 OK\""}
{"asctime": "2026-09-01 14:40:46,358", "levelname": "INFO", "name": "httpx", "message": "HTTP Request: HEAD https://huggingface.co/BAAI/bge-m3/resolve/main/sentence_bert_config.json \"HTTP/1.1 307 Temporary Redirect\""}
{"asctime": "2026-09-01 14:40:46,370", "levelname": "INFO", "name": "httpx", "message": "HTTP Request: HEAD https://huggingface.co/api/resolve-cache/models/BAAI/bge-m3/5617a9f61b028005a4858fdac845db406aefb181/sentence_bert_config.json \"HTTP/1.1 200 OK\""}
{"asctime": "2026-09-01 14:40:46,676", "levelname": "INFO", "name": "httpx", "message": "HTTP Request: HEAD https://huggingface.co/BAAI/bge-m3/resolve/main/adapter_config.json \"HTTP/1.1 404 Not Found\""}
{"asctime": "2026-09-01 14:40:46,978", "levelname": "INFO", "name": "httpx", "message": "HTTP Request: HEAD https://huggingface.co/BAAI/bge-m3/resolve/main/config.json \"HTTP/1.1 307 Temporary Redirect\""}
{"asctime": "2026-09-01 14:40:46,991", "levelname": "INFO", "name": "httpx", "message": "HTTP Request: HEAD https://huggingface.co/api/resolve-cache/models/BAAI/bge-m3/5617a9f61b028005a4858fdac845db406aefb181/config.json \"HTTP/1.1 200 OK\""}
{"asctime": "2026-09-01 14:40:47,378", "levelname": "INFO", "name": "httpx", "message": "HTTP Request: HEAD https://huggingface.co/BAAI/bge-m3/resolve/main/model.safetensors \"HTTP/1.1 404 Not Found\""}
{"asctime": "2026-09-01 14:40:47,638", "levelname": "INFO", "name": "httpx", "message": "HTTP Request: GET https://huggingface.co/api/models/BAAI/bge-m3 \"HTTP/1.1 200 OK\""}
{"asctime": "2026-09-01 14:40:47,745", "levelname": "INFO", "name": "httpx", "message": "HTTP Request: HEAD https://huggingface.co/BAAI/bge-m3/resolve/main/processor_config.json \"HTTP/1.1 404 Not Found\""}
{"asctime": "2026-09-01 14:40:47,933", "levelname": "INFO", "name": "httpx", "message": "HTTP Request: GET https://huggingface.co/api/models/BAAI/bge-m3/commits/main \"HTTP/1.1 200 OK\""}
{"asctime": "2026-09-01 14:40:48,023", "levelname": "INFO", "name": "httpx", "message": "HTTP Request: HEAD https://huggingface.co/BAAI/bge-m3/resolve/main/preprocessor_config.json \"HTTP/1.1 404 Not Found\""}
{"asctime": "2026-09-01 14:40:48,302", "levelname": "INFO", "name": "httpx", "message": "HTTP Request: GET https://huggingface.co/api/models/BAAI/bge-m3/discussions?p=0 \"HTTP/1.1 200 OK\""}
{"asctime": "2026-09-01 14:40:48,304", "levelname": "INFO", "name": "httpx", "message": "HTTP Request: HEAD https://huggingface.co/BAAI/bge-m3/resolve/main/video_preprocessor_config.json \"HTTP/1.1 404 Not Found\""}
{"asctime": "2026-09-01 14:40:48,566", "levelname": "INFO", "name": "httpx", "message": "HTTP Request: HEAD https://huggingface.co/BAAI/bge-m3/resolve/main/preprocessor_config.json \"HTTP/1.1 404 Not Found\""}
{"asctime": "2026-09-01 14:40:48,616", "levelname": "INFO", "name": "httpx", "message": "HTTP Request: GET https://huggingface.co/api/models/BAAI/bge-m3/commits/refs%2Fpr%2F130 \"HTTP/1.1 200 OK\""}
{"asctime": "2026-09-01 14:40:48,921", "levelname": "INFO", "name": "httpx", "message": "HTTP Request: HEAD https://huggingface.co/BAAI/bge-m3/resolve/main/tokenizer_config.json \"HTTP/1.1 307 Temporary Redirect\""}
{"asctime": "2026-09-01 14:40:48,924", "levelname": "INFO", "name": "httpx", "message": "HTTP Request: HEAD https://huggingface.co/BAAI/bge-m3/resolve/refs%2Fpr%2F130/model.safetensors.index.json \"HTTP/1.1 404 Not Found\""}
{"asctime": "2026-09-01 14:40:48,935", "levelname": "INFO", "name": "httpx", "message": "HTTP Request: HEAD https://huggingface.co/api/resolve-cache/models/BAAI/bge-m3/5617a9f61b028005a4858fdac845db406aefb181/tokenizer_config.json \"HTTP/1.1 200 OK\""}
{"asctime": "2026-09-01 14:40:49,195", "levelname": "INFO", "name": "httpx", "message": "HTTP Request: HEAD https://huggingface.co/BAAI/bge-m3/resolve/refs%2Fpr%2F130/model.safetensors \"HTTP/1.1 302 Found\""}
{"asctime": "2026-09-01 14:40:49,196", "levelname": "INFO", "name": "httpx", "message": "HTTP Request: HEAD https://huggingface.co/BAAI/bge-m3/resolve/main/config.json \"HTTP/1.1 307 Temporary Redirect\""}
{"asctime": "2026-09-01 14:40:49,220", "levelname": "INFO", "name": "httpx", "message": "HTTP Request: HEAD https://huggingface.co/api/resolve-cache/models/BAAI/bge-m3/5617a9f61b028005a4858fdac845db406aefb181/config.json \"HTTP/1.1 200 OK\""}
{"asctime": "2026-09-01 14:40:49,628", "levelname": "INFO", "name": "httpx", "message": "HTTP Request: HEAD https://huggingface.co/BAAI/bge-m3/resolve/main/config.json \"HTTP/1.1 307 Temporary Redirect\""}
{"asctime": "2026-09-01 14:40:49,641", "levelname": "INFO", "name": "httpx", "message": "HTTP Request: HEAD https://huggingface.co/api/resolve-cache/models/BAAI/bge-m3/5617a9f61b028005a4858fdac845db406aefb181/config.json \"HTTP/1.1 200 OK\""}
{"asctime": "2026-09-01 14:40:49,924", "levelname": "INFO", "name": "httpx", "message": "HTTP Request: HEAD https://huggingface.co/BAAI/bge-m3/resolve/main/tokenizer_config.json \"HTTP/1.1 307 Temporary Redirect\""}
{"asctime": "2026-09-01 14:40:49,951", "levelname": "INFO", "name": "httpx", "message": "HTTP Request: HEAD https://huggingface.co/api/resolve-cache/models/BAAI/bge-m3/5617a9f61b028005a4858fdac845db406aefb181/tokenizer_config.json \"HTTP/1.1 200 OK\""}
{"asctime": "2026-09-01 14:40:50,229", "levelname": "INFO", "name": "httpx", "message": "HTTP Request: GET https://huggingface.co/api/models/BAAI/bge-m3/tree/main/additional_chat_templates?recursive=false&expand=false \"HTTP/1.1 404 Not Found\""}
{"asctime": "2026-09-01 14:40:50,522", "levelname": "INFO", "name": "httpx", "message": "HTTP Request: GET https://huggingface.co/api/models/BAAI/bge-m3/tree/main?recursive=true&expand=false \"HTTP/1.1 200 OK\""}
{"asctime": "2026-09-01 14:40:52,000", "levelname": "INFO", "name": "httpx", "message": "HTTP Request: GET https://huggingface.co/api/models/BAAI/bge-m3 \"HTTP/1.1 200 OK\""}
{"asctime": "2026-09-01 14:40:52,400", "levelname": "INFO", "name": "httpx", "message": "HTTP Request: HEAD https://huggingface.co/BAAI/bge-m3/resolve/main/1_Pooling/config.json \"HTTP/1.1 307 Temporary Redirect\""}
{"asctime": "2026-09-01 14:40:52,417", "levelname": "INFO", "name": "httpx", "message": "HTTP Request: HEAD https://huggingface.co/api/resolve-cache/models/BAAI/bge-m3/5617a9f61b028005a4858fdac845db406aefb181/1_Pooling%2Fconfig.json \"HTTP/1.1 200 OK\""}
{"asctime": "2026-09-01 14:40:52,713", "levelname": "INFO", "name": "httpx", "message": "HTTP Request: HEAD https://huggingface.co/BAAI/bge-m3/resolve/main/2_Normalize/config.json \"HTTP/1.1 404 Not Found\""}
{"asctime": "2026-09-01 14:40:53,007", "levelname": "INFO", "name": "httpx", "message": "HTTP Request: GET https://huggingface.co/api/models/BAAI/bge-m3 \"HTTP/1.1 200 OK\""}
{"asctime": "2026-09-01 14:42:29,100", "levelname": "INFO", "name": "django.utils.autoreload", "message": "Watching for file changes with StatReloader"}
{"asctime": "2026-09-01 14:43:03,081", "levelname": "INFO", "name": "sentence_transformers.base.model", "message": "No device provided, using mps"}
{"asctime": "2026-09-01 14:43:03,560", "levelname": "INFO", "name": "httpx", "message": "HTTP Request: HEAD https://huggingface.co/BAAI/bge-m3/resolve/main/modules.json \"HTTP/1.1 307 Temporary Redirect\""}
{"asctime": "2026-09-01 14:43:03,560", "levelname": "WARNING", "name": "huggingface_hub.utils._http", "message": "Warning: You are sending unauthenticated requests to the HF Hub. Please set a HF_TOKEN to enable higher rate limits and faster downloads."}
{"asctime": "2026-09-01 14:43:03,595", "levelname": "INFO", "name": "httpx", "message": "HTTP Request: HEAD https://huggingface.co/api/resolve-cache/models/BAAI/bge-m3/5617a9f61b028005a4858fdac845db406aefb181/modules.json \"HTTP/1.1 200 OK\""}
{"asctime": "2026-09-01 14:43:04,013", "levelname": "INFO", "name": "httpx", "message": "HTTP Request: HEAD https://huggingface.co/BAAI/bge-m3/resolve/main/config_sentence_transformers.json \"HTTP/1.1 307 Temporary Redirect\""}
{"asctime": "2026-09-01 14:43:04,029", "levelname": "INFO", "name": "httpx", "message": "HTTP Request: HEAD https://huggingface.co/api/resolve-cache/models/BAAI/bge-m3/5617a9f61b028005a4858fdac845db406aefb181/config_sentence_transformers.json \"HTTP/1.1 200 OK\""}
{"asctime": "2026-09-01 14:43:04,031", "levelname": "INFO", "name": "sentence_transformers.base.model", "message": "Loading SentenceTransformer model from BAAI/bge-m3."}
{"asctime": "2026-09-01 14:43:04,338", "levelname": "INFO", "name": "httpx", "message": "HTTP Request: HEAD https://huggingface.co/BAAI/bge-m3/resolve/main/config_sentence_transformers.json \"HTTP/1.1 307 Temporary Redirect\""}
{"asctime": "2026-09-01 14:43:04,356", "levelname": "INFO", "name": "httpx", "message": "HTTP Request: HEAD https://huggingface.co/api/resolve-cache/models/BAAI/bge-m3/5617a9f61b028005a4858fdac845db406aefb181/config_sentence_transformers.json \"HTTP/1.1 200 OK\""}
{"asctime": "2026-09-01 14:43:04,632", "levelname": "INFO", "name": "httpx", "message": "HTTP Request: HEAD https://huggingface.co/BAAI/bge-m3/resolve/main/README.md \"HTTP/1.1 307 Temporary Redirect\""}
{"asctime": "2026-09-01 14:43:04,644", "levelname": "INFO", "name": "httpx", "message": "HTTP Request: HEAD https://huggingface.co/api/resolve-cache/models/BAAI/bge-m3/5617a9f61b028005a4858fdac845db406aefb181/README.md \"HTTP/1.1 200 OK\""}
{"asctime": "2026-09-01 14:43:04,913", "levelname": "INFO", "name": "httpx", "message": "HTTP Request: HEAD https://huggingface.co/BAAI/bge-m3/resolve/main/modules.json \"HTTP/1.1 307 Temporary Redirect\""}
{"asctime": "2026-09-01 14:43:04,926", "levelname": "INFO", "name": "httpx", "message": "HTTP Request: HEAD https://huggingface.co/api/resolve-cache/models/BAAI/bge-m3/5617a9f61b028005a4858fdac845db406aefb181/modules.json \"HTTP/1.1 200 OK\""}
{"asctime": "2026-09-01 14:43:05,315", "levelname": "INFO", "name": "httpx", "message": "HTTP Request: HEAD https://huggingface.co/BAAI/bge-m3/resolve/main/sentence_bert_config.json \"HTTP/1.1 307 Temporary Redirect\""}
{"asctime": "2026-09-01 14:43:05,334", "levelname": "INFO", "name": "httpx", "message": "HTTP Request: HEAD https://huggingface.co/api/resolve-cache/models/BAAI/bge-m3/5617a9f61b028005a4858fdac845db406aefb181/sentence_bert_config.json \"HTTP/1.1 200 OK\""}
{"asctime": "2026-09-01 14:43:05,622", "levelname": "INFO", "name": "httpx", "message": "HTTP Request: HEAD https://huggingface.co/BAAI/bge-m3/resolve/main/adapter_config.json \"HTTP/1.1 404 Not Found\""}
{"asctime": "2026-09-01 14:43:05,930", "levelname": "INFO", "name": "httpx", "message": "HTTP Request: HEAD https://huggingface.co/BAAI/bge-m3/resolve/main/config.json \"HTTP/1.1 307 Temporary Redirect\""}
{"asctime": "2026-09-01 14:43:05,942", "levelname": "INFO", "name": "httpx", "message": "HTTP Request: HEAD https://huggingface.co/api/resolve-cache/models/BAAI/bge-m3/5617a9f61b028005a4858fdac845db406aefb181/config.json \"HTTP/1.1 200 OK\""}
{"asctime": "2026-09-01 14:43:06,214", "levelname": "INFO", "name": "httpx", "message": "HTTP Request: HEAD https://huggingface.co/BAAI/bge-m3/resolve/main/model.safetensors \"HTTP/1.1 404 Not Found\""}
{"asctime": "2026-09-01 14:43:06,482", "levelname": "INFO", "name": "httpx", "message": "HTTP Request: GET https://huggingface.co/api/models/BAAI/bge-m3 \"HTTP/1.1 200 OK\""}
{"asctime": "2026-09-01 14:43:06,627", "levelname": "INFO", "name": "httpx", "message": "HTTP Request: HEAD https://huggingface.co/BAAI/bge-m3/resolve/main/processor_config.json \"HTTP/1.1 404 Not Found\""}
{"asctime": "2026-09-01 14:43:06,782", "levelname": "INFO", "name": "httpx", "message": "HTTP Request: GET https://huggingface.co/api/models/BAAI/bge-m3/commits/main \"HTTP/1.1 200 OK\""}
{"asctime": "2026-09-01 14:43:06,893", "levelname": "INFO", "name": "httpx", "message": "HTTP Request: HEAD https://huggingface.co/BAAI/bge-m3/resolve/main/preprocessor_config.json \"HTTP/1.1 404 Not Found\""}
{"asctime": "2026-09-01 14:43:07,076", "levelname": "INFO", "name": "httpx", "message": "HTTP Request: GET https://huggingface.co/api/models/BAAI/bge-m3/discussions?p=0 \"HTTP/1.1 200 OK\""}
{"asctime": "2026-09-01 14:43:07,175", "levelname": "INFO", "name": "httpx", "message": "HTTP Request: HEAD https://huggingface.co/BAAI/bge-m3/resolve/main/video_preprocessor_config.json \"HTTP/1.1 404 Not Found\""}
{"asctime": "2026-09-01 14:43:07,571", "levelname": "INFO", "name": "httpx", "message": "HTTP Request: GET https://huggingface.co/api/models/BAAI/bge-m3/commits/refs%2Fpr%2F130 \"HTTP/1.1 200 OK\""}
{"asctime": "2026-09-01 14:43:07,573", "levelname": "INFO", "name": "httpx", "message": "HTTP Request: HEAD https://huggingface.co/BAAI/bge-m3/resolve/main/preprocessor_config.json \"HTTP/1.1 404 Not Found\""}
{"asctime": "2026-09-01 14:43:07,882", "levelname": "INFO", "name": "httpx", "message": "HTTP Request: HEAD https://huggingface.co/BAAI/bge-m3/resolve/main/tokenizer_config.json \"HTTP/1.1 307 Temporary Redirect\""}
{"asctime": "2026-09-01 14:43:07,884", "levelname": "INFO", "name": "httpx", "message": "HTTP Request: HEAD https://huggingface.co/BAAI/bge-m3/resolve/refs%2Fpr%2F130/model.safetensors.index.json \"HTTP/1.1 404 Not Found\""}
{"asctime": "2026-09-01 14:43:07,896", "levelname": "INFO", "name": "httpx", "message": "HTTP Request: HEAD https://huggingface.co/api/resolve-cache/models/BAAI/bge-m3/5617a9f61b028005a4858fdac845db406aefb181/tokenizer_config.json \"HTTP/1.1 200 OK\""}
{"asctime": "2026-09-01 14:43:08,152", "levelname": "INFO", "name": "httpx", "message": "HTTP Request: HEAD https://huggingface.co/BAAI/bge-m3/resolve/refs%2Fpr%2F130/model.safetensors \"HTTP/1.1 302 Found\""}
{"asctime": "2026-09-01 14:43:08,168", "levelname": "INFO", "name": "httpx", "message": "HTTP Request: HEAD https://huggingface.co/BAAI/bge-m3/resolve/main/config.json \"HTTP/1.1 307 Temporary Redirect\""}
{"asctime": "2026-09-01 14:43:08,197", "levelname": "INFO", "name": "httpx", "message": "HTTP Request: HEAD https://huggingface.co/api/resolve-cache/models/BAAI/bge-m3/5617a9f61b028005a4858fdac845db406aefb181/config.json \"HTTP/1.1 200 OK\""}
{"asctime": "2026-09-01 14:43:08,501", "levelname": "INFO", "name": "httpx", "message": "HTTP Request: HEAD https://huggingface.co/BAAI/bge-m3/resolve/main/config.json \"HTTP/1.1 307 Temporary Redirect\""}
{"asctime": "2026-09-01 14:43:08,513", "levelname": "INFO", "name": "httpx", "message": "HTTP Request: HEAD https://huggingface.co/api/resolve-cache/models/BAAI/bge-m3/5617a9f61b028005a4858fdac845db406aefb181/config.json \"HTTP/1.1 200 OK\""}
{"asctime": "2026-09-01 14:43:08,900", "levelname": "INFO", "name": "httpx", "message": "HTTP Request: HEAD https://huggingface.co/BAAI/bge-m3/resolve/main/tokenizer_config.json \"HTTP/1.1 307 Temporary Redirect\""}
{"asctime": "2026-09-01 14:43:08,914", "levelname": "INFO", "name": "httpx", "message": "HTTP Request: HEAD https://huggingface.co/api/resolve-cache/models/BAAI/bge-m3/5617a9f61b028005a4858fdac845db406aefb181/tokenizer_config.json \"HTTP/1.1 200 OK\""}
{"asctime": "2026-09-01 14:43:09,246", "levelname": "INFO", "name": "httpx", "message": "HTTP Request: GET https://huggingface.co/api/models/BAAI/bge-m3/tree/main/additional_chat_templates?recursive=false&expand=false \"HTTP/1.1 404 Not Found\""}
{"asctime": "2026-09-01 14:43:09,570", "levelname": "INFO", "name": "httpx", "message": "HTTP Request: GET https://huggingface.co/api/models/BAAI/bge-m3/tree/main?recursive=true&expand=false \"HTTP/1.1 200 OK\""}
{"asctime": "2026-09-01 14:43:10,638", "levelname": "INFO", "name": "httpx", "message": "HTTP Request: GET https://huggingface.co/api/models/BAAI/bge-m3 \"HTTP/1.1 200 OK\""}
{"asctime": "2026-09-01 14:43:10,918", "levelname": "INFO", "name": "httpx", "message": "HTTP Request: HEAD https://huggingface.co/BAAI/bge-m3/resolve/main/1_Pooling/config.json \"HTTP/1.1 307 Temporary Redirect\""}
{"asctime": "2026-09-01 14:43:10,935", "levelname": "INFO", "name": "httpx", "message": "HTTP Request: HEAD https://huggingface.co/api/resolve-cache/models/BAAI/bge-m3/5617a9f61b028005a4858fdac845db406aefb181/1_Pooling%2Fconfig.json \"HTTP/1.1 200 OK\""}
{"asctime": "2026-09-01 14:43:11,188", "levelname": "INFO", "name": "httpx", "message": "HTTP Request: HEAD https://huggingface.co/BAAI/bge-m3/resolve/main/2_Normalize/config.json \"HTTP/1.1 404 Not Found\""}
{"asctime": "2026-09-01 14:43:11,469", "levelname": "INFO", "name": "httpx", "message": "HTTP Request: GET https://huggingface.co/api/models/BAAI/bge-m3 \"HTTP/1.1 200 OK\""}
{"asctime": "2026-09-01 14:43:12,832", "levelname": "INFO", "name": "httpx", "message": "HTTP Request: POST https://api.groq.com/openai/v1/chat/completions \"HTTP/1.1 404 Not Found\""}
{"asctime": "2026-09-01 14:43:12,833", "levelname": "ERROR", "name": "query.views", "message": "LLM generation failed for query", "exc_info": "Traceback (most recent call last):\n  File \"/Users/arga/Kementerian-HAM/rag_project/query/views.py\", line 92, in post\n    answer = generate_answer(messages)\n             ^^^^^^^^^^^^^^^^^^^^^^^^^\n  File \"/Users/arga/Kementerian-HAM/rag_project/query/services/llm_client.py\", line 24, in generate_answer\n    completion = _client.chat.completions.create(\n                 ^^^^^^^^^^^^^^^^^^^^^^^^^^^^^^^^\n  File \"/Users/arga/.pyenv/versions/3.11.9/lib/python3.11/site-packages/groq/resources/chat/completions.py\", line 466, in create\n    return self._post(\n           ^^^^^^^^^^^\n  File \"/Users/arga/.pyenv/versions/3.11.9/lib/python3.11/site-packages/groq/_base_client.py\", line 1284, in post\n    return cast(ResponseT, self.request(cast_to, opts, stream=stream, stream_cls=stream_cls))\n                           ^^^^^^^^^^^^^^^^^^^^^^^^^^^^^^^^^^^^^^^^^^^^^^^^^^^^^^^^^^^^^^^^^\n  File \"/Users/arga/.pyenv/versions/3.11.9/lib/python3.11/site-packages/groq/_base_client.py\", line 1071, in request\n    raise self._make_status_error_from_response(err.response) from None\ngroq.NotFoundError: Error code: 404 - {'error': {'message': 'The model `llama-3.3-70b-versatile` does not exist or you do not have access to it.', 'type': 'invalid_request_error', 'code': 'model_not_found'}}"}
{"asctime": "2026-09-01 14:43:48,359", "levelname": "INFO", "name": "httpx", "message": "HTTP Request: POST https://api.groq.com/openai/v1/chat/completions \"HTTP/1.1 404 Not Found\""}
{"asctime": "2026-09-01 14:45:38,096", "levelname": "INFO", "name": "httpx", "message": "HTTP Request: GET https://api.groq.com/openai/v1/models \"HTTP/1.1 200 OK\""}
{"asctime": "2026-09-01 14:46:32,381", "levelname": "INFO", "name": "httpx", "message": "HTTP Request: POST https://api.groq.com/openai/v1/chat/completions \"HTTP/1.1 200 OK\""}
{"asctime": "2026-09-01 14:47:01,768", "levelname": "INFO", "name": "django.utils.autoreload", "message": "/Users/arga/Kementerian-HAM/rag_project/query/services/llm_client.py changed, reloading."}
{"asctime": "2026-09-01 14:47:02,489", "levelname": "INFO", "name": "django.utils.autoreload", "message": "Watching for file changes with StatReloader"}
{"asctime": "2026-09-01 14:47:23,727", "levelname": "INFO", "name": "sentence_transformers.base.model", "message": "No device provided, using mps"}
{"asctime": "2026-09-01 14:47:24,052", "levelname": "INFO", "name": "httpx", "message": "HTTP Request: HEAD https://huggingface.co/BAAI/bge-m3/resolve/main/modules.json \"HTTP/1.1 307 Temporary Redirect\""}
{"asctime": "2026-09-01 14:47:24,077", "levelname": "INFO", "name": "httpx", "message": "HTTP Request: HEAD https://huggingface.co/api/resolve-cache/models/BAAI/bge-m3/5617a9f61b028005a4858fdac845db406aefb181/modules.json \"HTTP/1.1 200 OK\""}
{"asctime": "2026-09-01 14:47:24,324", "levelname": "INFO", "name": "httpx", "message": "HTTP Request: HEAD https://huggingface.co/BAAI/bge-m3/resolve/main/config_sentence_transformers.json \"HTTP/1.1 307 Temporary Redirect\""}
{"asctime": "2026-09-01 14:47:24,338", "levelname": "INFO", "name": "httpx", "message": "HTTP Request: HEAD https://huggingface.co/api/resolve-cache/models/BAAI/bge-m3/5617a9f61b028005a4858fdac845db406aefb181/config_sentence_transformers.json \"HTTP/1.1 200 OK\""}
{"asctime": "2026-09-01 14:47:24,339", "levelname": "INFO", "name": "sentence_transformers.base.model", "message": "Loading SentenceTransformer model from BAAI/bge-m3."}
{"asctime": "2026-09-01 14:47:24,609", "levelname": "INFO", "name": "httpx", "message": "HTTP Request: HEAD https://huggingface.co/BAAI/bge-m3/resolve/main/config_sentence_transformers.json \"HTTP/1.1 307 Temporary Redirect\""}
{"asctime": "2026-09-01 14:47:24,610", "levelname": "WARNING", "name": "huggingface_hub.utils._http", "message": "Warning: You are sending unauthenticated requests to the HF Hub. Please set a HF_TOKEN to enable higher rate limits and faster downloads."}
{"asctime": "2026-09-01 14:47:24,626", "levelname": "INFO", "name": "httpx", "message": "HTTP Request: HEAD https://huggingface.co/api/resolve-cache/models/BAAI/bge-m3/5617a9f61b028005a4858fdac845db406aefb181/config_sentence_transformers.json \"HTTP/1.1 200 OK\""}
{"asctime": "2026-09-01 14:47:24,887", "levelname": "INFO", "name": "httpx", "message": "HTTP Request: HEAD https://huggingface.co/BAAI/bge-m3/resolve/main/README.md \"HTTP/1.1 307 Temporary Redirect\""}
{"asctime": "2026-09-01 14:47:24,914", "levelname": "INFO", "name": "httpx", "message": "HTTP Request: HEAD https://huggingface.co/api/resolve-cache/models/BAAI/bge-m3/5617a9f61b028005a4858fdac845db406aefb181/README.md \"HTTP/1.1 200 OK\""}
{"asctime": "2026-09-01 14:47:25,193", "levelname": "INFO", "name": "httpx", "message": "HTTP Request: HEAD https://huggingface.co/BAAI/bge-m3/resolve/main/modules.json \"HTTP/1.1 307 Temporary Redirect\""}
{"asctime": "2026-09-01 14:47:25,216", "levelname": "INFO", "name": "httpx", "message": "HTTP Request: HEAD https://huggingface.co/api/resolve-cache/models/BAAI/bge-m3/5617a9f61b028005a4858fdac845db406aefb181/modules.json \"HTTP/1.1 200 OK\""}
{"asctime": "2026-09-01 14:47:25,478", "levelname": "INFO", "name": "httpx", "message": "HTTP Request: HEAD https://huggingface.co/BAAI/bge-m3/resolve/main/sentence_bert_config.json \"HTTP/1.1 307 Temporary Redirect\""}
{"asctime": "2026-09-01 14:47:25,501", "levelname": "INFO", "name": "httpx", "message": "HTTP Request: HEAD https://huggingface.co/api/resolve-cache/models/BAAI/bge-m3/5617a9f61b028005a4858fdac845db406aefb181/sentence_bert_config.json \"HTTP/1.1 200 OK\""}
{"asctime": "2026-09-01 14:47:25,768", "levelname": "INFO", "name": "httpx", "message": "HTTP Request: HEAD https://huggingface.co/BAAI/bge-m3/resolve/main/adapter_config.json \"HTTP/1.1 404 Not Found\""}
{"asctime": "2026-09-01 14:47:26,025", "levelname": "INFO", "name": "httpx", "message": "HTTP Request: HEAD https://huggingface.co/BAAI/bge-m3/resolve/main/config.json \"HTTP/1.1 307 Temporary Redirect\""}
{"asctime": "2026-09-01 14:47:26,039", "levelname": "INFO", "name": "httpx", "message": "HTTP Request: HEAD https://huggingface.co/api/resolve-cache/models/BAAI/bge-m3/5617a9f61b028005a4858fdac845db406aefb181/config.json \"HTTP/1.1 200 OK\""}
{"asctime": "2026-09-01 14:47:26,347", "levelname": "INFO", "name": "httpx", "message": "HTTP Request: HEAD https://huggingface.co/BAAI/bge-m3/resolve/main/model.safetensors \"HTTP/1.1 404 Not Found\""}
{"asctime": "2026-09-01 14:47:26,617", "levelname": "INFO", "name": "httpx", "message": "HTTP Request: GET https://huggingface.co/api/models/BAAI/bge-m3 \"HTTP/1.1 200 OK\""}
{"asctime": "2026-09-01 14:47:26,762", "levelname": "INFO", "name": "httpx", "message": "HTTP Request: HEAD https://huggingface.co/BAAI/bge-m3/resolve/main/processor_config.json \"HTTP/1.1 404 Not Found\""}
{"asctime": "2026-09-01 14:47:26,933", "levelname": "INFO", "name": "httpx", "message": "HTTP Request: GET https://huggingface.co/api/models/BAAI/bge-m3/commits/main \"HTTP/1.1 200 OK\""}
{"asctime": "2026-09-01 14:47:27,060", "levelname": "INFO", "name": "httpx", "message": "HTTP Request: HEAD https://huggingface.co/BAAI/bge-m3/resolve/main/preprocessor_config.json \"HTTP/1.1 404 Not Found\""}
{"asctime": "2026-09-01 14:47:27,286", "levelname": "INFO", "name": "httpx", "message": "HTTP Request: GET https://huggingface.co/api/models/BAAI/bge-m3/discussions?p=0 \"HTTP/1.1 200 OK\""}
{"asctime": "2026-09-01 14:47:27,599", "levelname": "INFO", "name": "httpx", "message": "HTTP Request: HEAD https://huggingface.co/BAAI/bge-m3/resolve/main/video_preprocessor_config.json \"HTTP/1.1 404 Not Found\""}
{"asctime": "2026-09-01 14:47:27,637", "levelname": "INFO", "name": "httpx", "message": "HTTP Request: GET https://huggingface.co/api/models/BAAI/bge-m3/commits/refs%2Fpr%2F130 \"HTTP/1.1 200 OK\""}
{"asctime": "2026-09-01 14:47:27,936", "levelname": "INFO", "name": "httpx", "message": "HTTP Request: HEAD https://huggingface.co/BAAI/bge-m3/resolve/main/preprocessor_config.json \"HTTP/1.1 404 Not Found\""}
{"asctime": "2026-09-01 14:47:28,042", "levelname": "INFO", "name": "httpx", "message": "HTTP Request: HEAD https://huggingface.co/BAAI/bge-m3/resolve/refs%2Fpr%2F130/model.safetensors.index.json \"HTTP/1.1 404 Not Found\""}
{"asctime": "2026-09-01 14:47:28,265", "levelname": "INFO", "name": "httpx", "message": "HTTP Request: HEAD https://huggingface.co/BAAI/bge-m3/resolve/main/tokenizer_config.json \"HTTP/1.1 307 Temporary Redirect\""}
{"asctime": "2026-09-01 14:47:28,313", "levelname": "INFO", "name": "httpx", "message": "HTTP Request: HEAD https://huggingface.co/api/resolve-cache/models/BAAI/bge-m3/5617a9f61b028005a4858fdac845db406aefb181/tokenizer_config.json \"HTTP/1.1 200 OK\""}
{"asctime": "2026-09-01 14:47:28,336", "levelname": "INFO", "name": "httpx", "message": "HTTP Request: HEAD https://huggingface.co/BAAI/bge-m3/resolve/refs%2Fpr%2F130/model.safetensors \"HTTP/1.1 302 Found\""}
{"asctime": "2026-09-01 14:47:28,652", "levelname": "INFO", "name": "httpx", "message": "HTTP Request: HEAD https://huggingface.co/BAAI/bge-m3/resolve/main/config.json \"HTTP/1.1 307 Temporary Redirect\""}
{"asctime": "2026-09-01 14:47:28,690", "levelname": "INFO", "name": "httpx", "message": "HTTP Request: HEAD https://huggingface.co/api/resolve-cache/models/BAAI/bge-m3/5617a9f61b028005a4858fdac845db406aefb181/config.json \"HTTP/1.1 200 OK\""}
{"asctime": "2026-09-01 14:47:28,962", "levelname": "INFO", "name": "httpx", "message": "HTTP Request: HEAD https://huggingface.co/BAAI/bge-m3/resolve/main/config.json \"HTTP/1.1 307 Temporary Redirect\""}
{"asctime": "2026-09-01 14:47:28,979", "levelname": "INFO", "name": "httpx", "message": "HTTP Request: HEAD https://huggingface.co/api/resolve-cache/models/BAAI/bge-m3/5617a9f61b028005a4858fdac845db406aefb181/config.json \"HTTP/1.1 200 OK\""}
{"asctime": "2026-09-01 14:47:29,252", "levelname": "INFO", "name": "httpx", "message": "HTTP Request: HEAD https://huggingface.co/BAAI/bge-m3/resolve/main/tokenizer_config.json \"HTTP/1.1 307 Temporary Redirect\""}
{"asctime": "2026-09-01 14:47:29,268", "levelname": "INFO", "name": "httpx", "message": "HTTP Request: HEAD https://huggingface.co/api/resolve-cache/models/BAAI/bge-m3/5617a9f61b028005a4858fdac845db406aefb181/tokenizer_config.json \"HTTP/1.1 200 OK\""}
{"asctime": "2026-09-01 14:47:29,540", "levelname": "INFO", "name": "httpx", "message": "HTTP Request: GET https://huggingface.co/api/models/BAAI/bge-m3/tree/main/additional_chat_templates?recursive=false&expand=false \"HTTP/1.1 404 Not Found\""}
{"asctime": "2026-09-01 14:47:29,839", "levelname": "INFO", "name": "httpx", "message": "HTTP Request: GET https://huggingface.co/api/models/BAAI/bge-m3/tree/main?recursive=true&expand=false \"HTTP/1.1 200 OK\""}
{"asctime": "2026-09-01 14:47:30,863", "levelname": "INFO", "name": "httpx", "message": "HTTP Request: GET https://huggingface.co/api/models/BAAI/bge-m3 \"HTTP/1.1 200 OK\""}
{"asctime": "2026-09-01 14:47:31,203", "levelname": "INFO", "name": "httpx", "message": "HTTP Request: HEAD https://huggingface.co/BAAI/bge-m3/resolve/main/1_Pooling/config.json \"HTTP/1.1 307 Temporary Redirect\""}
{"asctime": "2026-09-01 14:47:31,230", "levelname": "INFO", "name": "httpx", "message": "HTTP Request: HEAD https://huggingface.co/api/resolve-cache/models/BAAI/bge-m3/5617a9f61b028005a4858fdac845db406aefb181/1_Pooling%2Fconfig.json \"HTTP/1.1 200 OK\""}
{"asctime": "2026-09-01 14:47:31,746", "levelname": "INFO", "name": "httpx", "message": "HTTP Request: HEAD https://huggingface.co/BAAI/bge-m3/resolve/main/2_Normalize/config.json \"HTTP/1.1 404 Not Found\""}
{"asctime": "2026-09-01 14:47:32,042", "levelname": "INFO", "name": "httpx", "message": "HTTP Request: GET https://huggingface.co/api/models/BAAI/bge-m3 \"HTTP/1.1 200 OK\""}
{"asctime": "2026-09-01 14:47:34,701", "levelname": "INFO", "name": "httpx", "message": "HTTP Request: POST https://api.groq.com/openai/v1/chat/completions \"HTTP/1.1 200 OK\""}
{"asctime": "2026-09-01 14:47:57,341", "levelname": "INFO", "name": "sentence_transformers.base.model", "message": "No device provided, using mps"}
{"asctime": "2026-09-01 14:47:57,672", "levelname": "INFO", "name": "httpx", "message": "HTTP Request: HEAD https://huggingface.co/BAAI/bge-m3/resolve/main/modules.json \"HTTP/1.1 307 Temporary Redirect\""}
{"asctime": "2026-09-01 14:47:57,673", "levelname": "WARNING", "name": "huggingface_hub.utils._http", "message": "Warning: You are sending unauthenticated requests to the HF Hub. Please set a HF_TOKEN to enable higher rate limits and faster downloads."}
{"asctime": "2026-09-01 14:47:57,686", "levelname": "INFO", "name": "httpx", "message": "HTTP Request: HEAD https://huggingface.co/api/resolve-cache/models/BAAI/bge-m3/5617a9f61b028005a4858fdac845db406aefb181/modules.json \"HTTP/1.1 200 OK\""}
{"asctime": "2026-09-01 14:47:57,983", "levelname": "INFO", "name": "httpx", "message": "HTTP Request: HEAD https://huggingface.co/BAAI/bge-m3/resolve/main/config_sentence_transformers.json \"HTTP/1.1 307 Temporary Redirect\""}
{"asctime": "2026-09-01 14:47:58,016", "levelname": "INFO", "name": "httpx", "message": "HTTP Request: HEAD https://huggingface.co/api/resolve-cache/models/BAAI/bge-m3/5617a9f61b028005a4858fdac845db406aefb181/config_sentence_transformers.json \"HTTP/1.1 200 OK\""}
{"asctime": "2026-09-01 14:47:58,017", "levelname": "INFO", "name": "sentence_transformers.base.model", "message": "Loading SentenceTransformer model from BAAI/bge-m3."}
{"asctime": "2026-09-01 14:47:58,269", "levelname": "INFO", "name": "httpx", "message": "HTTP Request: HEAD https://huggingface.co/BAAI/bge-m3/resolve/main/config_sentence_transformers.json \"HTTP/1.1 307 Temporary Redirect\""}
{"asctime": "2026-09-01 14:47:58,293", "levelname": "INFO", "name": "httpx", "message": "HTTP Request: HEAD https://huggingface.co/api/resolve-cache/models/BAAI/bge-m3/5617a9f61b028005a4858fdac845db406aefb181/config_sentence_transformers.json \"HTTP/1.1 200 OK\""}
{"asctime": "2026-09-01 14:47:58,697", "levelname": "INFO", "name": "httpx", "message": "HTTP Request: HEAD https://huggingface.co/BAAI/bge-m3/resolve/main/README.md \"HTTP/1.1 307 Temporary Redirect\""}
{"asctime": "2026-09-01 14:47:58,713", "levelname": "INFO", "name": "httpx", "message": "HTTP Request: HEAD https://huggingface.co/api/resolve-cache/models/BAAI/bge-m3/5617a9f61b028005a4858fdac845db406aefb181/README.md \"HTTP/1.1 200 OK\""}
{"asctime": "2026-09-01 14:47:58,972", "levelname": "INFO", "name": "httpx", "message": "HTTP Request: HEAD https://huggingface.co/BAAI/bge-m3/resolve/main/modules.json \"HTTP/1.1 307 Temporary Redirect\""}
{"asctime": "2026-09-01 14:47:58,992", "levelname": "INFO", "name": "httpx", "message": "HTTP Request: HEAD https://huggingface.co/api/resolve-cache/models/BAAI/bge-m3/5617a9f61b028005a4858fdac845db406aefb181/modules.json \"HTTP/1.1 200 OK\""}
{"asctime": "2026-09-01 14:47:59,349", "levelname": "INFO", "name": "httpx", "message": "HTTP Request: HEAD https://huggingface.co/BAAI/bge-m3/resolve/main/sentence_bert_config.json \"HTTP/1.1 307 Temporary Redirect\""}
{"asctime": "2026-09-01 14:47:59,366", "levelname": "INFO", "name": "httpx", "message": "HTTP Request: HEAD https://huggingface.co/api/resolve-cache/models/BAAI/bge-m3/5617a9f61b028005a4858fdac845db406aefb181/sentence_bert_config.json \"HTTP/1.1 200 OK\""}
{"asctime": "2026-09-01 14:47:59,632", "levelname": "INFO", "name": "httpx", "message": "HTTP Request: HEAD https://huggingface.co/BAAI/bge-m3/resolve/main/adapter_config.json \"HTTP/1.1 404 Not Found\""}
{"asctime": "2026-09-01 14:47:59,903", "levelname": "INFO", "name": "httpx", "message": "HTTP Request: HEAD https://huggingface.co/BAAI/bge-m3/resolve/main/config.json \"HTTP/1.1 307 Temporary Redirect\""}
{"asctime": "2026-09-01 14:47:59,947", "levelname": "INFO", "name": "httpx", "message": "HTTP Request: HEAD https://huggingface.co/api/resolve-cache/models/BAAI/bge-m3/5617a9f61b028005a4858fdac845db406aefb181/config.json \"HTTP/1.1 200 OK\""}
{"asctime": "2026-09-01 14:48:00,242", "levelname": "INFO", "name": "httpx", "message": "HTTP Request: HEAD https://huggingface.co/BAAI/bge-m3/resolve/main/model.safetensors \"HTTP/1.1 404 Not Found\""}
{"asctime": "2026-09-01 14:48:00,520", "levelname": "INFO", "name": "httpx", "message": "HTTP Request: GET https://huggingface.co/api/models/BAAI/bge-m3 \"HTTP/1.1 200 OK\""}
{"asctime": "2026-09-01 14:48:00,697", "levelname": "INFO", "name": "httpx", "message": "HTTP Request: HEAD https://huggingface.co/BAAI/bge-m3/resolve/main/processor_config.json \"HTTP/1.1 404 Not Found\""}
{"asctime": "2026-09-01 14:48:00,822", "levelname": "INFO", "name": "httpx", "message": "HTTP Request: GET https://huggingface.co/api/models/BAAI/bge-m3/commits/main \"HTTP/1.1 200 OK\""}
{"asctime": "2026-09-01 14:48:00,965", "levelname": "INFO", "name": "httpx", "message": "HTTP Request: HEAD https://huggingface.co/BAAI/bge-m3/resolve/main/preprocessor_config.json \"HTTP/1.1 404 Not Found\""}
{"asctime": "2026-09-01 14:48:01,116", "levelname": "INFO", "name": "httpx", "message": "HTTP Request: GET https://huggingface.co/api/models/BAAI/bge-m3/discussions?p=0 \"HTTP/1.1 200 OK\""}
{"asctime": "2026-09-01 14:48:01,236", "levelname": "INFO", "name": "httpx", "message": "HTTP Request: HEAD https://huggingface.co/BAAI/bge-m3/resolve/main/video_preprocessor_config.json \"HTTP/1.1 404 Not Found\""}
{"asctime": "2026-09-01 14:48:01,447", "levelname": "INFO", "name": "httpx", "message": "HTTP Request: GET https://huggingface.co/api/models/BAAI/bge-m3/commits/refs%2Fpr%2F130 \"HTTP/1.1 200 OK\""}
{"asctime": "2026-09-01 14:48:01,507", "levelname": "INFO", "name": "httpx", "message": "HTTP Request: HEAD https://huggingface.co/BAAI/bge-m3/resolve/main/preprocessor_config.json \"HTTP/1.1 404 Not Found\""}
{"asctime": "2026-09-01 14:48:01,733", "levelname": "INFO", "name": "httpx", "message": "HTTP Request: HEAD https://huggingface.co/BAAI/bge-m3/resolve/refs%2Fpr%2F130/model.safetensors.index.json \"HTTP/1.1 404 Not Found\""}
{"asctime": "2026-09-01 14:48:01,774", "levelname": "INFO", "name": "httpx", "message": "HTTP Request: HEAD https://huggingface.co/BAAI/bge-m3/resolve/main/tokenizer_config.json \"HTTP/1.1 307 Temporary Redirect\""}
{"asctime": "2026-09-01 14:48:01,787", "levelname": "INFO", "name": "httpx", "message": "HTTP Request: HEAD https://huggingface.co/api/resolve-cache/models/BAAI/bge-m3/5617a9f61b028005a4858fdac845db406aefb181/tokenizer_config.json \"HTTP/1.1 200 OK\""}
{"asctime": "2026-09-01 14:48:01,999", "levelname": "INFO", "name": "httpx", "message": "HTTP Request: HEAD https://huggingface.co/BAAI/bge-m3/resolve/refs%2Fpr%2F130/model.safetensors \"HTTP/1.1 302 Found\""}
{"asctime": "2026-09-01 14:48:02,040", "levelname": "INFO", "name": "httpx", "message": "HTTP Request: HEAD https://huggingface.co/BAAI/bge-m3/resolve/main/config.json \"HTTP/1.1 307 Temporary Redirect\""}
{"asctime": "2026-09-01 14:48:02,052", "levelname": "INFO", "name": "httpx", "message": "HTTP Request: HEAD https://huggingface.co/api/resolve-cache/models/BAAI/bge-m3/5617a9f61b028005a4858fdac845db406aefb181/config.json \"HTTP/1.1 200 OK\""}
{"asctime": "2026-09-01 14:48:02,306", "levelname": "INFO", "name": "httpx", "message": "HTTP Request: HEAD https://huggingface.co/BAAI/bge-m3/resolve/main/config.json \"HTTP/1.1 307 Temporary Redirect\""}
{"asctime": "2026-09-01 14:48:02,320", "levelname": "INFO", "name": "httpx", "message": "HTTP Request: HEAD https://huggingface.co/api/resolve-cache/models/BAAI/bge-m3/5617a9f61b028005a4858fdac845db406aefb181/config.json \"HTTP/1.1 200 OK\""}
{"asctime": "2026-09-01 14:48:02,589", "levelname": "INFO", "name": "httpx", "message": "HTTP Request: HEAD https://huggingface.co/BAAI/bge-m3/resolve/main/tokenizer_config.json \"HTTP/1.1 307 Temporary Redirect\""}
{"asctime": "2026-09-01 14:48:02,602", "levelname": "INFO", "name": "httpx", "message": "HTTP Request: HEAD https://huggingface.co/api/resolve-cache/models/BAAI/bge-m3/5617a9f61b028005a4858fdac845db406aefb181/tokenizer_config.json \"HTTP/1.1 200 OK\""}
{"asctime": "2026-09-01 14:48:02,865", "levelname": "INFO", "name": "httpx", "message": "HTTP Request: GET https://huggingface.co/api/models/BAAI/bge-m3/tree/main/additional_chat_templates?recursive=false&expand=false \"HTTP/1.1 404 Not Found\""}
{"asctime": "2026-09-01 14:48:03,126", "levelname": "INFO", "name": "httpx", "message": "HTTP Request: GET https://huggingface.co/api/models/BAAI/bge-m3/tree/main?recursive=true&expand=false \"HTTP/1.1 200 OK\""}
{"asctime": "2026-09-01 14:48:04,108", "levelname": "INFO", "name": "httpx", "message": "HTTP Request: GET https://huggingface.co/api/models/BAAI/bge-m3 \"HTTP/1.1 200 OK\""}
{"asctime": "2026-09-01 14:48:04,435", "levelname": "INFO", "name": "httpx", "message": "HTTP Request: HEAD https://huggingface.co/BAAI/bge-m3/resolve/main/1_Pooling/config.json \"HTTP/1.1 307 Temporary Redirect\""}
{"asctime": "2026-09-01 14:48:04,450", "levelname": "INFO", "name": "httpx", "message": "HTTP Request: HEAD https://huggingface.co/api/resolve-cache/models/BAAI/bge-m3/5617a9f61b028005a4858fdac845db406aefb181/1_Pooling%2Fconfig.json \"HTTP/1.1 200 OK\""}
{"asctime": "2026-09-01 14:48:04,713", "levelname": "INFO", "name": "httpx", "message": "HTTP Request: HEAD https://huggingface.co/BAAI/bge-m3/resolve/main/2_Normalize/config.json \"HTTP/1.1 404 Not Found\""}
{"asctime": "2026-09-01 14:48:04,977", "levelname": "INFO", "name": "httpx", "message": "HTTP Request: GET https://huggingface.co/api/models/BAAI/bge-m3 \"HTTP/1.1 200 OK\""}
{"asctime": "2026-09-01 14:48:07,313", "levelname": "INFO", "name": "sentence_transformers.base.model", "message": "No device provided, using mps"}
{"asctime": "2026-09-01 14:48:07,574", "levelname": "INFO", "name": "httpx", "message": "HTTP Request: HEAD https://huggingface.co/BAAI/bge-m3/resolve/main/modules.json \"HTTP/1.1 307 Temporary Redirect\""}
{"asctime": "2026-09-01 14:48:07,617", "levelname": "INFO", "name": "httpx", "message": "HTTP Request: HEAD https://huggingface.co/api/resolve-cache/models/BAAI/bge-m3/5617a9f61b028005a4858fdac845db406aefb181/modules.json \"HTTP/1.1 200 OK\""}
{"asctime": "2026-09-01 14:48:07,883", "levelname": "INFO", "name": "httpx", "message": "HTTP Request: HEAD https://huggingface.co/BAAI/bge-m3/resolve/main/config_sentence_transformers.json \"HTTP/1.1 307 Temporary Redirect\""}
{"asctime": "2026-09-01 14:48:07,918", "levelname": "INFO", "name": "httpx", "message": "HTTP Request: HEAD https://huggingface.co/api/resolve-cache/models/BAAI/bge-m3/5617a9f61b028005a4858fdac845db406aefb181/config_sentence_transformers.json \"HTTP/1.1 200 OK\""}
{"asctime": "2026-09-01 14:48:07,920", "levelname": "INFO", "name": "sentence_transformers.base.model", "message": "Loading SentenceTransformer model from BAAI/bge-m3."}
{"asctime": "2026-09-01 14:48:08,167", "levelname": "INFO", "name": "httpx", "message": "HTTP Request: HEAD https://huggingface.co/BAAI/bge-m3/resolve/main/config_sentence_transformers.json \"HTTP/1.1 307 Temporary Redirect\""}
{"asctime": "2026-09-01 14:48:08,183", "levelname": "INFO", "name": "httpx", "message": "HTTP Request: HEAD https://huggingface.co/api/resolve-cache/models/BAAI/bge-m3/5617a9f61b028005a4858fdac845db406aefb181/config_sentence_transformers.json \"HTTP/1.1 200 OK\""}
{"asctime": "2026-09-01 14:48:08,442", "levelname": "INFO", "name": "httpx", "message": "HTTP Request: HEAD https://huggingface.co/BAAI/bge-m3/resolve/main/README.md \"HTTP/1.1 307 Temporary Redirect\""}
{"asctime": "2026-09-01 14:48:08,459", "levelname": "INFO", "name": "httpx", "message": "HTTP Request: HEAD https://huggingface.co/api/resolve-cache/models/BAAI/bge-m3/5617a9f61b028005a4858fdac845db406aefb181/README.md \"HTTP/1.1 200 OK\""}
{"asctime": "2026-09-01 14:48:08,737", "levelname": "INFO", "name": "httpx", "message": "HTTP Request: HEAD https://huggingface.co/BAAI/bge-m3/resolve/main/modules.json \"HTTP/1.1 307 Temporary Redirect\""}
{"asctime": "2026-09-01 14:48:08,750", "levelname": "INFO", "name": "httpx", "message": "HTTP Request: HEAD https://huggingface.co/api/resolve-cache/models/BAAI/bge-m3/5617a9f61b028005a4858fdac845db406aefb181/modules.json \"HTTP/1.1 200 OK\""}
{"asctime": "2026-09-01 14:48:09,017", "levelname": "INFO", "name": "httpx", "message": "HTTP Request: HEAD https://huggingface.co/BAAI/bge-m3/resolve/main/sentence_bert_config.json \"HTTP/1.1 307 Temporary Redirect\""}
{"asctime": "2026-09-01 14:48:09,042", "levelname": "INFO", "name": "httpx", "message": "HTTP Request: HEAD https://huggingface.co/api/resolve-cache/models/BAAI/bge-m3/5617a9f61b028005a4858fdac845db406aefb181/sentence_bert_config.json \"HTTP/1.1 200 OK\""}
{"asctime": "2026-09-01 14:48:09,322", "levelname": "INFO", "name": "httpx", "message": "HTTP Request: HEAD https://huggingface.co/BAAI/bge-m3/resolve/main/adapter_config.json \"HTTP/1.1 404 Not Found\""}
{"asctime": "2026-09-01 14:48:09,586", "levelname": "INFO", "name": "httpx", "message": "HTTP Request: HEAD https://huggingface.co/BAAI/bge-m3/resolve/main/config.json \"HTTP/1.1 307 Temporary Redirect\""}
{"asctime": "2026-09-01 14:48:09,600", "levelname": "INFO", "name": "httpx", "message": "HTTP Request: HEAD https://huggingface.co/api/resolve-cache/models/BAAI/bge-m3/5617a9f61b028005a4858fdac845db406aefb181/config.json \"HTTP/1.1 200 OK\""}
{"asctime": "2026-09-01 14:48:09,878", "levelname": "INFO", "name": "httpx", "message": "HTTP Request: HEAD https://huggingface.co/BAAI/bge-m3/resolve/main/model.safetensors \"HTTP/1.1 404 Not Found\""}
{"asctime": "2026-09-01 14:48:10,148", "levelname": "INFO", "name": "httpx", "message": "HTTP Request: GET https://huggingface.co/api/models/BAAI/bge-m3 \"HTTP/1.1 200 OK\""}
{"asctime": "2026-09-01 14:48:10,267", "levelname": "INFO", "name": "httpx", "message": "HTTP Request: HEAD https://huggingface.co/BAAI/bge-m3/resolve/main/processor_config.json \"HTTP/1.1 404 Not Found\""}
{"asctime": "2026-09-01 14:48:10,438", "levelname": "INFO", "name": "httpx", "message": "HTTP Request: GET https://huggingface.co/api/models/BAAI/bge-m3/commits/main \"HTTP/1.1 200 OK\""}
{"asctime": "2026-09-01 14:48:10,522", "levelname": "INFO", "name": "httpx", "message": "HTTP Request: HEAD https://huggingface.co/BAAI/bge-m3/resolve/main/preprocessor_config.json \"HTTP/1.1 404 Not Found\""}
{"asctime": "2026-09-01 14:48:10,749", "levelname": "INFO", "name": "httpx", "message": "HTTP Request: GET https://huggingface.co/api/models/BAAI/bge-m3/discussions?p=0 \"HTTP/1.1 200 OK\""}
{"asctime": "2026-09-01 14:48:10,776", "levelname": "INFO", "name": "httpx", "message": "HTTP Request: HEAD https://huggingface.co/BAAI/bge-m3/resolve/main/video_preprocessor_config.json \"HTTP/1.1 404 Not Found\""}
{"asctime": "2026-09-01 14:48:11,038", "levelname": "INFO", "name": "httpx", "message": "HTTP Request: GET https://huggingface.co/api/models/BAAI/bge-m3/commits/refs%2Fpr%2F130 \"HTTP/1.1 200 OK\""}
{"asctime": "2026-09-01 14:48:11,048", "levelname": "INFO", "name": "httpx", "message": "HTTP Request: HEAD https://huggingface.co/BAAI/bge-m3/resolve/main/preprocessor_config.json \"HTTP/1.1 404 Not Found\""}
{"asctime": "2026-09-01 14:48:11,300", "levelname": "INFO", "name": "httpx", "message": "HTTP Request: HEAD https://huggingface.co/BAAI/bge-m3/resolve/main/tokenizer_config.json \"HTTP/1.1 307 Temporary Redirect\""}
{"asctime": "2026-09-01 14:48:11,310", "levelname": "INFO", "name": "httpx", "message": "HTTP Request: HEAD https://huggingface.co/BAAI/bge-m3/resolve/refs%2Fpr%2F130/model.safetensors.index.json \"HTTP/1.1 404 Not Found\""}
{"asctime": "2026-09-01 14:48:11,317", "levelname": "INFO", "name": "httpx", "message": "HTTP Request: HEAD https://huggingface.co/api/resolve-cache/models/BAAI/bge-m3/5617a9f61b028005a4858fdac845db406aefb181/tokenizer_config.json \"HTTP/1.1 200 OK\""}
{"asctime": "2026-09-01 14:48:11,568", "levelname": "INFO", "name": "httpx", "message": "HTTP Request: HEAD https://huggingface.co/BAAI/bge-m3/resolve/refs%2Fpr%2F130/model.safetensors \"HTTP/1.1 302 Found\""}
{"asctime": "2026-09-01 14:48:11,584", "levelname": "INFO", "name": "httpx", "message": "HTTP Request: HEAD https://huggingface.co/BAAI/bge-m3/resolve/main/config.json \"HTTP/1.1 307 Temporary Redirect\""}
{"asctime": "2026-09-01 14:48:11,601", "levelname": "INFO", "name": "httpx", "message": "HTTP Request: HEAD https://huggingface.co/api/resolve-cache/models/BAAI/bge-m3/5617a9f61b028005a4858fdac845db406aefb181/config.json \"HTTP/1.1 200 OK\""}
{"asctime": "2026-09-01 14:48:11,866", "levelname": "INFO", "name": "httpx", "message": "HTTP Request: HEAD https://huggingface.co/BAAI/bge-m3/resolve/main/config.json \"HTTP/1.1 307 Temporary Redirect\""}
{"asctime": "2026-09-01 14:48:11,888", "levelname": "INFO", "name": "httpx", "message": "HTTP Request: HEAD https://huggingface.co/api/resolve-cache/models/BAAI/bge-m3/5617a9f61b028005a4858fdac845db406aefb181/config.json \"HTTP/1.1 200 OK\""}
{"asctime": "2026-09-01 14:48:12,150", "levelname": "INFO", "name": "httpx", "message": "HTTP Request: HEAD https://huggingface.co/BAAI/bge-m3/resolve/main/tokenizer_config.json \"HTTP/1.1 307 Temporary Redirect\""}
{"asctime": "2026-09-01 14:48:12,171", "levelname": "INFO", "name": "httpx", "message": "HTTP Request: HEAD https://huggingface.co/api/resolve-cache/models/BAAI/bge-m3/5617a9f61b028005a4858fdac845db406aefb181/tokenizer_config.json \"HTTP/1.1 200 OK\""}
{"asctime": "2026-09-01 14:48:12,445", "levelname": "INFO", "name": "httpx", "message": "HTTP Request: GET https://huggingface.co/api/models/BAAI/bge-m3/tree/main/additional_chat_templates?recursive=false&expand=false \"HTTP/1.1 404 Not Found\""}
{"asctime": "2026-09-01 14:48:12,726", "levelname": "INFO", "name": "httpx", "message": "HTTP Request: GET https://huggingface.co/api/models/BAAI/bge-m3/tree/main?recursive=true&expand=false \"HTTP/1.1 200 OK\""}
{"asctime": "2026-09-01 14:48:13,880", "levelname": "INFO", "name": "httpx", "message": "HTTP Request: GET https://huggingface.co/api/models/BAAI/bge-m3 \"HTTP/1.1 200 OK\""}
{"asctime": "2026-09-01 14:48:14,199", "levelname": "INFO", "name": "httpx", "message": "HTTP Request: HEAD https://huggingface.co/BAAI/bge-m3/resolve/main/1_Pooling/config.json \"HTTP/1.1 307 Temporary Redirect\""}
{"asctime": "2026-09-01 14:48:14,226", "levelname": "INFO", "name": "httpx", "message": "HTTP Request: HEAD https://huggingface.co/api/resolve-cache/models/BAAI/bge-m3/5617a9f61b028005a4858fdac845db406aefb181/1_Pooling%2Fconfig.json \"HTTP/1.1 200 OK\""}
{"asctime": "2026-09-01 14:48:14,487", "levelname": "INFO", "name": "httpx", "message": "HTTP Request: HEAD https://huggingface.co/BAAI/bge-m3/resolve/main/2_Normalize/config.json \"HTTP/1.1 404 Not Found\""}
{"asctime": "2026-09-01 14:48:14,756", "levelname": "INFO", "name": "httpx", "message": "HTTP Request: GET https://huggingface.co/api/models/BAAI/bge-m3 \"HTTP/1.1 200 OK\""}
{"asctime": "2026-09-01 14:48:54,406", "levelname": "INFO", "name": "sentence_transformers.base.model", "message": "No device provided, using mps"}
{"asctime": "2026-09-01 14:48:54,752", "levelname": "INFO", "name": "httpx", "message": "HTTP Request: HEAD https://huggingface.co/BAAI/bge-m3/resolve/main/modules.json \"HTTP/1.1 307 Temporary Redirect\""}
{"asctime": "2026-09-01 14:48:54,818", "levelname": "INFO", "name": "httpx", "message": "HTTP Request: HEAD https://huggingface.co/api/resolve-cache/models/BAAI/bge-m3/5617a9f61b028005a4858fdac845db406aefb181/modules.json \"HTTP/1.1 200 OK\""}
{"asctime": "2026-09-01 14:48:55,181", "levelname": "INFO", "name": "httpx", "message": "HTTP Request: HEAD https://huggingface.co/BAAI/bge-m3/resolve/main/config_sentence_transformers.json \"HTTP/1.1 307 Temporary Redirect\""}
{"asctime": "2026-09-01 14:48:55,253", "levelname": "INFO", "name": "httpx", "message": "HTTP Request: HEAD https://huggingface.co/api/resolve-cache/models/BAAI/bge-m3/5617a9f61b028005a4858fdac845db406aefb181/config_sentence_transformers.json \"HTTP/1.1 200 OK\""}
{"asctime": "2026-09-01 14:48:55,254", "levelname": "INFO", "name": "sentence_transformers.base.model", "message": "Loading SentenceTransformer model from BAAI/bge-m3."}
{"asctime": "2026-09-01 14:48:55,563", "levelname": "INFO", "name": "httpx", "message": "HTTP Request: HEAD https://huggingface.co/BAAI/bge-m3/resolve/main/config_sentence_transformers.json \"HTTP/1.1 307 Temporary Redirect\""}
{"asctime": "2026-09-01 14:48:55,594", "levelname": "INFO", "name": "httpx", "message": "HTTP Request: HEAD https://huggingface.co/api/resolve-cache/models/BAAI/bge-m3/5617a9f61b028005a4858fdac845db406aefb181/config_sentence_transformers.json \"HTTP/1.1 200 OK\""}
{"asctime": "2026-09-01 14:48:55,876", "levelname": "INFO", "name": "httpx", "message": "HTTP Request: HEAD https://huggingface.co/BAAI/bge-m3/resolve/main/README.md \"HTTP/1.1 307 Temporary Redirect\""}
{"asctime": "2026-09-01 14:48:55,898", "levelname": "INFO", "name": "httpx", "message": "HTTP Request: HEAD https://huggingface.co/api/resolve-cache/models/BAAI/bge-m3/5617a9f61b028005a4858fdac845db406aefb181/README.md \"HTTP/1.1 200 OK\""}
{"asctime": "2026-09-01 14:48:56,169", "levelname": "INFO", "name": "httpx", "message": "HTTP Request: HEAD https://huggingface.co/BAAI/bge-m3/resolve/main/modules.json \"HTTP/1.1 307 Temporary Redirect\""}
{"asctime": "2026-09-01 14:48:56,181", "levelname": "INFO", "name": "httpx", "message": "HTTP Request: HEAD https://huggingface.co/api/resolve-cache/models/BAAI/bge-m3/5617a9f61b028005a4858fdac845db406aefb181/modules.json \"HTTP/1.1 200 OK\""}
{"asctime": "2026-09-01 14:48:56,457", "levelname": "INFO", "name": "httpx", "message": "HTTP Request: HEAD https://huggingface.co/BAAI/bge-m3/resolve/main/sentence_bert_config.json \"HTTP/1.1 307 Temporary Redirect\""}
{"asctime": "2026-09-01 14:48:56,471", "levelname": "INFO", "name": "httpx", "message": "HTTP Request: HEAD https://huggingface.co/api/resolve-cache/models/BAAI/bge-m3/5617a9f61b028005a4858fdac845db406aefb181/sentence_bert_config.json \"HTTP/1.1 200 OK\""}
{"asctime": "2026-09-01 14:48:56,741", "levelname": "INFO", "name": "httpx", "message": "HTTP Request: HEAD https://huggingface.co/BAAI/bge-m3/resolve/main/adapter_config.json \"HTTP/1.1 404 Not Found\""}
{"asctime": "2026-09-01 14:48:57,063", "levelname": "INFO", "name": "httpx", "message": "HTTP Request: HEAD https://huggingface.co/BAAI/bge-m3/resolve/main/config.json \"HTTP/1.1 307 Temporary Redirect\""}
{"asctime": "2026-09-01 14:48:57,077", "levelname": "INFO", "name": "httpx", "message": "HTTP Request: HEAD https://huggingface.co/api/resolve-cache/models/BAAI/bge-m3/5617a9f61b028005a4858fdac845db406aefb181/config.json \"HTTP/1.1 200 OK\""}
{"asctime": "2026-09-01 14:48:57,339", "levelname": "INFO", "name": "httpx", "message": "HTTP Request: HEAD https://huggingface.co/BAAI/bge-m3/resolve/main/model.safetensors \"HTTP/1.1 404 Not Found\""}
{"asctime": "2026-09-01 14:48:57,605", "levelname": "INFO", "name": "httpx", "message": "HTTP Request: GET https://huggingface.co/api/models/BAAI/bge-m3 \"HTTP/1.1 200 OK\""}
{"asctime": "2026-09-01 14:48:57,726", "levelname": "INFO", "name": "httpx", "message": "HTTP Request: HEAD https://huggingface.co/BAAI/bge-m3/resolve/main/processor_config.json \"HTTP/1.1 404 Not Found\""}
{"asctime": "2026-09-01 14:48:57,919", "levelname": "INFO", "name": "httpx", "message": "HTTP Request: GET https://huggingface.co/api/models/BAAI/bge-m3/commits/main \"HTTP/1.1 200 OK\""}
{"asctime": "2026-09-01 14:48:58,005", "levelname": "INFO", "name": "httpx", "message": "HTTP Request: HEAD https://huggingface.co/BAAI/bge-m3/resolve/main/preprocessor_config.json \"HTTP/1.1 404 Not Found\""}
{"asctime": "2026-09-01 14:48:58,200", "levelname": "INFO", "name": "httpx", "message": "HTTP Request: GET https://huggingface.co/api/models/BAAI/bge-m3/discussions?p=0 \"HTTP/1.1 200 OK\""}
{"asctime": "2026-09-01 14:48:58,280", "levelname": "INFO", "name": "httpx", "message": "HTTP Request: HEAD https://huggingface.co/BAAI/bge-m3/resolve/main/video_preprocessor_config.json \"HTTP/1.1 404 Not Found\""}
{"asctime": "2026-09-01 14:48:58,602", "levelname": "INFO", "name": "httpx", "message": "HTTP Request: GET https://huggingface.co/api/models/BAAI/bge-m3/commits/refs%2Fpr%2F130 \"HTTP/1.1 200 OK\""}
{"asctime": "2026-09-01 14:48:58,609", "levelname": "INFO", "name": "httpx", "message": "HTTP Request: HEAD https://huggingface.co/BAAI/bge-m3/resolve/main/preprocessor_config.json \"HTTP/1.1 404 Not Found\""}
{"asctime": "2026-09-01 14:48:58,908", "levelname": "INFO", "name": "httpx", "message": "HTTP Request: HEAD https://huggingface.co/BAAI/bge-m3/resolve/refs%2Fpr%2F130/model.safetensors.index.json \"HTTP/1.1 404 Not Found\""}
{"asctime": "2026-09-01 14:48:58,911", "levelname": "INFO", "name": "httpx", "message": "HTTP Request: HEAD https://huggingface.co/BAAI/bge-m3/resolve/main/tokenizer_config.json \"HTTP/1.1 307 Temporary Redirect\""}
{"asctime": "2026-09-01 14:48:58,924", "levelname": "INFO", "name": "httpx", "message": "HTTP Request: HEAD https://huggingface.co/api/resolve-cache/models/BAAI/bge-m3/5617a9f61b028005a4858fdac845db406aefb181/tokenizer_config.json \"HTTP/1.1 200 OK\""}
{"asctime": "2026-09-01 14:48:59,187", "levelname": "INFO", "name": "httpx", "message": "HTTP Request: HEAD https://huggingface.co/BAAI/bge-m3/resolve/main/config.json \"HTTP/1.1 307 Temporary Redirect\""}
{"asctime": "2026-09-01 14:48:59,189", "levelname": "INFO", "name": "httpx", "message": "HTTP Request: HEAD https://huggingface.co/BAAI/bge-m3/resolve/refs%2Fpr%2F130/model.safetensors \"HTTP/1.1 302 Found\""}
{"asctime": "2026-09-01 14:48:59,202", "levelname": "INFO", "name": "httpx", "message": "HTTP Request: HEAD https://huggingface.co/api/resolve-cache/models/BAAI/bge-m3/5617a9f61b028005a4858fdac845db406aefb181/config.json \"HTTP/1.1 200 OK\""}
{"asctime": "2026-09-01 14:48:59,471", "levelname": "INFO", "name": "httpx", "message": "HTTP Request: HEAD https://huggingface.co/BAAI/bge-m3/resolve/main/config.json \"HTTP/1.1 307 Temporary Redirect\""}
{"asctime": "2026-09-01 14:48:59,555", "levelname": "INFO", "name": "httpx", "message": "HTTP Request: HEAD https://huggingface.co/api/resolve-cache/models/BAAI/bge-m3/5617a9f61b028005a4858fdac845db406aefb181/config.json \"HTTP/1.1 200 OK\""}
{"asctime": "2026-09-01 14:48:59,905", "levelname": "INFO", "name": "httpx", "message": "HTTP Request: HEAD https://huggingface.co/BAAI/bge-m3/resolve/main/tokenizer_config.json \"HTTP/1.1 307 Temporary Redirect\""}
{"asctime": "2026-09-01 14:48:59,932", "levelname": "INFO", "name": "httpx", "message": "HTTP Request: HEAD https://huggingface.co/api/resolve-cache/models/BAAI/bge-m3/5617a9f61b028005a4858fdac845db406aefb181/tokenizer_config.json \"HTTP/1.1 200 OK\""}
{"asctime": "2026-09-01 14:49:00,197", "levelname": "INFO", "name": "httpx", "message": "HTTP Request: GET https://huggingface.co/api/models/BAAI/bge-m3/tree/main/additional_chat_templates?recursive=false&expand=false \"HTTP/1.1 404 Not Found\""}
{"asctime": "2026-09-01 14:49:00,472", "levelname": "INFO", "name": "httpx", "message": "HTTP Request: GET https://huggingface.co/api/models/BAAI/bge-m3/tree/main?recursive=true&expand=false \"HTTP/1.1 200 OK\""}
{"asctime": "2026-09-01 14:49:01,638", "levelname": "INFO", "name": "httpx", "message": "HTTP Request: GET https://huggingface.co/api/models/BAAI/bge-m3 \"HTTP/1.1 200 OK\""}
{"asctime": "2026-09-01 14:49:01,994", "levelname": "INFO", "name": "httpx", "message": "HTTP Request: HEAD https://huggingface.co/BAAI/bge-m3/resolve/main/1_Pooling/config.json \"HTTP/1.1 307 Temporary Redirect\""}
{"asctime": "2026-09-01 14:49:02,015", "levelname": "INFO", "name": "httpx", "message": "HTTP Request: HEAD https://huggingface.co/api/resolve-cache/models/BAAI/bge-m3/5617a9f61b028005a4858fdac845db406aefb181/1_Pooling%2Fconfig.json \"HTTP/1.1 200 OK\""}
{"asctime": "2026-09-01 14:49:02,285", "levelname": "INFO", "name": "httpx", "message": "HTTP Request: HEAD https://huggingface.co/BAAI/bge-m3/resolve/main/2_Normalize/config.json \"HTTP/1.1 404 Not Found\""}
{"asctime": "2026-09-01 14:49:02,552", "levelname": "INFO", "name": "httpx", "message": "HTTP Request: GET https://huggingface.co/api/models/BAAI/bge-m3 \"HTTP/1.1 200 OK\""}
{"asctime": "2026-09-01 14:49:06,172", "levelname": "INFO", "name": "httpx", "message": "HTTP Request: POST https://api.groq.com/openai/v1/chat/completions \"HTTP/1.1 200 OK\""}
{"asctime": "2026-09-01 14:49:35,456", "levelname": "INFO", "name": "sentence_transformers.base.model", "message": "No device provided, using mps"}
{"asctime": "2026-09-01 14:49:35,744", "levelname": "INFO", "name": "httpx", "message": "HTTP Request: HEAD https://huggingface.co/BAAI/bge-m3/resolve/main/modules.json \"HTTP/1.1 307 Temporary Redirect\""}
{"asctime": "2026-09-01 14:49:35,774", "levelname": "INFO", "name": "httpx", "message": "HTTP Request: HEAD https://huggingface.co/api/resolve-cache/models/BAAI/bge-m3/5617a9f61b028005a4858fdac845db406aefb181/modules.json \"HTTP/1.1 200 OK\""}
{"asctime": "2026-09-01 14:49:36,027", "levelname": "INFO", "name": "httpx", "message": "HTTP Request: HEAD https://huggingface.co/BAAI/bge-m3/resolve/main/config_sentence_transformers.json \"HTTP/1.1 307 Temporary Redirect\""}
{"asctime": "2026-09-01 14:49:36,041", "levelname": "INFO", "name": "httpx", "message": "HTTP Request: HEAD https://huggingface.co/api/resolve-cache/models/BAAI/bge-m3/5617a9f61b028005a4858fdac845db406aefb181/config_sentence_transformers.json \"HTTP/1.1 200 OK\""}
{"asctime": "2026-09-01 14:49:36,042", "levelname": "INFO", "name": "sentence_transformers.base.model", "message": "Loading SentenceTransformer model from BAAI/bge-m3."}
{"asctime": "2026-09-01 14:49:36,308", "levelname": "INFO", "name": "httpx", "message": "HTTP Request: HEAD https://huggingface.co/BAAI/bge-m3/resolve/main/config_sentence_transformers.json \"HTTP/1.1 307 Temporary Redirect\""}
{"asctime": "2026-09-01 14:49:36,326", "levelname": "INFO", "name": "httpx", "message": "HTTP Request: HEAD https://huggingface.co/api/resolve-cache/models/BAAI/bge-m3/5617a9f61b028005a4858fdac845db406aefb181/config_sentence_transformers.json \"HTTP/1.1 200 OK\""}
{"asctime": "2026-09-01 14:49:36,594", "levelname": "INFO", "name": "httpx", "message": "HTTP Request: HEAD https://huggingface.co/BAAI/bge-m3/resolve/main/README.md \"HTTP/1.1 307 Temporary Redirect\""}
{"asctime": "2026-09-01 14:49:36,607", "levelname": "INFO", "name": "httpx", "message": "HTTP Request: HEAD https://huggingface.co/api/resolve-cache/models/BAAI/bge-m3/5617a9f61b028005a4858fdac845db406aefb181/README.md \"HTTP/1.1 200 OK\""}
{"asctime": "2026-09-01 14:49:37,000", "levelname": "INFO", "name": "httpx", "message": "HTTP Request: HEAD https://huggingface.co/BAAI/bge-m3/resolve/main/modules.json \"HTTP/1.1 307 Temporary Redirect\""}
{"asctime": "2026-09-01 14:49:37,015", "levelname": "INFO", "name": "httpx", "message": "HTTP Request: HEAD https://huggingface.co/api/resolve-cache/models/BAAI/bge-m3/5617a9f61b028005a4858fdac845db406aefb181/modules.json \"HTTP/1.1 200 OK\""}
{"asctime": "2026-09-01 14:49:37,290", "levelname": "INFO", "name": "httpx", "message": "HTTP Request: HEAD https://huggingface.co/BAAI/bge-m3/resolve/main/sentence_bert_config.json \"HTTP/1.1 307 Temporary Redirect\""}
{"asctime": "2026-09-01 14:49:37,327", "levelname": "INFO", "name": "httpx", "message": "HTTP Request: HEAD https://huggingface.co/api/resolve-cache/models/BAAI/bge-m3/5617a9f61b028005a4858fdac845db406aefb181/sentence_bert_config.json \"HTTP/1.1 200 OK\""}
{"asctime": "2026-09-01 14:49:37,643", "levelname": "INFO", "name": "httpx", "message": "HTTP Request: HEAD https://huggingface.co/BAAI/bge-m3/resolve/main/adapter_config.json \"HTTP/1.1 404 Not Found\""}
{"asctime": "2026-09-01 14:49:38,026", "levelname": "INFO", "name": "httpx", "message": "HTTP Request: HEAD https://huggingface.co/BAAI/bge-m3/resolve/main/config.json \"HTTP/1.1 307 Temporary Redirect\""}
{"asctime": "2026-09-01 14:49:38,038", "levelname": "INFO", "name": "httpx", "message": "HTTP Request: HEAD https://huggingface.co/api/resolve-cache/models/BAAI/bge-m3/5617a9f61b028005a4858fdac845db406aefb181/config.json \"HTTP/1.1 200 OK\""}
{"asctime": "2026-09-01 14:49:38,303", "levelname": "INFO", "name": "httpx", "message": "HTTP Request: HEAD https://huggingface.co/BAAI/bge-m3/resolve/main/model.safetensors \"HTTP/1.1 404 Not Found\""}
{"asctime": "2026-09-01 14:49:38,558", "levelname": "INFO", "name": "httpx", "message": "HTTP Request: GET https://huggingface.co/api/models/BAAI/bge-m3 \"HTTP/1.1 200 OK\""}
{"asctime": "2026-09-01 14:49:38,669", "levelname": "INFO", "name": "httpx", "message": "HTTP Request: HEAD https://huggingface.co/BAAI/bge-m3/resolve/main/processor_config.json \"HTTP/1.1 404 Not Found\""}
{"asctime": "2026-09-01 14:49:38,856", "levelname": "INFO", "name": "httpx", "message": "HTTP Request: GET https://huggingface.co/api/models/BAAI/bge-m3/commits/main \"HTTP/1.1 200 OK\""}
{"asctime": "2026-09-01 14:49:38,951", "levelname": "INFO", "name": "httpx", "message": "HTTP Request: HEAD https://huggingface.co/BAAI/bge-m3/resolve/main/preprocessor_config.json \"HTTP/1.1 404 Not Found\""}
{"asctime": "2026-09-01 14:49:39,150", "levelname": "INFO", "name": "httpx", "message": "HTTP Request: GET https://huggingface.co/api/models/BAAI/bge-m3/discussions?p=0 \"HTTP/1.1 200 OK\""}
{"asctime": "2026-09-01 14:49:39,225", "levelname": "INFO", "name": "httpx", "message": "HTTP Request: HEAD https://huggingface.co/BAAI/bge-m3/resolve/main/video_preprocessor_config.json \"HTTP/1.1 404 Not Found\""}
{"asctime": "2026-09-01 14:49:39,453", "levelname": "INFO", "name": "httpx", "message": "HTTP Request: GET https://huggingface.co/api/models/BAAI/bge-m3/commits/refs%2Fpr%2F130 \"HTTP/1.1 200 OK\""}
{"asctime": "2026-09-01 14:49:39,495", "levelname": "INFO", "name": "httpx", "message": "HTTP Request: HEAD https://huggingface.co/BAAI/bge-m3/resolve/main/preprocessor_config.json \"HTTP/1.1 404 Not Found\""}
{"asctime": "2026-09-01 14:49:39,742", "levelname": "INFO", "name": "httpx", "message": "HTTP Request: HEAD https://huggingface.co/BAAI/bge-m3/resolve/refs%2Fpr%2F130/model.safetensors.index.json \"HTTP/1.1 404 Not Found\""}
{"asctime": "2026-09-01 14:49:39,755", "levelname": "INFO", "name": "httpx", "message": "HTTP Request: HEAD https://huggingface.co/BAAI/bge-m3/resolve/main/tokenizer_config.json \"HTTP/1.1 307 Temporary Redirect\""}
{"asctime": "2026-09-01 14:49:39,811", "levelname": "INFO", "name": "httpx", "message": "HTTP Request: HEAD https://huggingface.co/api/resolve-cache/models/BAAI/bge-m3/5617a9f61b028005a4858fdac845db406aefb181/tokenizer_config.json \"HTTP/1.1 200 OK\""}
{"asctime": "2026-09-01 14:49:40,005", "levelname": "INFO", "name": "httpx", "message": "HTTP Request: HEAD https://huggingface.co/BAAI/bge-m3/resolve/refs%2Fpr%2F130/model.safetensors \"HTTP/1.1 302 Found\""}
{"asctime": "2026-09-01 14:49:40,088", "levelname": "INFO", "name": "httpx", "message": "HTTP Request: HEAD https://huggingface.co/BAAI/bge-m3/resolve/main/config.json \"HTTP/1.1 307 Temporary Redirect\""}
{"asctime": "2026-09-01 14:49:40,103", "levelname": "INFO", "name": "httpx", "message": "HTTP Request: HEAD https://huggingface.co/api/resolve-cache/models/BAAI/bge-m3/5617a9f61b028005a4858fdac845db406aefb181/config.json \"HTTP/1.1 200 OK\""}
{"asctime": "2026-09-01 14:49:40,491", "levelname": "INFO", "name": "httpx", "message": "HTTP Request: HEAD https://huggingface.co/BAAI/bge-m3/resolve/main/config.json \"HTTP/1.1 307 Temporary Redirect\""}
{"asctime": "2026-09-01 14:49:40,505", "levelname": "INFO", "name": "httpx", "message": "HTTP Request: HEAD https://huggingface.co/api/resolve-cache/models/BAAI/bge-m3/5617a9f61b028005a4858fdac845db406aefb181/config.json \"HTTP/1.1 200 OK\""}
{"asctime": "2026-09-01 14:49:40,765", "levelname": "INFO", "name": "httpx", "message": "HTTP Request: HEAD https://huggingface.co/BAAI/bge-m3/resolve/main/tokenizer_config.json \"HTTP/1.1 307 Temporary Redirect\""}
{"asctime": "2026-09-01 14:49:40,815", "levelname": "INFO", "name": "httpx", "message": "HTTP Request: HEAD https://huggingface.co/api/resolve-cache/models/BAAI/bge-m3/5617a9f61b028005a4858fdac845db406aefb181/tokenizer_config.json \"HTTP/1.1 200 OK\""}
{"asctime": "2026-09-01 14:49:41,198", "levelname": "INFO", "name": "httpx", "message": "HTTP Request: GET https://huggingface.co/api/models/BAAI/bge-m3/tree/main/additional_chat_templates?recursive=false&expand=false \"HTTP/1.1 404 Not Found\""}
{"asctime": "2026-09-01 14:49:41,577", "levelname": "INFO", "name": "httpx", "message": "HTTP Request: GET https://huggingface.co/api/models/BAAI/bge-m3/tree/main?recursive=true&expand=false \"HTTP/1.1 200 OK\""}
{"asctime": "2026-09-01 14:49:42,673", "levelname": "INFO", "name": "httpx", "message": "HTTP Request: GET https://huggingface.co/api/models/BAAI/bge-m3 \"HTTP/1.1 200 OK\""}
{"asctime": "2026-09-01 14:49:42,958", "levelname": "INFO", "name": "httpx", "message": "HTTP Request: HEAD https://huggingface.co/BAAI/bge-m3/resolve/main/1_Pooling/config.json \"HTTP/1.1 307 Temporary Redirect\""}
{"asctime": "2026-09-01 14:49:42,971", "levelname": "INFO", "name": "httpx", "message": "HTTP Request: HEAD https://huggingface.co/api/resolve-cache/models/BAAI/bge-m3/5617a9f61b028005a4858fdac845db406aefb181/1_Pooling%2Fconfig.json \"HTTP/1.1 200 OK\""}
{"asctime": "2026-09-01 14:49:43,291", "levelname": "INFO", "name": "httpx", "message": "HTTP Request: HEAD https://huggingface.co/BAAI/bge-m3/resolve/main/2_Normalize/config.json \"HTTP/1.1 404 Not Found\""}
{"asctime": "2026-09-01 14:49:43,662", "levelname": "INFO", "name": "httpx", "message": "HTTP Request: GET https://huggingface.co/api/models/BAAI/bge-m3 \"HTTP/1.1 200 OK\""}
{"asctime": "2026-09-01 14:52:02,861", "levelname": "INFO", "name": "sentence_transformers.base.model", "message": "No device provided, using mps"}
{"asctime": "2026-09-01 14:52:03,278", "levelname": "INFO", "name": "httpx", "message": "HTTP Request: HEAD https://huggingface.co/BAAI/bge-m3/resolve/main/modules.json \"HTTP/1.1 307 Temporary Redirect\""}
{"asctime": "2026-09-01 14:52:03,293", "levelname": "INFO", "name": "httpx", "message": "HTTP Request: HEAD https://huggingface.co/api/resolve-cache/models/BAAI/bge-m3/5617a9f61b028005a4858fdac845db406aefb181/modules.json \"HTTP/1.1 200 OK\""}
{"asctime": "2026-09-01 14:52:03,560", "levelname": "INFO", "name": "httpx", "message": "HTTP Request: HEAD https://huggingface.co/BAAI/bge-m3/resolve/main/config_sentence_transformers.json \"HTTP/1.1 307 Temporary Redirect\""}
{"asctime": "2026-09-01 14:52:03,571", "levelname": "INFO", "name": "httpx", "message": "HTTP Request: HEAD https://huggingface.co/api/resolve-cache/models/BAAI/bge-m3/5617a9f61b028005a4858fdac845db406aefb181/config_sentence_transformers.json \"HTTP/1.1 200 OK\""}
{"asctime": "2026-09-01 14:52:03,572", "levelname": "INFO", "name": "sentence_transformers.base.model", "message": "Loading SentenceTransformer model from BAAI/bge-m3."}
{"asctime": "2026-09-01 14:52:03,844", "levelname": "INFO", "name": "httpx", "message": "HTTP Request: HEAD https://huggingface.co/BAAI/bge-m3/resolve/main/config_sentence_transformers.json \"HTTP/1.1 307 Temporary Redirect\""}
{"asctime": "2026-09-01 14:52:03,865", "levelname": "INFO", "name": "httpx", "message": "HTTP Request: HEAD https://huggingface.co/api/resolve-cache/models/BAAI/bge-m3/5617a9f61b028005a4858fdac845db406aefb181/config_sentence_transformers.json \"HTTP/1.1 200 OK\""}
{"asctime": "2026-09-01 14:52:04,117", "levelname": "INFO", "name": "httpx", "message": "HTTP Request: HEAD https://huggingface.co/BAAI/bge-m3/resolve/main/README.md \"HTTP/1.1 307 Temporary Redirect\""}
{"asctime": "2026-09-01 14:52:04,130", "levelname": "INFO", "name": "httpx", "message": "HTTP Request: HEAD https://huggingface.co/api/resolve-cache/models/BAAI/bge-m3/5617a9f61b028005a4858fdac845db406aefb181/README.md \"HTTP/1.1 200 OK\""}
{"asctime": "2026-09-01 14:52:04,402", "levelname": "INFO", "name": "httpx", "message": "HTTP Request: HEAD https://huggingface.co/BAAI/bge-m3/resolve/main/modules.json \"HTTP/1.1 307 Temporary Redirect\""}
{"asctime": "2026-09-01 14:52:04,419", "levelname": "INFO", "name": "httpx", "message": "HTTP Request: HEAD https://huggingface.co/api/resolve-cache/models/BAAI/bge-m3/5617a9f61b028005a4858fdac845db406aefb181/modules.json \"HTTP/1.1 200 OK\""}
{"asctime": "2026-09-01 14:52:04,724", "levelname": "INFO", "name": "httpx", "message": "HTTP Request: HEAD https://huggingface.co/BAAI/bge-m3/resolve/main/sentence_bert_config.json \"HTTP/1.1 307 Temporary Redirect\""}
{"asctime": "2026-09-01 14:52:04,740", "levelname": "INFO", "name": "httpx", "message": "HTTP Request: HEAD https://huggingface.co/api/resolve-cache/models/BAAI/bge-m3/5617a9f61b028005a4858fdac845db406aefb181/sentence_bert_config.json \"HTTP/1.1 200 OK\""}
{"asctime": "2026-09-01 14:52:05,014", "levelname": "INFO", "name": "httpx", "message": "HTTP Request: HEAD https://huggingface.co/BAAI/bge-m3/resolve/main/adapter_config.json \"HTTP/1.1 404 Not Found\""}
{"asctime": "2026-09-01 14:52:05,278", "levelname": "INFO", "name": "httpx", "message": "HTTP Request: HEAD https://huggingface.co/BAAI/bge-m3/resolve/main/config.json \"HTTP/1.1 307 Temporary Redirect\""}
{"asctime": "2026-09-01 14:52:05,299", "levelname": "INFO", "name": "httpx", "message": "HTTP Request: HEAD https://huggingface.co/api/resolve-cache/models/BAAI/bge-m3/5617a9f61b028005a4858fdac845db406aefb181/config.json \"HTTP/1.1 200 OK\""}
{"asctime": "2026-09-01 14:52:05,587", "levelname": "INFO", "name": "httpx", "message": "HTTP Request: HEAD https://huggingface.co/BAAI/bge-m3/resolve/main/model.safetensors \"HTTP/1.1 404 Not Found\""}
{"asctime": "2026-09-01 14:52:05,863", "levelname": "INFO", "name": "httpx", "message": "HTTP Request: GET https://huggingface.co/api/models/BAAI/bge-m3 \"HTTP/1.1 200 OK\""}
{"asctime": "2026-09-01 14:52:05,980", "levelname": "INFO", "name": "httpx", "message": "HTTP Request: HEAD https://huggingface.co/BAAI/bge-m3/resolve/main/processor_config.json \"HTTP/1.1 404 Not Found\""}
{"asctime": "2026-09-01 14:52:06,158", "levelname": "INFO", "name": "httpx", "message": "HTTP Request: GET https://huggingface.co/api/models/BAAI/bge-m3/commits/main \"HTTP/1.1 200 OK\""}
{"asctime": "2026-09-01 14:52:06,243", "levelname": "INFO", "name": "httpx", "message": "HTTP Request: HEAD https://huggingface.co/BAAI/bge-m3/resolve/main/preprocessor_config.json \"HTTP/1.1 404 Not Found\""}
{"asctime": "2026-09-01 14:52:06,568", "levelname": "INFO", "name": "httpx", "message": "HTTP Request: GET https://huggingface.co/api/models/BAAI/bge-m3/discussions?p=0 \"HTTP/1.1 200 OK\""}
{"asctime": "2026-09-01 14:52:06,571", "levelname": "INFO", "name": "httpx", "message": "HTTP Request: HEAD https://huggingface.co/BAAI/bge-m3/resolve/main/video_preprocessor_config.json \"HTTP/1.1 404 Not Found\""}
{"asctime": "2026-09-01 14:52:06,834", "levelname": "INFO", "name": "httpx", "message": "HTTP Request: HEAD https://huggingface.co/BAAI/bge-m3/resolve/main/preprocessor_config.json \"HTTP/1.1 404 Not Found\""}
{"asctime": "2026-09-01 14:52:06,851", "levelname": "INFO", "name": "httpx", "message": "HTTP Request: GET https://huggingface.co/api/models/BAAI/bge-m3/commits/refs%2Fpr%2F130 \"HTTP/1.1 200 OK\""}
{"asctime": "2026-09-01 14:52:07,131", "levelname": "INFO", "name": "httpx", "message": "HTTP Request: HEAD https://huggingface.co/BAAI/bge-m3/resolve/main/tokenizer_config.json \"HTTP/1.1 307 Temporary Redirect\""}
{"asctime": "2026-09-01 14:52:07,132", "levelname": "INFO", "name": "httpx", "message": "HTTP Request: HEAD https://huggingface.co/BAAI/bge-m3/resolve/refs%2Fpr%2F130/model.safetensors.index.json \"HTTP/1.1 404 Not Found\""}
{"asctime": "2026-09-01 14:52:07,146", "levelname": "INFO", "name": "httpx", "message": "HTTP Request: HEAD https://huggingface.co/api/resolve-cache/models/BAAI/bge-m3/5617a9f61b028005a4858fdac845db406aefb181/tokenizer_config.json \"HTTP/1.1 200 OK\""}
{"asctime": "2026-09-01 14:52:07,400", "levelname": "INFO", "name": "httpx", "message": "HTTP Request: HEAD https://huggingface.co/BAAI/bge-m3/resolve/refs%2Fpr%2F130/model.safetensors \"HTTP/1.1 302 Found\""}
{"asctime": "2026-09-01 14:52:07,401", "levelname": "INFO", "name": "httpx", "message": "HTTP Request: HEAD https://huggingface.co/BAAI/bge-m3/resolve/main/config.json \"HTTP/1.1 307 Temporary Redirect\""}
{"asctime": "2026-09-01 14:52:07,418", "levelname": "INFO", "name": "httpx", "message": "HTTP Request: HEAD https://huggingface.co/api/resolve-cache/models/BAAI/bge-m3/5617a9f61b028005a4858fdac845db406aefb181/config.json \"HTTP/1.1 200 OK\""}
{"asctime": "2026-09-01 14:52:07,694", "levelname": "INFO", "name": "httpx", "message": "HTTP Request: HEAD https://huggingface.co/BAAI/bge-m3/resolve/main/config.json \"HTTP/1.1 307 Temporary Redirect\""}
{"asctime": "2026-09-01 14:52:07,707", "levelname": "INFO", "name": "httpx", "message": "HTTP Request: HEAD https://huggingface.co/api/resolve-cache/models/BAAI/bge-m3/5617a9f61b028005a4858fdac845db406aefb181/config.json \"HTTP/1.1 200 OK\""}
{"asctime": "2026-09-01 14:52:08,056", "levelname": "INFO", "name": "httpx", "message": "HTTP Request: HEAD https://huggingface.co/BAAI/bge-m3/resolve/main/tokenizer_config.json \"HTTP/1.1 307 Temporary Redirect\""}
{"asctime": "2026-09-01 14:52:08,069", "levelname": "INFO", "name": "httpx", "message": "HTTP Request: HEAD https://huggingface.co/api/resolve-cache/models/BAAI/bge-m3/5617a9f61b028005a4858fdac845db406aefb181/tokenizer_config.json \"HTTP/1.1 200 OK\""}
{"asctime": "2026-09-01 14:52:08,341", "levelname": "INFO", "name": "httpx", "message": "HTTP Request: GET https://huggingface.co/api/models/BAAI/bge-m3/tree/main/additional_chat_templates?recursive=false&expand=false \"HTTP/1.1 404 Not Found\""}
{"asctime": "2026-09-01 14:52:08,679", "levelname": "INFO", "name": "httpx", "message": "HTTP Request: GET https://huggingface.co/api/models/BAAI/bge-m3/tree/main?recursive=true&expand=false \"HTTP/1.1 200 OK\""}
{"asctime": "2026-09-01 14:52:09,796", "levelname": "INFO", "name": "httpx", "message": "HTTP Request: GET https://huggingface.co/api/models/BAAI/bge-m3 \"HTTP/1.1 200 OK\""}
{"asctime": "2026-09-01 14:52:10,109", "levelname": "INFO", "name": "httpx", "message": "HTTP Request: HEAD https://huggingface.co/BAAI/bge-m3/resolve/main/1_Pooling/config.json \"HTTP/1.1 307 Temporary Redirect\""}
{"asctime": "2026-09-01 14:52:10,127", "levelname": "INFO", "name": "httpx", "message": "HTTP Request: HEAD https://huggingface.co/api/resolve-cache/models/BAAI/bge-m3/5617a9f61b028005a4858fdac845db406aefb181/1_Pooling%2Fconfig.json \"HTTP/1.1 200 OK\""}
{"asctime": "2026-09-01 14:52:10,453", "levelname": "INFO", "name": "httpx", "message": "HTTP Request: HEAD https://huggingface.co/BAAI/bge-m3/resolve/main/2_Normalize/config.json \"HTTP/1.1 404 Not Found\""}
{"asctime": "2026-09-01 14:52:10,758", "levelname": "INFO", "name": "httpx", "message": "HTTP Request: GET https://huggingface.co/api/models/BAAI/bge-m3 \"HTTP/1.1 200 OK\""}
{"asctime": "2026-09-01 14:52:13,374", "levelname": "INFO", "name": "httpx", "message": "HTTP Request: POST https://api.groq.com/openai/v1/chat/completions \"HTTP/1.1 200 OK\""}
{"asctime": "2026-09-01 15:11:36,197", "levelname": "INFO", "name": "django.utils.autoreload", "message": "/Users/arga/Kementerian-HAM/rag_project/query/urls.py changed, reloading."}
{"asctime": "2026-09-01 15:11:37,154", "levelname": "INFO", "name": "django.utils.autoreload", "message": "Watching for file changes with StatReloader"}
{"asctime": "2026-09-01 15:11:49,865", "levelname": "INFO", "name": "sentence_transformers.base.model", "message": "No device provided, using mps"}
{"asctime": "2026-09-01 15:11:50,264", "levelname": "INFO", "name": "httpx", "message": "HTTP Request: HEAD https://huggingface.co/BAAI/bge-m3/resolve/main/modules.json \"HTTP/1.1 307 Temporary Redirect\""}
{"asctime": "2026-09-01 15:11:50,265", "levelname": "WARNING", "name": "huggingface_hub.utils._http", "message": "Warning: You are sending unauthenticated requests to the HF Hub. Please set a HF_TOKEN to enable higher rate limits and faster downloads."}
{"asctime": "2026-09-01 15:11:50,279", "levelname": "INFO", "name": "httpx", "message": "HTTP Request: HEAD https://huggingface.co/api/resolve-cache/models/BAAI/bge-m3/5617a9f61b028005a4858fdac845db406aefb181/modules.json \"HTTP/1.1 200 OK\""}
{"asctime": "2026-09-01 15:11:50,681", "levelname": "INFO", "name": "httpx", "message": "HTTP Request: HEAD https://huggingface.co/BAAI/bge-m3/resolve/main/config_sentence_transformers.json \"HTTP/1.1 307 Temporary Redirect\""}
{"asctime": "2026-09-01 15:11:50,702", "levelname": "INFO", "name": "httpx", "message": "HTTP Request: HEAD https://huggingface.co/api/resolve-cache/models/BAAI/bge-m3/5617a9f61b028005a4858fdac845db406aefb181/config_sentence_transformers.json \"HTTP/1.1 200 OK\""}
{"asctime": "2026-09-01 15:11:50,702", "levelname": "INFO", "name": "sentence_transformers.base.model", "message": "Loading SentenceTransformer model from BAAI/bge-m3."}
{"asctime": "2026-09-01 15:11:51,108", "levelname": "INFO", "name": "httpx", "message": "HTTP Request: HEAD https://huggingface.co/BAAI/bge-m3/resolve/main/config_sentence_transformers.json \"HTTP/1.1 307 Temporary Redirect\""}
{"asctime": "2026-09-01 15:11:51,124", "levelname": "INFO", "name": "httpx", "message": "HTTP Request: HEAD https://huggingface.co/api/resolve-cache/models/BAAI/bge-m3/5617a9f61b028005a4858fdac845db406aefb181/config_sentence_transformers.json \"HTTP/1.1 200 OK\""}
{"asctime": "2026-09-01 15:11:51,409", "levelname": "INFO", "name": "httpx", "message": "HTTP Request: HEAD https://huggingface.co/BAAI/bge-m3/resolve/main/README.md \"HTTP/1.1 307 Temporary Redirect\""}
{"asctime": "2026-09-01 15:11:51,425", "levelname": "INFO", "name": "httpx", "message": "HTTP Request: HEAD https://huggingface.co/api/resolve-cache/models/BAAI/bge-m3/5617a9f61b028005a4858fdac845db406aefb181/README.md \"HTTP/1.1 200 OK\""}
{"asctime": "2026-09-01 15:11:51,712", "levelname": "INFO", "name": "httpx", "message": "HTTP Request: HEAD https://huggingface.co/BAAI/bge-m3/resolve/main/modules.json \"HTTP/1.1 307 Temporary Redirect\""}
{"asctime": "2026-09-01 15:11:51,726", "levelname": "INFO", "name": "httpx", "message": "HTTP Request: HEAD https://huggingface.co/api/resolve-cache/models/BAAI/bge-m3/5617a9f61b028005a4858fdac845db406aefb181/modules.json \"HTTP/1.1 200 OK\""}
{"asctime": "2026-09-01 15:11:51,992", "levelname": "INFO", "name": "httpx", "message": "HTTP Request: HEAD https://huggingface.co/BAAI/bge-m3/resolve/main/sentence_bert_config.json \"HTTP/1.1 307 Temporary Redirect\""}
{"asctime": "2026-09-01 15:11:52,006", "levelname": "INFO", "name": "httpx", "message": "HTTP Request: HEAD https://huggingface.co/api/resolve-cache/models/BAAI/bge-m3/5617a9f61b028005a4858fdac845db406aefb181/sentence_bert_config.json \"HTTP/1.1 200 OK\""}
{"asctime": "2026-09-01 15:11:52,261", "levelname": "INFO", "name": "httpx", "message": "HTTP Request: HEAD https://huggingface.co/BAAI/bge-m3/resolve/main/adapter_config.json \"HTTP/1.1 404 Not Found\""}
{"asctime": "2026-09-01 15:11:52,558", "levelname": "INFO", "name": "httpx", "message": "HTTP Request: HEAD https://huggingface.co/BAAI/bge-m3/resolve/main/config.json \"HTTP/1.1 307 Temporary Redirect\""}
{"asctime": "2026-09-01 15:11:52,586", "levelname": "INFO", "name": "httpx", "message": "HTTP Request: HEAD https://huggingface.co/api/resolve-cache/models/BAAI/bge-m3/5617a9f61b028005a4858fdac845db406aefb181/config.json \"HTTP/1.1 200 OK\""}
{"asctime": "2026-09-01 15:11:52,882", "levelname": "INFO", "name": "httpx", "message": "HTTP Request: HEAD https://huggingface.co/BAAI/bge-m3/resolve/main/model.safetensors \"HTTP/1.1 404 Not Found\""}
{"asctime": "2026-09-01 15:11:53,143", "levelname": "INFO", "name": "httpx", "message": "HTTP Request: GET https://huggingface.co/api/models/BAAI/bge-m3 \"HTTP/1.1 200 OK\""}
{"asctime": "2026-09-01 15:11:53,274", "levelname": "INFO", "name": "httpx", "message": "HTTP Request: HEAD https://huggingface.co/BAAI/bge-m3/resolve/main/processor_config.json \"HTTP/1.1 404 Not Found\""}
{"asctime": "2026-09-01 15:11:53,464", "levelname": "INFO", "name": "httpx", "message": "HTTP Request: GET https://huggingface.co/api/models/BAAI/bge-m3/commits/main \"HTTP/1.1 200 OK\""}
{"asctime": "2026-09-01 15:11:53,537", "levelname": "INFO", "name": "httpx", "message": "HTTP Request: HEAD https://huggingface.co/BAAI/bge-m3/resolve/main/preprocessor_config.json \"HTTP/1.1 404 Not Found\""}
{"asctime": "2026-09-01 15:11:53,784", "levelname": "INFO", "name": "httpx", "message": "HTTP Request: GET https://huggingface.co/api/models/BAAI/bge-m3/discussions?p=0 \"HTTP/1.1 200 OK\""}
{"asctime": "2026-09-01 15:11:53,794", "levelname": "INFO", "name": "httpx", "message": "HTTP Request: HEAD https://huggingface.co/BAAI/bge-m3/resolve/main/video_preprocessor_config.json \"HTTP/1.1 404 Not Found\""}
{"asctime": "2026-09-01 15:11:54,070", "levelname": "INFO", "name": "httpx", "message": "HTTP Request: HEAD https://huggingface.co/BAAI/bge-m3/resolve/main/preprocessor_config.json \"HTTP/1.1 404 Not Found\""}
{"asctime": "2026-09-01 15:11:54,084", "levelname": "INFO", "name": "httpx", "message": "HTTP Request: GET https://huggingface.co/api/models/BAAI/bge-m3/commits/refs%2Fpr%2F130 \"HTTP/1.1 200 OK\""}
{"asctime": "2026-09-01 15:11:54,355", "levelname": "INFO", "name": "httpx", "message": "HTTP Request: HEAD https://huggingface.co/BAAI/bge-m3/resolve/main/tokenizer_config.json \"HTTP/1.1 307 Temporary Redirect\""}
{"asctime": "2026-09-01 15:11:54,360", "levelname": "INFO", "name": "httpx", "message": "HTTP Request: HEAD https://huggingface.co/BAAI/bge-m3/resolve/refs%2Fpr%2F130/model.safetensors.index.json \"HTTP/1.1 404 Not Found\""}
{"asctime": "2026-09-01 15:11:54,368", "levelname": "INFO", "name": "httpx", "message": "HTTP Request: HEAD https://huggingface.co/api/resolve-cache/models/BAAI/bge-m3/5617a9f61b028005a4858fdac845db406aefb181/tokenizer_config.json \"HTTP/1.1 200 OK\""}
{"asctime": "2026-09-01 15:11:54,676", "levelname": "INFO", "name": "httpx", "message": "HTTP Request: HEAD https://huggingface.co/BAAI/bge-m3/resolve/refs%2Fpr%2F130/model.safetensors \"HTTP/1.1 302 Found\""}
{"asctime": "2026-09-01 15:11:54,678", "levelname": "INFO", "name": "httpx", "message": "HTTP Request: HEAD https://huggingface.co/BAAI/bge-m3/resolve/main/config.json \"HTTP/1.1 307 Temporary Redirect\""}
{"asctime": "2026-09-01 15:11:54,691", "levelname": "INFO", "name": "httpx", "message": "HTTP Request: HEAD https://huggingface.co/api/resolve-cache/models/BAAI/bge-m3/5617a9f61b028005a4858fdac845db406aefb181/config.json \"HTTP/1.1 200 OK\""}
{"asctime": "2026-09-01 15:11:54,956", "levelname": "INFO", "name": "httpx", "message": "HTTP Request: HEAD https://huggingface.co/BAAI/bge-m3/resolve/main/config.json \"HTTP/1.1 307 Temporary Redirect\""}
{"asctime": "2026-09-01 15:11:54,992", "levelname": "INFO", "name": "httpx", "message": "HTTP Request: HEAD https://huggingface.co/api/resolve-cache/models/BAAI/bge-m3/5617a9f61b028005a4858fdac845db406aefb181/config.json \"HTTP/1.1 200 OK\""}
{"asctime": "2026-09-01 15:11:55,302", "levelname": "INFO", "name": "httpx", "message": "HTTP Request: HEAD https://huggingface.co/BAAI/bge-m3/resolve/main/tokenizer_config.json \"HTTP/1.1 307 Temporary Redirect\""}
{"asctime": "2026-09-01 15:11:55,318", "levelname": "INFO", "name": "httpx", "message": "HTTP Request: HEAD https://huggingface.co/api/resolve-cache/models/BAAI/bge-m3/5617a9f61b028005a4858fdac845db406aefb181/tokenizer_config.json \"HTTP/1.1 200 OK\""}
{"asctime": "2026-09-01 15:11:55,608", "levelname": "INFO", "name": "httpx", "message": "HTTP Request: GET https://huggingface.co/api/models/BAAI/bge-m3/tree/main/additional_chat_templates?recursive=false&expand=false \"HTTP/1.1 404 Not Found\""}
{"asctime": "2026-09-01 15:11:56,003", "levelname": "INFO", "name": "httpx", "message": "HTTP Request: GET https://huggingface.co/api/models/BAAI/bge-m3/tree/main?recursive=true&expand=false \"HTTP/1.1 200 OK\""}
{"asctime": "2026-09-01 15:11:56,990", "levelname": "INFO", "name": "httpx", "message": "HTTP Request: GET https://huggingface.co/api/models/BAAI/bge-m3 \"HTTP/1.1 200 OK\""}
{"asctime": "2026-09-01 15:11:57,333", "levelname": "INFO", "name": "httpx", "message": "HTTP Request: HEAD https://huggingface.co/BAAI/bge-m3/resolve/main/1_Pooling/config.json \"HTTP/1.1 307 Temporary Redirect\""}
{"asctime": "2026-09-01 15:11:57,348", "levelname": "INFO", "name": "httpx", "message": "HTTP Request: HEAD https://huggingface.co/api/resolve-cache/models/BAAI/bge-m3/5617a9f61b028005a4858fdac845db406aefb181/1_Pooling%2Fconfig.json \"HTTP/1.1 200 OK\""}
{"asctime": "2026-09-01 15:11:57,882", "levelname": "INFO", "name": "httpx", "message": "HTTP Request: HEAD https://huggingface.co/BAAI/bge-m3/resolve/main/2_Normalize/config.json \"HTTP/1.1 404 Not Found\""}
{"asctime": "2026-09-01 15:11:58,298", "levelname": "INFO", "name": "httpx", "message": "HTTP Request: GET https://huggingface.co/api/models/BAAI/bge-m3 \"HTTP/1.1 200 OK\""}
{"asctime": "2026-09-01 15:28:22,313", "levelname": "INFO", "name": "sentence_transformers.base.model", "message": "No device provided, using mps"}
{"asctime": "2026-09-01 15:28:22,752", "levelname": "INFO", "name": "httpx", "message": "HTTP Request: HEAD https://huggingface.co/BAAI/bge-m3/resolve/main/modules.json \"HTTP/1.1 307 Temporary Redirect\""}
{"asctime": "2026-09-01 15:28:22,753", "levelname": "WARNING", "name": "huggingface_hub.utils._http", "message": "Warning: You are sending unauthenticated requests to the HF Hub. Please set a HF_TOKEN to enable higher rate limits and faster downloads."}
{"asctime": "2026-09-01 15:28:22,964", "levelname": "INFO", "name": "httpx", "message": "HTTP Request: HEAD https://huggingface.co/api/resolve-cache/models/BAAI/bge-m3/5617a9f61b028005a4858fdac845db406aefb181/modules.json \"HTTP/1.1 200 OK\""}
{"asctime": "2026-09-01 15:28:23,481", "levelname": "INFO", "name": "httpx", "message": "HTTP Request: HEAD https://huggingface.co/BAAI/bge-m3/resolve/main/config_sentence_transformers.json \"HTTP/1.1 307 Temporary Redirect\""}
{"asctime": "2026-09-01 15:28:23,495", "levelname": "INFO", "name": "httpx", "message": "HTTP Request: HEAD https://huggingface.co/api/resolve-cache/models/BAAI/bge-m3/5617a9f61b028005a4858fdac845db406aefb181/config_sentence_transformers.json \"HTTP/1.1 200 OK\""}
{"asctime": "2026-09-01 15:28:23,495", "levelname": "INFO", "name": "sentence_transformers.base.model", "message": "Loading SentenceTransformer model from BAAI/bge-m3."}
{"asctime": "2026-09-01 15:28:23,758", "levelname": "INFO", "name": "httpx", "message": "HTTP Request: HEAD https://huggingface.co/BAAI/bge-m3/resolve/main/config_sentence_transformers.json \"HTTP/1.1 307 Temporary Redirect\""}
{"asctime": "2026-09-01 15:28:23,770", "levelname": "INFO", "name": "httpx", "message": "HTTP Request: HEAD https://huggingface.co/api/resolve-cache/models/BAAI/bge-m3/5617a9f61b028005a4858fdac845db406aefb181/config_sentence_transformers.json \"HTTP/1.1 200 OK\""}
{"asctime": "2026-09-01 15:28:24,037", "levelname": "INFO", "name": "httpx", "message": "HTTP Request: HEAD https://huggingface.co/BAAI/bge-m3/resolve/main/README.md \"HTTP/1.1 307 Temporary Redirect\""}
{"asctime": "2026-09-01 15:28:24,050", "levelname": "INFO", "name": "httpx", "message": "HTTP Request: HEAD https://huggingface.co/api/resolve-cache/models/BAAI/bge-m3/5617a9f61b028005a4858fdac845db406aefb181/README.md \"HTTP/1.1 200 OK\""}
{"asctime": "2026-09-01 15:28:24,322", "levelname": "INFO", "name": "httpx", "message": "HTTP Request: HEAD https://huggingface.co/BAAI/bge-m3/resolve/main/modules.json \"HTTP/1.1 307 Temporary Redirect\""}
{"asctime": "2026-09-01 15:28:24,348", "levelname": "INFO", "name": "httpx", "message": "HTTP Request: HEAD https://huggingface.co/api/resolve-cache/models/BAAI/bge-m3/5617a9f61b028005a4858fdac845db406aefb181/modules.json \"HTTP/1.1 200 OK\""}
{"asctime": "2026-09-01 15:28:24,638", "levelname": "INFO", "name": "httpx", "message": "HTTP Request: HEAD https://huggingface.co/BAAI/bge-m3/resolve/main/sentence_bert_config.json \"HTTP/1.1 307 Temporary Redirect\""}
{"asctime": "2026-09-01 15:28:24,654", "levelname": "INFO", "name": "httpx", "message": "HTTP Request: HEAD https://huggingface.co/api/resolve-cache/models/BAAI/bge-m3/5617a9f61b028005a4858fdac845db406aefb181/sentence_bert_config.json \"HTTP/1.1 200 OK\""}
{"asctime": "2026-09-01 15:28:25,103", "levelname": "INFO", "name": "httpx", "message": "HTTP Request: HEAD https://huggingface.co/BAAI/bge-m3/resolve/main/adapter_config.json \"HTTP/1.1 404 Not Found\""}
{"asctime": "2026-09-01 15:28:25,429", "levelname": "INFO", "name": "httpx", "message": "HTTP Request: HEAD https://huggingface.co/BAAI/bge-m3/resolve/main/config.json \"HTTP/1.1 307 Temporary Redirect\""}
{"asctime": "2026-09-01 15:28:25,443", "levelname": "INFO", "name": "httpx", "message": "HTTP Request: HEAD https://huggingface.co/api/resolve-cache/models/BAAI/bge-m3/5617a9f61b028005a4858fdac845db406aefb181/config.json \"HTTP/1.1 200 OK\""}
{"asctime": "2026-09-01 15:28:25,839", "levelname": "INFO", "name": "httpx", "message": "HTTP Request: HEAD https://huggingface.co/BAAI/bge-m3/resolve/main/model.safetensors \"HTTP/1.1 404 Not Found\""}
{"asctime": "2026-09-01 15:28:26,109", "levelname": "INFO", "name": "httpx", "message": "HTTP Request: GET https://huggingface.co/api/models/BAAI/bge-m3 \"HTTP/1.1 200 OK\""}
{"asctime": "2026-09-01 15:28:26,422", "levelname": "INFO", "name": "httpx", "message": "HTTP Request: GET https://huggingface.co/api/models/BAAI/bge-m3/commits/main \"HTTP/1.1 200 OK\""}
{"asctime": "2026-09-01 15:28:26,425", "levelname": "INFO", "name": "httpx", "message": "HTTP Request: HEAD https://huggingface.co/BAAI/bge-m3/resolve/main/processor_config.json \"HTTP/1.1 404 Not Found\""}
{"asctime": "2026-09-01 15:28:26,691", "levelname": "INFO", "name": "httpx", "message": "HTTP Request: HEAD https://huggingface.co/BAAI/bge-m3/resolve/main/preprocessor_config.json \"HTTP/1.1 404 Not Found\""}
{"asctime": "2026-09-01 15:28:26,750", "levelname": "INFO", "name": "httpx", "message": "HTTP Request: GET https://huggingface.co/api/models/BAAI/bge-m3/discussions?p=0 \"HTTP/1.1 200 OK\""}
{"asctime": "2026-09-01 15:28:26,949", "levelname": "INFO", "name": "httpx", "message": "HTTP Request: HEAD https://huggingface.co/BAAI/bge-m3/resolve/main/video_preprocessor_config.json \"HTTP/1.1 404 Not Found\""}
{"asctime": "2026-09-01 15:28:27,040", "levelname": "INFO", "name": "httpx", "message": "HTTP Request: GET https://huggingface.co/api/models/BAAI/bge-m3/commits/refs%2Fpr%2F130 \"HTTP/1.1 200 OK\""}
{"asctime": "2026-09-01 15:28:27,361", "levelname": "INFO", "name": "httpx", "message": "HTTP Request: HEAD https://huggingface.co/BAAI/bge-m3/resolve/main/preprocessor_config.json \"HTTP/1.1 404 Not Found\""}
{"asctime": "2026-09-01 15:28:27,361", "levelname": "INFO", "name": "httpx", "message": "HTTP Request: HEAD https://huggingface.co/BAAI/bge-m3/resolve/refs%2Fpr%2F130/model.safetensors.index.json \"HTTP/1.1 404 Not Found\""}
{"asctime": "2026-09-01 15:28:27,680", "levelname": "INFO", "name": "httpx", "message": "HTTP Request: HEAD https://huggingface.co/BAAI/bge-m3/resolve/main/tokenizer_config.json \"HTTP/1.1 307 Temporary Redirect\""}
{"asctime": "2026-09-01 15:28:27,680", "levelname": "INFO", "name": "httpx", "message": "HTTP Request: HEAD https://huggingface.co/BAAI/bge-m3/resolve/refs%2Fpr%2F130/model.safetensors \"HTTP/1.1 302 Found\""}
{"asctime": "2026-09-01 15:28:27,694", "levelname": "INFO", "name": "httpx", "message": "HTTP Request: HEAD https://huggingface.co/api/resolve-cache/models/BAAI/bge-m3/5617a9f61b028005a4858fdac845db406aefb181/tokenizer_config.json \"HTTP/1.1 200 OK\""}
{"asctime": "2026-09-01 15:28:27,978", "levelname": "INFO", "name": "httpx", "message": "HTTP Request: HEAD https://huggingface.co/BAAI/bge-m3/resolve/main/config.json \"HTTP/1.1 307 Temporary Redirect\""}
{"asctime": "2026-09-01 15:28:27,991", "levelname": "INFO", "name": "httpx", "message": "HTTP Request: HEAD https://huggingface.co/api/resolve-cache/models/BAAI/bge-m3/5617a9f61b028005a4858fdac845db406aefb181/config.json \"HTTP/1.1 200 OK\""}
{"asctime": "2026-09-01 15:28:28,256", "levelname": "INFO", "name": "httpx", "message": "HTTP Request: HEAD https://huggingface.co/BAAI/bge-m3/resolve/main/config.json \"HTTP/1.1 307 Temporary Redirect\""}
{"asctime": "2026-09-01 15:28:28,282", "levelname": "INFO", "name": "httpx", "message": "HTTP Request: HEAD https://huggingface.co/api/resolve-cache/models/BAAI/bge-m3/5617a9f61b028005a4858fdac845db406aefb181/config.json \"HTTP/1.1 200 OK\""}
{"asctime": "2026-09-01 15:28:28,586", "levelname": "INFO", "name": "httpx", "message": "HTTP Request: HEAD https://huggingface.co/BAAI/bge-m3/resolve/main/tokenizer_config.json \"HTTP/1.1 307 Temporary Redirect\""}
{"asctime": "2026-09-01 15:28:28,601", "levelname": "INFO", "name": "httpx", "message": "HTTP Request: HEAD https://huggingface.co/api/resolve-cache/models/BAAI/bge-m3/5617a9f61b028005a4858fdac845db406aefb181/tokenizer_config.json \"HTTP/1.1 200 OK\""}
{"asctime": "2026-09-01 15:28:28,922", "levelname": "INFO", "name": "httpx", "message": "HTTP Request: GET https://huggingface.co/api/models/BAAI/bge-m3/tree/main/additional_chat_templates?recursive=false&expand=false \"HTTP/1.1 404 Not Found\""}
{"asctime": "2026-09-01 15:28:29,250", "levelname": "INFO", "name": "httpx", "message": "HTTP Request: GET https://huggingface.co/api/models/BAAI/bge-m3/tree/main?recursive=true&expand=false \"HTTP/1.1 200 OK\""}
{"asctime": "2026-09-01 15:28:30,415", "levelname": "INFO", "name": "httpx", "message": "HTTP Request: GET https://huggingface.co/api/models/BAAI/bge-m3 \"HTTP/1.1 200 OK\""}
{"asctime": "2026-09-01 15:28:30,824", "levelname": "INFO", "name": "httpx", "message": "HTTP Request: HEAD https://huggingface.co/BAAI/bge-m3/resolve/main/1_Pooling/config.json \"HTTP/1.1 307 Temporary Redirect\""}
{"asctime": "2026-09-01 15:28:30,835", "levelname": "INFO", "name": "httpx", "message": "HTTP Request: HEAD https://huggingface.co/api/resolve-cache/models/BAAI/bge-m3/5617a9f61b028005a4858fdac845db406aefb181/1_Pooling%2Fconfig.json \"HTTP/1.1 200 OK\""}
{"asctime": "2026-09-01 15:28:31,138", "levelname": "INFO", "name": "httpx", "message": "HTTP Request: HEAD https://huggingface.co/BAAI/bge-m3/resolve/main/2_Normalize/config.json \"HTTP/1.1 404 Not Found\""}
{"asctime": "2026-09-01 15:28:31,398", "levelname": "INFO", "name": "httpx", "message": "HTTP Request: GET https://huggingface.co/api/models/BAAI/bge-m3 \"HTTP/1.1 200 OK\""}
{"asctime": "2026-09-01 15:28:34,259", "levelname": "INFO", "name": "sentence_transformers.base.model", "message": "No device provided, using mps"}
{"asctime": "2026-09-01 15:28:34,534", "levelname": "INFO", "name": "httpx", "message": "HTTP Request: HEAD https://huggingface.co/BAAI/bge-m3/resolve/main/modules.json \"HTTP/1.1 307 Temporary Redirect\""}
{"asctime": "2026-09-01 15:28:34,548", "levelname": "INFO", "name": "httpx", "message": "HTTP Request: HEAD https://huggingface.co/api/resolve-cache/models/BAAI/bge-m3/5617a9f61b028005a4858fdac845db406aefb181/modules.json \"HTTP/1.1 200 OK\""}
{"asctime": "2026-09-01 15:28:34,948", "levelname": "INFO", "name": "httpx", "message": "HTTP Request: HEAD https://huggingface.co/BAAI/bge-m3/resolve/main/config_sentence_transformers.json \"HTTP/1.1 307 Temporary Redirect\""}
{"asctime": "2026-09-01 15:28:35,043", "levelname": "INFO", "name": "httpx", "message": "HTTP Request: HEAD https://huggingface.co/api/resolve-cache/models/BAAI/bge-m3/5617a9f61b028005a4858fdac845db406aefb181/config_sentence_transformers.json \"HTTP/1.1 200 OK\""}
{"asctime": "2026-09-01 15:28:35,044", "levelname": "INFO", "name": "sentence_transformers.base.model", "message": "Loading SentenceTransformer model from BAAI/bge-m3."}
{"asctime": "2026-09-01 15:28:35,334", "levelname": "INFO", "name": "httpx", "message": "HTTP Request: HEAD https://huggingface.co/BAAI/bge-m3/resolve/main/config_sentence_transformers.json \"HTTP/1.1 307 Temporary Redirect\""}
{"asctime": "2026-09-01 15:28:35,346", "levelname": "INFO", "name": "httpx", "message": "HTTP Request: HEAD https://huggingface.co/api/resolve-cache/models/BAAI/bge-m3/5617a9f61b028005a4858fdac845db406aefb181/config_sentence_transformers.json \"HTTP/1.1 200 OK\""}
{"asctime": "2026-09-01 15:28:35,599", "levelname": "INFO", "name": "httpx", "message": "HTTP Request: HEAD https://huggingface.co/BAAI/bge-m3/resolve/main/README.md \"HTTP/1.1 307 Temporary Redirect\""}
{"asctime": "2026-09-01 15:28:35,612", "levelname": "INFO", "name": "httpx", "message": "HTTP Request: HEAD https://huggingface.co/api/resolve-cache/models/BAAI/bge-m3/5617a9f61b028005a4858fdac845db406aefb181/README.md \"HTTP/1.1 200 OK\""}
{"asctime": "2026-09-01 15:28:35,872", "levelname": "INFO", "name": "httpx", "message": "HTTP Request: HEAD https://huggingface.co/BAAI/bge-m3/resolve/main/modules.json \"HTTP/1.1 307 Temporary Redirect\""}
{"asctime": "2026-09-01 15:28:35,885", "levelname": "INFO", "name": "httpx", "message": "HTTP Request: HEAD https://huggingface.co/api/resolve-cache/models/BAAI/bge-m3/5617a9f61b028005a4858fdac845db406aefb181/modules.json \"HTTP/1.1 200 OK\""}
{"asctime": "2026-09-01 15:28:36,162", "levelname": "INFO", "name": "httpx", "message": "HTTP Request: HEAD https://huggingface.co/BAAI/bge-m3/resolve/main/sentence_bert_config.json \"HTTP/1.1 307 Temporary Redirect\""}
{"asctime": "2026-09-01 15:28:36,175", "levelname": "INFO", "name": "httpx", "message": "HTTP Request: HEAD https://huggingface.co/api/resolve-cache/models/BAAI/bge-m3/5617a9f61b028005a4858fdac845db406aefb181/sentence_bert_config.json \"HTTP/1.1 200 OK\""}
{"asctime": "2026-09-01 15:28:36,469", "levelname": "INFO", "name": "httpx", "message": "HTTP Request: HEAD https://huggingface.co/BAAI/bge-m3/resolve/main/adapter_config.json \"HTTP/1.1 404 Not Found\""}
{"asctime": "2026-09-01 15:28:36,769", "levelname": "INFO", "name": "httpx", "message": "HTTP Request: HEAD https://huggingface.co/BAAI/bge-m3/resolve/main/config.json \"HTTP/1.1 307 Temporary Redirect\""}
{"asctime": "2026-09-01 15:28:36,787", "levelname": "INFO", "name": "httpx", "message": "HTTP Request: HEAD https://huggingface.co/api/resolve-cache/models/BAAI/bge-m3/5617a9f61b028005a4858fdac845db406aefb181/config.json \"HTTP/1.1 200 OK\""}
{"asctime": "2026-09-01 15:28:37,114", "levelname": "INFO", "name": "httpx", "message": "HTTP Request: HEAD https://huggingface.co/BAAI/bge-m3/resolve/main/model.safetensors \"HTTP/1.1 404 Not Found\""}
{"asctime": "2026-09-01 15:28:37,395", "levelname": "INFO", "name": "httpx", "message": "HTTP Request: GET https://huggingface.co/api/models/BAAI/bge-m3 \"HTTP/1.1 200 OK\""}
{"asctime": "2026-09-01 15:28:37,474", "levelname": "INFO", "name": "httpx", "message": "HTTP Request: HEAD https://huggingface.co/BAAI/bge-m3/resolve/main/processor_config.json \"HTTP/1.1 404 Not Found\""}
{"asctime": "2026-09-01 15:28:37,691", "levelname": "INFO", "name": "httpx", "message": "HTTP Request: GET https://huggingface.co/api/models/BAAI/bge-m3/commits/main \"HTTP/1.1 200 OK\""}
{"asctime": "2026-09-01 15:28:37,734", "levelname": "INFO", "name": "httpx", "message": "HTTP Request: HEAD https://huggingface.co/BAAI/bge-m3/resolve/main/preprocessor_config.json \"HTTP/1.1 404 Not Found\""}
{"asctime": "2026-09-01 15:28:38,005", "levelname": "INFO", "name": "httpx", "message": "HTTP Request: GET https://huggingface.co/api/models/BAAI/bge-m3/discussions?p=0 \"HTTP/1.1 200 OK\""}
{"asctime": "2026-09-01 15:28:38,007", "levelname": "INFO", "name": "httpx", "message": "HTTP Request: HEAD https://huggingface.co/BAAI/bge-m3/resolve/main/video_preprocessor_config.json \"HTTP/1.1 404 Not Found\""}
{"asctime": "2026-09-01 15:28:38,267", "levelname": "INFO", "name": "httpx", "message": "HTTP Request: HEAD https://huggingface.co/BAAI/bge-m3/resolve/main/preprocessor_config.json \"HTTP/1.1 404 Not Found\""}
{"asctime": "2026-09-01 15:28:38,314", "levelname": "INFO", "name": "httpx", "message": "HTTP Request: GET https://huggingface.co/api/models/BAAI/bge-m3/commits/refs%2Fpr%2F130 \"HTTP/1.1 200 OK\""}
{"asctime": "2026-09-01 15:28:38,534", "levelname": "INFO", "name": "httpx", "message": "HTTP Request: HEAD https://huggingface.co/BAAI/bge-m3/resolve/main/tokenizer_config.json \"HTTP/1.1 307 Temporary Redirect\""}
{"asctime": "2026-09-01 15:28:38,546", "levelname": "INFO", "name": "httpx", "message": "HTTP Request: HEAD https://huggingface.co/api/resolve-cache/models/BAAI/bge-m3/5617a9f61b028005a4858fdac845db406aefb181/tokenizer_config.json \"HTTP/1.1 200 OK\""}
{"asctime": "2026-09-01 15:28:38,576", "levelname": "INFO", "name": "httpx", "message": "HTTP Request: HEAD https://huggingface.co/BAAI/bge-m3/resolve/refs%2Fpr%2F130/model.safetensors.index.json \"HTTP/1.1 404 Not Found\""}
{"asctime": "2026-09-01 15:28:38,822", "levelname": "INFO", "name": "httpx", "message": "HTTP Request: HEAD https://huggingface.co/BAAI/bge-m3/resolve/main/config.json \"HTTP/1.1 307 Temporary Redirect\""}
{"asctime": "2026-09-01 15:28:38,831", "levelname": "INFO", "name": "httpx", "message": "HTTP Request: HEAD https://huggingface.co/BAAI/bge-m3/resolve/refs%2Fpr%2F130/model.safetensors \"HTTP/1.1 302 Found\""}
{"asctime": "2026-09-01 15:28:38,837", "levelname": "INFO", "name": "httpx", "message": "HTTP Request: HEAD https://huggingface.co/api/resolve-cache/models/BAAI/bge-m3/5617a9f61b028005a4858fdac845db406aefb181/config.json \"HTTP/1.1 200 OK\""}
{"asctime": "2026-09-01 15:28:39,123", "levelname": "INFO", "name": "httpx", "message": "HTTP Request: HEAD https://huggingface.co/BAAI/bge-m3/resolve/main/config.json \"HTTP/1.1 307 Temporary Redirect\""}
{"asctime": "2026-09-01 15:28:39,136", "levelname": "INFO", "name": "httpx", "message": "HTTP Request: HEAD https://huggingface.co/api/resolve-cache/models/BAAI/bge-m3/5617a9f61b028005a4858fdac845db406aefb181/config.json \"HTTP/1.1 200 OK\""}
{"asctime": "2026-09-01 15:28:39,480", "levelname": "INFO", "name": "httpx", "message": "HTTP Request: HEAD https://huggingface.co/BAAI/bge-m3/resolve/main/tokenizer_config.json \"HTTP/1.1 307 Temporary Redirect\""}
{"asctime": "2026-09-01 15:28:39,494", "levelname": "INFO", "name": "httpx", "message": "HTTP Request: HEAD https://huggingface.co/api/resolve-cache/models/BAAI/bge-m3/5617a9f61b028005a4858fdac845db406aefb181/tokenizer_config.json \"HTTP/1.1 200 OK\""}
{"asctime": "2026-09-01 15:28:39,757", "levelname": "INFO", "name": "httpx", "message": "HTTP Request: GET https://huggingface.co/api/models/BAAI/bge-m3/tree/main/additional_chat_templates?recursive=false&expand=false \"HTTP/1.1 404 Not Found\""}
{"asctime": "2026-09-01 15:28:40,016", "levelname": "INFO", "name": "httpx", "message": "HTTP Request: GET https://huggingface.co/api/models/BAAI/bge-m3/tree/main?recursive=true&expand=false \"HTTP/1.1 200 OK\""}
{"asctime": "2026-09-01 15:28:41,179", "levelname": "INFO", "name": "httpx", "message": "HTTP Request: GET https://huggingface.co/api/models/BAAI/bge-m3 \"HTTP/1.1 200 OK\""}
{"asctime": "2026-09-01 15:28:41,535", "levelname": "INFO", "name": "httpx", "message": "HTTP Request: HEAD https://huggingface.co/BAAI/bge-m3/resolve/main/1_Pooling/config.json \"HTTP/1.1 307 Temporary Redirect\""}
{"asctime": "2026-09-01 15:28:41,549", "levelname": "INFO", "name": "httpx", "message": "HTTP Request: HEAD https://huggingface.co/api/resolve-cache/models/BAAI/bge-m3/5617a9f61b028005a4858fdac845db406aefb181/1_Pooling%2Fconfig.json \"HTTP/1.1 200 OK\""}
{"asctime": "2026-09-01 15:28:41,833", "levelname": "INFO", "name": "httpx", "message": "HTTP Request: HEAD https://huggingface.co/BAAI/bge-m3/resolve/main/2_Normalize/config.json \"HTTP/1.1 404 Not Found\""}
{"asctime": "2026-09-01 15:28:42,196", "levelname": "INFO", "name": "httpx", "message": "HTTP Request: GET https://huggingface.co/api/models/BAAI/bge-m3 \"HTTP/1.1 200 OK\""}
{"asctime": "2026-09-01 15:29:42,920", "levelname": "INFO", "name": "django.utils.autoreload", "message": "/Users/arga/Kementerian-HAM/rag_project/query/urls.py changed, reloading."}
{"asctime": "2026-09-01 15:29:44,353", "levelname": "INFO", "name": "django.utils.autoreload", "message": "Watching for file changes with StatReloader"}
{"asctime": "2026-09-01 15:30:03,088", "levelname": "INFO", "name": "sentence_transformers.base.model", "message": "No device provided, using mps"}
{"asctime": "2026-09-01 15:30:03,500", "levelname": "INFO", "name": "httpx", "message": "HTTP Request: HEAD https://huggingface.co/BAAI/bge-m3/resolve/main/modules.json \"HTTP/1.1 307 Temporary Redirect\""}
{"asctime": "2026-09-01 15:30:03,502", "levelname": "WARNING", "name": "huggingface_hub.utils._http", "message": "Warning: You are sending unauthenticated requests to the HF Hub. Please set a HF_TOKEN to enable higher rate limits and faster downloads."}
{"asctime": "2026-09-01 15:30:03,515", "levelname": "INFO", "name": "httpx", "message": "HTTP Request: HEAD https://huggingface.co/api/resolve-cache/models/BAAI/bge-m3/5617a9f61b028005a4858fdac845db406aefb181/modules.json \"HTTP/1.1 200 OK\""}
{"asctime": "2026-09-01 15:30:03,782", "levelname": "INFO", "name": "httpx", "message": "HTTP Request: HEAD https://huggingface.co/BAAI/bge-m3/resolve/main/config_sentence_transformers.json \"HTTP/1.1 307 Temporary Redirect\""}
{"asctime": "2026-09-01 15:30:03,813", "levelname": "INFO", "name": "httpx", "message": "HTTP Request: HEAD https://huggingface.co/api/resolve-cache/models/BAAI/bge-m3/5617a9f61b028005a4858fdac845db406aefb181/config_sentence_transformers.json \"HTTP/1.1 200 OK\""}
{"asctime": "2026-09-01 15:30:03,817", "levelname": "INFO", "name": "sentence_transformers.base.model", "message": "Loading SentenceTransformer model from BAAI/bge-m3."}
{"asctime": "2026-09-01 15:30:04,066", "levelname": "INFO", "name": "httpx", "message": "HTTP Request: HEAD https://huggingface.co/BAAI/bge-m3/resolve/main/config_sentence_transformers.json \"HTTP/1.1 307 Temporary Redirect\""}
{"asctime": "2026-09-01 15:30:04,157", "levelname": "INFO", "name": "httpx", "message": "HTTP Request: HEAD https://huggingface.co/api/resolve-cache/models/BAAI/bge-m3/5617a9f61b028005a4858fdac845db406aefb181/config_sentence_transformers.json \"HTTP/1.1 200 OK\""}
{"asctime": "2026-09-01 15:30:04,513", "levelname": "INFO", "name": "httpx", "message": "HTTP Request: HEAD https://huggingface.co/BAAI/bge-m3/resolve/main/README.md \"HTTP/1.1 307 Temporary Redirect\""}
{"asctime": "2026-09-01 15:30:04,537", "levelname": "INFO", "name": "httpx", "message": "HTTP Request: HEAD https://huggingface.co/api/resolve-cache/models/BAAI/bge-m3/5617a9f61b028005a4858fdac845db406aefb181/README.md \"HTTP/1.1 200 OK\""}
{"asctime": "2026-09-01 15:30:04,941", "levelname": "INFO", "name": "httpx", "message": "HTTP Request: HEAD https://huggingface.co/BAAI/bge-m3/resolve/main/modules.json \"HTTP/1.1 307 Temporary Redirect\""}
{"asctime": "2026-09-01 15:30:04,955", "levelname": "INFO", "name": "httpx", "message": "HTTP Request: HEAD https://huggingface.co/api/resolve-cache/models/BAAI/bge-m3/5617a9f61b028005a4858fdac845db406aefb181/modules.json \"HTTP/1.1 200 OK\""}
{"asctime": "2026-09-01 15:30:05,796", "levelname": "INFO", "name": "httpx", "message": "HTTP Request: HEAD https://huggingface.co/BAAI/bge-m3/resolve/main/sentence_bert_config.json \"HTTP/1.1 307 Temporary Redirect\""}
{"asctime": "2026-09-01 15:30:05,823", "levelname": "INFO", "name": "httpx", "message": "HTTP Request: HEAD https://huggingface.co/api/resolve-cache/models/BAAI/bge-m3/5617a9f61b028005a4858fdac845db406aefb181/sentence_bert_config.json \"HTTP/1.1 200 OK\""}
{"asctime": "2026-09-01 15:30:06,101", "levelname": "INFO", "name": "httpx", "message": "HTTP Request: HEAD https://huggingface.co/BAAI/bge-m3/resolve/main/adapter_config.json \"HTTP/1.1 404 Not Found\""}
{"asctime": "2026-09-01 15:30:06,493", "levelname": "INFO", "name": "httpx", "message": "HTTP Request: HEAD https://huggingface.co/BAAI/bge-m3/resolve/main/config.json \"HTTP/1.1 307 Temporary Redirect\""}
{"asctime": "2026-09-01 15:30:06,509", "levelname": "INFO", "name": "httpx", "message": "HTTP Request: HEAD https://huggingface.co/api/resolve-cache/models/BAAI/bge-m3/5617a9f61b028005a4858fdac845db406aefb181/config.json \"HTTP/1.1 200 OK\""}
{"asctime": "2026-09-01 15:30:06,841", "levelname": "INFO", "name": "httpx", "message": "HTTP Request: HEAD https://huggingface.co/BAAI/bge-m3/resolve/main/model.safetensors \"HTTP/1.1 404 Not Found\""}
{"asctime": "2026-09-01 15:30:07,150", "levelname": "INFO", "name": "httpx", "message": "HTTP Request: GET https://huggingface.co/api/models/BAAI/bge-m3 \"HTTP/1.1 200 OK\""}
{"asctime": "2026-09-01 15:30:07,300", "levelname": "INFO", "name": "httpx", "message": "HTTP Request: HEAD https://huggingface.co/BAAI/bge-m3/resolve/main/processor_config.json \"HTTP/1.1 404 Not Found\""}
{"asctime": "2026-09-01 15:30:07,558", "levelname": "INFO", "name": "httpx", "message": "HTTP Request: HEAD https://huggingface.co/BAAI/bge-m3/resolve/main/preprocessor_config.json \"HTTP/1.1 404 Not Found\""}
{"asctime": "2026-09-01 15:30:07,723", "levelname": "INFO", "name": "httpx", "message": "HTTP Request: GET https://huggingface.co/api/models/BAAI/bge-m3/commits/main \"HTTP/1.1 200 OK\""}
{"asctime": "2026-09-01 15:30:07,822", "levelname": "INFO", "name": "httpx", "message": "HTTP Request: HEAD https://huggingface.co/BAAI/bge-m3/resolve/main/video_preprocessor_config.json \"HTTP/1.1 404 Not Found\""}
{"asctime": "2026-09-01 15:30:08,021", "levelname": "INFO", "name": "httpx", "message": "HTTP Request: GET https://huggingface.co/api/models/BAAI/bge-m3/discussions?p=0 \"HTTP/1.1 200 OK\""}
{"asctime": "2026-09-01 15:30:08,077", "levelname": "INFO", "name": "httpx", "message": "HTTP Request: HEAD https://huggingface.co/BAAI/bge-m3/resolve/main/preprocessor_config.json \"HTTP/1.1 404 Not Found\""}
{"asctime": "2026-09-01 15:30:08,433", "levelname": "INFO", "name": "httpx", "message": "HTTP Request: GET https://huggingface.co/api/models/BAAI/bge-m3/commits/refs%2Fpr%2F130 \"HTTP/1.1 200 OK\""}
{"asctime": "2026-09-01 15:30:08,435", "levelname": "INFO", "name": "httpx", "message": "HTTP Request: HEAD https://huggingface.co/BAAI/bge-m3/resolve/main/tokenizer_config.json \"HTTP/1.1 307 Temporary Redirect\""}
{"asctime": "2026-09-01 15:30:08,451", "levelname": "INFO", "name": "httpx", "message": "HTTP Request: HEAD https://huggingface.co/api/resolve-cache/models/BAAI/bge-m3/5617a9f61b028005a4858fdac845db406aefb181/tokenizer_config.json \"HTTP/1.1 200 OK\""}
{"asctime": "2026-09-01 15:30:08,806", "levelname": "INFO", "name": "httpx", "message": "HTTP Request: HEAD https://huggingface.co/BAAI/bge-m3/resolve/main/config.json \"HTTP/1.1 307 Temporary Redirect\""}
{"asctime": "2026-09-01 15:30:08,828", "levelname": "INFO", "name": "httpx", "message": "HTTP Request: HEAD https://huggingface.co/api/resolve-cache/models/BAAI/bge-m3/5617a9f61b028005a4858fdac845db406aefb181/config.json \"HTTP/1.1 200 OK\""}
{"asctime": "2026-09-01 15:30:08,858", "levelname": "INFO", "name": "httpx", "message": "HTTP Request: HEAD https://huggingface.co/BAAI/bge-m3/resolve/refs%2Fpr%2F130/model.safetensors.index.json \"HTTP/1.1 404 Not Found\""}
{"asctime": "2026-09-01 15:30:09,138", "levelname": "INFO", "name": "httpx", "message": "HTTP Request: HEAD https://huggingface.co/BAAI/bge-m3/resolve/main/config.json \"HTTP/1.1 307 Temporary Redirect\""}
{"asctime": "2026-09-01 15:30:09,141", "levelname": "INFO", "name": "httpx", "message": "HTTP Request: HEAD https://huggingface.co/BAAI/bge-m3/resolve/refs%2Fpr%2F130/model.safetensors \"HTTP/1.1 302 Found\""}
{"asctime": "2026-09-01 15:30:09,155", "levelname": "INFO", "name": "httpx", "message": "HTTP Request: HEAD https://huggingface.co/api/resolve-cache/models/BAAI/bge-m3/5617a9f61b028005a4858fdac845db406aefb181/config.json \"HTTP/1.1 200 OK\""}
{"asctime": "2026-09-01 15:30:09,431", "levelname": "INFO", "name": "httpx", "message": "HTTP Request: HEAD https://huggingface.co/BAAI/bge-m3/resolve/main/tokenizer_config.json \"HTTP/1.1 307 Temporary Redirect\""}
{"asctime": "2026-09-01 15:30:09,448", "levelname": "INFO", "name": "httpx", "message": "HTTP Request: HEAD https://huggingface.co/api/resolve-cache/models/BAAI/bge-m3/5617a9f61b028005a4858fdac845db406aefb181/tokenizer_config.json \"HTTP/1.1 200 OK\""}
{"asctime": "2026-09-01 15:30:09,726", "levelname": "INFO", "name": "httpx", "message": "HTTP Request: GET https://huggingface.co/api/models/BAAI/bge-m3/tree/main/additional_chat_templates?recursive=false&expand=false \"HTTP/1.1 404 Not Found\""}
{"asctime": "2026-09-01 15:30:09,990", "levelname": "INFO", "name": "httpx", "message": "HTTP Request: GET https://huggingface.co/api/models/BAAI/bge-m3/tree/main?recursive=true&expand=false \"HTTP/1.1 200 OK\""}
{"asctime": "2026-09-01 15:30:11,388", "levelname": "INFO", "name": "httpx", "message": "HTTP Request: GET https://huggingface.co/api/models/BAAI/bge-m3 \"HTTP/1.1 200 OK\""}
{"asctime": "2026-09-01 15:30:11,807", "levelname": "INFO", "name": "httpx", "message": "HTTP Request: HEAD https://huggingface.co/BAAI/bge-m3/resolve/main/1_Pooling/config.json \"HTTP/1.1 307 Temporary Redirect\""}
{"asctime": "2026-09-01 15:30:11,826", "levelname": "INFO", "name": "httpx", "message": "HTTP Request: HEAD https://huggingface.co/api/resolve-cache/models/BAAI/bge-m3/5617a9f61b028005a4858fdac845db406aefb181/1_Pooling%2Fconfig.json \"HTTP/1.1 200 OK\""}
{"asctime": "2026-09-01 15:30:12,093", "levelname": "INFO", "name": "httpx", "message": "HTTP Request: HEAD https://huggingface.co/BAAI/bge-m3/resolve/main/2_Normalize/config.json \"HTTP/1.1 404 Not Found\""}
{"asctime": "2026-09-01 15:30:12,540", "levelname": "INFO", "name": "httpx", "message": "HTTP Request: GET https://huggingface.co/api/models/BAAI/bge-m3 \"HTTP/1.1 200 OK\""}
{"asctime": "2026-09-01 15:30:17,595", "levelname": "INFO", "name": "sentence_transformers.base.model", "message": "No device provided, using mps"}
{"asctime": "2026-09-01 15:30:18,158", "levelname": "INFO", "name": "httpx", "message": "HTTP Request: HEAD https://huggingface.co/BAAI/bge-m3/resolve/main/modules.json \"HTTP/1.1 307 Temporary Redirect\""}
{"asctime": "2026-09-01 15:30:18,172", "levelname": "INFO", "name": "httpx", "message": "HTTP Request: HEAD https://huggingface.co/api/resolve-cache/models/BAAI/bge-m3/5617a9f61b028005a4858fdac845db406aefb181/modules.json \"HTTP/1.1 200 OK\""}
{"asctime": "2026-09-01 15:30:18,595", "levelname": "INFO", "name": "httpx", "message": "HTTP Request: HEAD https://huggingface.co/BAAI/bge-m3/resolve/main/config_sentence_transformers.json \"HTTP/1.1 307 Temporary Redirect\""}
{"asctime": "2026-09-01 15:30:18,749", "levelname": "INFO", "name": "httpx", "message": "HTTP Request: HEAD https://huggingface.co/api/resolve-cache/models/BAAI/bge-m3/5617a9f61b028005a4858fdac845db406aefb181/config_sentence_transformers.json \"HTTP/1.1 200 OK\""}
{"asctime": "2026-09-01 15:30:18,751", "levelname": "INFO", "name": "sentence_transformers.base.model", "message": "Loading SentenceTransformer model from BAAI/bge-m3."}
{"asctime": "2026-09-01 15:30:19,042", "levelname": "INFO", "name": "httpx", "message": "HTTP Request: HEAD https://huggingface.co/BAAI/bge-m3/resolve/main/config_sentence_transformers.json \"HTTP/1.1 307 Temporary Redirect\""}
{"asctime": "2026-09-01 15:30:19,140", "levelname": "INFO", "name": "httpx", "message": "HTTP Request: HEAD https://huggingface.co/api/resolve-cache/models/BAAI/bge-m3/5617a9f61b028005a4858fdac845db406aefb181/config_sentence_transformers.json \"HTTP/1.1 200 OK\""}
{"asctime": "2026-09-01 15:30:19,429", "levelname": "INFO", "name": "httpx", "message": "HTTP Request: HEAD https://huggingface.co/BAAI/bge-m3/resolve/main/README.md \"HTTP/1.1 307 Temporary Redirect\""}
{"asctime": "2026-09-01 15:30:19,446", "levelname": "INFO", "name": "httpx", "message": "HTTP Request: HEAD https://huggingface.co/api/resolve-cache/models/BAAI/bge-m3/5617a9f61b028005a4858fdac845db406aefb181/README.md \"HTTP/1.1 200 OK\""}
{"asctime": "2026-09-01 15:30:19,719", "levelname": "INFO", "name": "httpx", "message": "HTTP Request: HEAD https://huggingface.co/BAAI/bge-m3/resolve/main/modules.json \"HTTP/1.1 307 Temporary Redirect\""}
{"asctime": "2026-09-01 15:30:19,734", "levelname": "INFO", "name": "httpx", "message": "HTTP Request: HEAD https://huggingface.co/api/resolve-cache/models/BAAI/bge-m3/5617a9f61b028005a4858fdac845db406aefb181/modules.json \"HTTP/1.1 200 OK\""}
{"asctime": "2026-09-01 15:30:20,118", "levelname": "INFO", "name": "httpx", "message": "HTTP Request: HEAD https://huggingface.co/BAAI/bge-m3/resolve/main/sentence_bert_config.json \"HTTP/1.1 307 Temporary Redirect\""}
{"asctime": "2026-09-01 15:30:20,145", "levelname": "INFO", "name": "httpx", "message": "HTTP Request: HEAD https://huggingface.co/api/resolve-cache/models/BAAI/bge-m3/5617a9f61b028005a4858fdac845db406aefb181/sentence_bert_config.json \"HTTP/1.1 200 OK\""}
{"asctime": "2026-09-01 15:30:20,413", "levelname": "INFO", "name": "httpx", "message": "HTTP Request: HEAD https://huggingface.co/BAAI/bge-m3/resolve/main/adapter_config.json \"HTTP/1.1 404 Not Found\""}
{"asctime": "2026-09-01 15:30:20,713", "levelname": "INFO", "name": "httpx", "message": "HTTP Request: HEAD https://huggingface.co/BAAI/bge-m3/resolve/main/config.json \"HTTP/1.1 307 Temporary Redirect\""}
{"asctime": "2026-09-01 15:30:20,730", "levelname": "INFO", "name": "httpx", "message": "HTTP Request: HEAD https://huggingface.co/api/resolve-cache/models/BAAI/bge-m3/5617a9f61b028005a4858fdac845db406aefb181/config.json \"HTTP/1.1 200 OK\""}
{"asctime": "2026-09-01 15:30:21,024", "levelname": "INFO", "name": "httpx", "message": "HTTP Request: HEAD https://huggingface.co/BAAI/bge-m3/resolve/main/model.safetensors \"HTTP/1.1 404 Not Found\""}
{"asctime": "2026-09-01 15:30:21,298", "levelname": "INFO", "name": "httpx", "message": "HTTP Request: GET https://huggingface.co/api/models/BAAI/bge-m3 \"HTTP/1.1 200 OK\""}
{"asctime": "2026-09-01 15:30:21,454", "levelname": "INFO", "name": "httpx", "message": "HTTP Request: HEAD https://huggingface.co/BAAI/bge-m3/resolve/main/processor_config.json \"HTTP/1.1 404 Not Found\""}
{"asctime": "2026-09-01 15:30:21,649", "levelname": "INFO", "name": "httpx", "message": "HTTP Request: GET https://huggingface.co/api/models/BAAI/bge-m3/commits/main \"HTTP/1.1 200 OK\""}
{"asctime": "2026-09-01 15:30:21,785", "levelname": "INFO", "name": "httpx", "message": "HTTP Request: HEAD https://huggingface.co/BAAI/bge-m3/resolve/main/preprocessor_config.json \"HTTP/1.1 404 Not Found\""}
{"asctime": "2026-09-01 15:30:21,991", "levelname": "INFO", "name": "httpx", "message": "HTTP Request: GET https://huggingface.co/api/models/BAAI/bge-m3/discussions?p=0 \"HTTP/1.1 200 OK\""}
{"asctime": "2026-09-01 15:30:22,051", "levelname": "INFO", "name": "httpx", "message": "HTTP Request: HEAD https://huggingface.co/BAAI/bge-m3/resolve/main/video_preprocessor_config.json \"HTTP/1.1 404 Not Found\""}
{"asctime": "2026-09-01 15:30:22,433", "levelname": "INFO", "name": "httpx", "message": "HTTP Request: GET https://huggingface.co/api/models/BAAI/bge-m3/commits/refs%2Fpr%2F130 \"HTTP/1.1 200 OK\""}
{"asctime": "2026-09-01 15:30:22,438", "levelname": "INFO", "name": "httpx", "message": "HTTP Request: HEAD https://huggingface.co/BAAI/bge-m3/resolve/main/preprocessor_config.json \"HTTP/1.1 404 Not Found\""}
{"asctime": "2026-09-01 15:30:22,694", "levelname": "INFO", "name": "httpx", "message": "HTTP Request: HEAD https://huggingface.co/BAAI/bge-m3/resolve/main/tokenizer_config.json \"HTTP/1.1 307 Temporary Redirect\""}
{"asctime": "2026-09-01 15:30:22,705", "levelname": "INFO", "name": "httpx", "message": "HTTP Request: HEAD https://huggingface.co/BAAI/bge-m3/resolve/refs%2Fpr%2F130/model.safetensors.index.json \"HTTP/1.1 404 Not Found\""}
{"asctime": "2026-09-01 15:30:22,708", "levelname": "INFO", "name": "httpx", "message": "HTTP Request: HEAD https://huggingface.co/api/resolve-cache/models/BAAI/bge-m3/5617a9f61b028005a4858fdac845db406aefb181/tokenizer_config.json \"HTTP/1.1 200 OK\""}
{"asctime": "2026-09-01 15:30:22,981", "levelname": "INFO", "name": "httpx", "message": "HTTP Request: HEAD https://huggingface.co/BAAI/bge-m3/resolve/refs%2Fpr%2F130/model.safetensors \"HTTP/1.1 302 Found\""}
{"asctime": "2026-09-01 15:30:22,983", "levelname": "INFO", "name": "httpx", "message": "HTTP Request: HEAD https://huggingface.co/BAAI/bge-m3/resolve/main/config.json \"HTTP/1.1 307 Temporary Redirect\""}
{"asctime": "2026-09-01 15:30:22,995", "levelname": "INFO", "name": "httpx", "message": "HTTP Request: HEAD https://huggingface.co/api/resolve-cache/models/BAAI/bge-m3/5617a9f61b028005a4858fdac845db406aefb181/config.json \"HTTP/1.1 200 OK\""}
{"asctime": "2026-09-01 15:30:23,268", "levelname": "INFO", "name": "httpx", "message": "HTTP Request: HEAD https://huggingface.co/BAAI/bge-m3/resolve/main/config.json \"HTTP/1.1 307 Temporary Redirect\""}
{"asctime": "2026-09-01 15:30:23,282", "levelname": "INFO", "name": "httpx", "message": "HTTP Request: HEAD https://huggingface.co/api/resolve-cache/models/BAAI/bge-m3/5617a9f61b028005a4858fdac845db406aefb181/config.json \"HTTP/1.1 200 OK\""}
{"asctime": "2026-09-01 15:30:23,536", "levelname": "INFO", "name": "httpx", "message": "HTTP Request: HEAD https://huggingface.co/BAAI/bge-m3/resolve/main/tokenizer_config.json \"HTTP/1.1 307 Temporary Redirect\""}
{"asctime": "2026-09-01 15:30:23,550", "levelname": "INFO", "name": "httpx", "message": "HTTP Request: HEAD https://huggingface.co/api/resolve-cache/models/BAAI/bge-m3/5617a9f61b028005a4858fdac845db406aefb181/tokenizer_config.json \"HTTP/1.1 200 OK\""}
{"asctime": "2026-09-01 15:30:23,816", "levelname": "INFO", "name": "httpx", "message": "HTTP Request: GET https://huggingface.co/api/models/BAAI/bge-m3/tree/main/additional_chat_templates?recursive=false&expand=false \"HTTP/1.1 404 Not Found\""}
{"asctime": "2026-09-01 15:30:24,174", "levelname": "INFO", "name": "httpx", "message": "HTTP Request: GET https://huggingface.co/api/models/BAAI/bge-m3/tree/main?recursive=true&expand=false \"HTTP/1.1 200 OK\""}
{"asctime": "2026-09-01 15:30:25,341", "levelname": "INFO", "name": "httpx", "message": "HTTP Request: GET https://huggingface.co/api/models/BAAI/bge-m3 \"HTTP/1.1 200 OK\""}
{"asctime": "2026-09-01 15:30:25,632", "levelname": "INFO", "name": "httpx", "message": "HTTP Request: HEAD https://huggingface.co/BAAI/bge-m3/resolve/main/1_Pooling/config.json \"HTTP/1.1 307 Temporary Redirect\""}
{"asctime": "2026-09-01 15:30:25,646", "levelname": "INFO", "name": "httpx", "message": "HTTP Request: HEAD https://huggingface.co/api/resolve-cache/models/BAAI/bge-m3/5617a9f61b028005a4858fdac845db406aefb181/1_Pooling%2Fconfig.json \"HTTP/1.1 200 OK\""}
{"asctime": "2026-09-01 15:30:25,936", "levelname": "INFO", "name": "httpx", "message": "HTTP Request: HEAD https://huggingface.co/BAAI/bge-m3/resolve/main/2_Normalize/config.json \"HTTP/1.1 404 Not Found\""}
{"asctime": "2026-09-01 15:30:26,203", "levelname": "INFO", "name": "httpx", "message": "HTTP Request: GET https://huggingface.co/api/models/BAAI/bge-m3 \"HTTP/1.1 200 OK\""}
{"asctime": "2026-09-01 15:31:43,821", "levelname": "ERROR", "name": "django.security.DisallowedHost", "message": "Invalid HTTP_HOST header: 'testserver'. You may need to add 'testserver' to ALLOWED_HOSTS.", "exc_info": "Traceback (most recent call last):\n  File \"/Users/arga/.pyenv/versions/3.11.9/lib/python3.11/site-packages/django/core/handlers/exception.py\", line 55, in inner\n    response = get_response(request)\n               ^^^^^^^^^^^^^^^^^^^^^\n  File \"/Users/arga/.pyenv/versions/3.11.9/lib/python3.11/site-packages/django/utils/deprecation.py\", line 119, in __call__\n    response = self.process_request(request)\n               ^^^^^^^^^^^^^^^^^^^^^^^^^^^^^\n  File \"/Users/arga/.pyenv/versions/3.11.9/lib/python3.11/site-packages/django/middleware/common.py\", line 48, in process_request\n    host = request.get_host()\n           ^^^^^^^^^^^^^^^^^^\n  File \"/Users/arga/.pyenv/versions/3.11.9/lib/python3.11/site-packages/django/http/request.py\", line 203, in get_host\n    raise DisallowedHost(msg)\ndjango.core.exceptions.DisallowedHost: Invalid HTTP_HOST header: 'testserver'. You may need to add 'testserver' to ALLOWED_HOSTS.", "status_code": 400, "request": "<WSGIRequest: GET '/api/document-stats/'>"}
{"asctime": "2026-09-01 15:40:46,767", "levelname": "INFO", "name": "django.utils.autoreload", "message": "/Users/arga/Kementerian-HAM/rag_project/query/views.py changed, reloading."}
{"asctime": "2026-09-01 15:40:47,053", "levelname": "INFO", "name": "django.utils.autoreload", "message": "Watching for file changes with StatReloader"}
{"asctime": "2026-09-02 09:11:55,039", "levelname": "INFO", "name": "django.utils.autoreload", "message": "Watching for file changes with StatReloader"}
{"asctime": "2026-09-02 09:12:16,416", "levelname": "WARNING", "name": "django.request", "message": "Not Found: /frontend/index.html", "status_code": 404, "request": "<WSGIRequest: GET '/frontend/index.html'>"}
{"asctime": "2026-09-02 09:18:26,006", "levelname": "WARNING", "name": "django.request", "message": "Not Found: /favicon.ico", "status_code": 404, "request": "<WSGIRequest: GET '/favicon.ico'>"}
{"asctime": "2026-09-02 09:18:36,948", "levelname": "WARNING", "name": "django.request", "message": "Not Found: /frontend/index.html", "status_code": 404, "request": "<WSGIRequest: GET '/frontend/index.html'>"}
{"asctime": "2026-09-02 09:19:24,639", "levelname": "INFO", "name": "django.utils.autoreload", "message": "/Users/arga/Kementerian-HAM/rag_project/query/views.py changed, reloading."}
{"asctime": "2026-09-02 09:19:24,967", "levelname": "INFO", "name": "django.utils.autoreload", "message": "Watching for file changes with StatReloader"}
{"asctime": "2026-09-02 09:19:33,438", "levelname": "INFO", "name": "django.utils.autoreload", "message": "/Users/arga/Kementerian-HAM/rag_project/query/views.py changed, reloading."}
{"asctime": "2026-09-02 09:19:33,675", "levelname": "INFO", "name": "django.utils.autoreload", "message": "Watching for file changes with StatReloader"}
{"asctime": "2026-09-02 09:19:45,054", "levelname": "INFO", "name": "django.utils.autoreload", "message": "/Users/arga/Kementerian-HAM/rag_project/config/urls.py changed, reloading."}
{"asctime": "2026-09-02 09:19:45,281", "levelname": "INFO", "name": "django.utils.autoreload", "message": "Watching for file changes with StatReloader"}
{"asctime": "2026-09-02 09:19:52,674", "levelname": "INFO", "name": "django.utils.autoreload", "message": "/Users/arga/Kementerian-HAM/rag_project/query/urls.py changed, reloading."}
{"asctime": "2026-09-02 09:19:52,910", "levelname": "INFO", "name": "django.utils.autoreload", "message": "Watching for file changes with StatReloader"}
{"asctime": "2026-09-02 09:20:46,115", "levelname": "WARNING", "name": "django.request", "message": "Not Found: /favicon.ico", "status_code": 404, "request": "<WSGIRequest: GET '/favicon.ico'>"}
{"asctime": "2026-09-02 09:29:21,242", "levelname": "INFO", "name": "django.utils.autoreload", "message": "/Users/arga/Kementerian-HAM/rag_project/query/urls.py changed, reloading."}
{"asctime": "2026-09-02 09:29:21,579", "levelname": "INFO", "name": "django.utils.autoreload", "message": "Watching for file changes with StatReloader"}
{"asctime": "2026-09-02 10:20:15,899", "levelname": "INFO", "name": "sentence_transformers.base.model", "message": "No device provided, using mps"}
{"asctime": "2026-09-02 10:20:16,453", "levelname": "INFO", "name": "httpx", "message": "HTTP Request: HEAD https://huggingface.co/BAAI/bge-m3/resolve/main/modules.json \"HTTP/1.1 307 Temporary Redirect\""}
{"asctime": "2026-09-02 10:20:16,454", "levelname": "WARNING", "name": "huggingface_hub.utils._http", "message": "Warning: You are sending unauthenticated requests to the HF Hub. Please set a HF_TOKEN to enable higher rate limits and faster downloads."}
{"asctime": "2026-09-02 10:20:16,468", "levelname": "INFO", "name": "httpx", "message": "HTTP Request: HEAD https://huggingface.co/api/resolve-cache/models/BAAI/bge-m3/5617a9f61b028005a4858fdac845db406aefb181/modules.json \"HTTP/1.1 200 OK\""}
{"asctime": "2026-09-02 10:20:16,866", "levelname": "INFO", "name": "httpx", "message": "HTTP Request: HEAD https://huggingface.co/BAAI/bge-m3/resolve/main/config_sentence_transformers.json \"HTTP/1.1 307 Temporary Redirect\""}
{"asctime": "2026-09-02 10:20:16,890", "levelname": "INFO", "name": "httpx", "message": "HTTP Request: HEAD https://huggingface.co/api/resolve-cache/models/BAAI/bge-m3/5617a9f61b028005a4858fdac845db406aefb181/config_sentence_transformers.json \"HTTP/1.1 200 OK\""}
{"asctime": "2026-09-02 10:20:16,892", "levelname": "INFO", "name": "sentence_transformers.base.model", "message": "Loading SentenceTransformer model from BAAI/bge-m3."}
{"asctime": "2026-09-02 10:20:17,157", "levelname": "INFO", "name": "httpx", "message": "HTTP Request: HEAD https://huggingface.co/BAAI/bge-m3/resolve/main/config_sentence_transformers.json \"HTTP/1.1 307 Temporary Redirect\""}
{"asctime": "2026-09-02 10:20:17,170", "levelname": "INFO", "name": "httpx", "message": "HTTP Request: HEAD https://huggingface.co/api/resolve-cache/models/BAAI/bge-m3/5617a9f61b028005a4858fdac845db406aefb181/config_sentence_transformers.json \"HTTP/1.1 200 OK\""}
{"asctime": "2026-09-02 10:20:18,657", "levelname": "INFO", "name": "httpx", "message": "HTTP Request: HEAD https://huggingface.co/BAAI/bge-m3/resolve/main/README.md \"HTTP/1.1 307 Temporary Redirect\""}
{"asctime": "2026-09-02 10:20:18,730", "levelname": "INFO", "name": "httpx", "message": "HTTP Request: HEAD https://huggingface.co/api/resolve-cache/models/BAAI/bge-m3/5617a9f61b028005a4858fdac845db406aefb181/README.md \"HTTP/1.1 200 OK\""}
{"asctime": "2026-09-02 10:20:19,159", "levelname": "INFO", "name": "httpx", "message": "HTTP Request: HEAD https://huggingface.co/BAAI/bge-m3/resolve/main/modules.json \"HTTP/1.1 307 Temporary Redirect\""}
{"asctime": "2026-09-02 10:20:19,202", "levelname": "INFO", "name": "httpx", "message": "HTTP Request: HEAD https://huggingface.co/api/resolve-cache/models/BAAI/bge-m3/5617a9f61b028005a4858fdac845db406aefb181/modules.json \"HTTP/1.1 200 OK\""}
{"asctime": "2026-09-02 10:20:19,631", "levelname": "INFO", "name": "httpx", "message": "HTTP Request: HEAD https://huggingface.co/BAAI/bge-m3/resolve/main/sentence_bert_config.json \"HTTP/1.1 307 Temporary Redirect\""}
{"asctime": "2026-09-02 10:20:19,651", "levelname": "INFO", "name": "httpx", "message": "HTTP Request: HEAD https://huggingface.co/api/resolve-cache/models/BAAI/bge-m3/5617a9f61b028005a4858fdac845db406aefb181/sentence_bert_config.json \"HTTP/1.1 200 OK\""}
{"asctime": "2026-09-02 10:20:20,150", "levelname": "INFO", "name": "httpx", "message": "HTTP Request: HEAD https://huggingface.co/BAAI/bge-m3/resolve/main/adapter_config.json \"HTTP/1.1 404 Not Found\""}
{"asctime": "2026-09-02 10:20:20,414", "levelname": "INFO", "name": "httpx", "message": "HTTP Request: HEAD https://huggingface.co/BAAI/bge-m3/resolve/main/config.json \"HTTP/1.1 307 Temporary Redirect\""}
{"asctime": "2026-09-02 10:20:20,439", "levelname": "INFO", "name": "httpx", "message": "HTTP Request: HEAD https://huggingface.co/api/resolve-cache/models/BAAI/bge-m3/5617a9f61b028005a4858fdac845db406aefb181/config.json \"HTTP/1.1 200 OK\""}
{"asctime": "2026-09-02 10:20:20,822", "levelname": "INFO", "name": "httpx", "message": "HTTP Request: HEAD https://huggingface.co/BAAI/bge-m3/resolve/main/model.safetensors \"HTTP/1.1 404 Not Found\""}
{"asctime": "2026-09-02 10:20:21,260", "levelname": "INFO", "name": "httpx", "message": "HTTP Request: GET https://huggingface.co/api/models/BAAI/bge-m3 \"HTTP/1.1 200 OK\""}
{"asctime": "2026-09-02 10:20:21,268", "levelname": "INFO", "name": "httpx", "message": "HTTP Request: HEAD https://huggingface.co/BAAI/bge-m3/resolve/main/processor_config.json \"HTTP/1.1 404 Not Found\""}
{"asctime": "2026-09-02 10:20:21,574", "levelname": "INFO", "name": "httpx", "message": "HTTP Request: HEAD https://huggingface.co/BAAI/bge-m3/resolve/main/preprocessor_config.json \"HTTP/1.1 404 Not Found\""}
{"asctime": "2026-09-02 10:20:21,576", "levelname": "INFO", "name": "httpx", "message": "HTTP Request: GET https://huggingface.co/api/models/BAAI/bge-m3/commits/main \"HTTP/1.1 200 OK\""}
{"asctime": "2026-09-02 10:20:21,864", "levelname": "INFO", "name": "httpx", "message": "HTTP Request: HEAD https://huggingface.co/BAAI/bge-m3/resolve/main/video_preprocessor_config.json \"HTTP/1.1 404 Not Found\""}
{"asctime": "2026-09-02 10:20:21,866", "levelname": "INFO", "name": "httpx", "message": "HTTP Request: GET https://huggingface.co/api/models/BAAI/bge-m3/discussions?p=0 \"HTTP/1.1 200 OK\""}
{"asctime": "2026-09-02 10:20:22,133", "levelname": "INFO", "name": "httpx", "message": "HTTP Request: HEAD https://huggingface.co/BAAI/bge-m3/resolve/main/preprocessor_config.json \"HTTP/1.1 404 Not Found\""}
{"asctime": "2026-09-02 10:20:22,269", "levelname": "INFO", "name": "httpx", "message": "HTTP Request: GET https://huggingface.co/api/models/BAAI/bge-m3/commits/refs%2Fpr%2F130 \"HTTP/1.1 200 OK\""}
{"asctime": "2026-09-02 10:20:22,540", "levelname": "INFO", "name": "httpx", "message": "HTTP Request: HEAD https://huggingface.co/BAAI/bge-m3/resolve/main/tokenizer_config.json \"HTTP/1.1 307 Temporary Redirect\""}
{"asctime": "2026-09-02 10:20:22,562", "levelname": "INFO", "name": "httpx", "message": "HTTP Request: HEAD https://huggingface.co/api/resolve-cache/models/BAAI/bge-m3/5617a9f61b028005a4858fdac845db406aefb181/tokenizer_config.json \"HTTP/1.1 200 OK\""}
{"asctime": "2026-09-02 10:20:22,580", "levelname": "INFO", "name": "httpx", "message": "HTTP Request: HEAD https://huggingface.co/BAAI/bge-m3/resolve/refs%2Fpr%2F130/model.safetensors.index.json \"HTTP/1.1 404 Not Found\""}
{"asctime": "2026-09-02 10:20:22,922", "levelname": "INFO", "name": "httpx", "message": "HTTP Request: HEAD https://huggingface.co/BAAI/bge-m3/resolve/main/config.json \"HTTP/1.1 307 Temporary Redirect\""}
{"asctime": "2026-09-02 10:20:22,928", "levelname": "INFO", "name": "httpx", "message": "HTTP Request: HEAD https://huggingface.co/BAAI/bge-m3/resolve/refs%2Fpr%2F130/model.safetensors \"HTTP/1.1 302 Found\""}
{"asctime": "2026-09-02 10:20:22,936", "levelname": "INFO", "name": "httpx", "message": "HTTP Request: HEAD https://huggingface.co/api/resolve-cache/models/BAAI/bge-m3/5617a9f61b028005a4858fdac845db406aefb181/config.json \"HTTP/1.1 200 OK\""}
{"asctime": "2026-09-02 10:20:23,204", "levelname": "INFO", "name": "httpx", "message": "HTTP Request: HEAD https://huggingface.co/BAAI/bge-m3/resolve/main/config.json \"HTTP/1.1 307 Temporary Redirect\""}
{"asctime": "2026-09-02 10:20:23,217", "levelname": "INFO", "name": "httpx", "message": "HTTP Request: HEAD https://huggingface.co/api/resolve-cache/models/BAAI/bge-m3/5617a9f61b028005a4858fdac845db406aefb181/config.json \"HTTP/1.1 200 OK\""}
{"asctime": "2026-09-02 10:20:23,509", "levelname": "INFO", "name": "httpx", "message": "HTTP Request: HEAD https://huggingface.co/BAAI/bge-m3/resolve/main/tokenizer_config.json \"HTTP/1.1 307 Temporary Redirect\""}
{"asctime": "2026-09-02 10:20:23,521", "levelname": "INFO", "name": "httpx", "message": "HTTP Request: HEAD https://huggingface.co/api/resolve-cache/models/BAAI/bge-m3/5617a9f61b028005a4858fdac845db406aefb181/tokenizer_config.json \"HTTP/1.1 200 OK\""}
{"asctime": "2026-09-02 10:20:23,798", "levelname": "INFO", "name": "httpx", "message": "HTTP Request: GET https://huggingface.co/api/models/BAAI/bge-m3/tree/main/additional_chat_templates?recursive=false&expand=false \"HTTP/1.1 404 Not Found\""}
{"asctime": "2026-09-02 10:20:24,130", "levelname": "INFO", "name": "httpx", "message": "HTTP Request: GET https://huggingface.co/api/models/BAAI/bge-m3/tree/main?recursive=true&expand=false \"HTTP/1.1 200 OK\""}
{"asctime": "2026-09-02 10:20:26,290", "levelname": "INFO", "name": "httpx", "message": "HTTP Request: GET https://huggingface.co/api/models/BAAI/bge-m3 \"HTTP/1.1 200 OK\""}
{"asctime": "2026-09-02 10:20:26,604", "levelname": "INFO", "name": "httpx", "message": "HTTP Request: HEAD https://huggingface.co/BAAI/bge-m3/resolve/main/1_Pooling/config.json \"HTTP/1.1 307 Temporary Redirect\""}
{"asctime": "2026-09-02 10:20:26,746", "levelname": "INFO", "name": "httpx", "message": "HTTP Request: HEAD https://huggingface.co/api/resolve-cache/models/BAAI/bge-m3/5617a9f61b028005a4858fdac845db406aefb181/1_Pooling%2Fconfig.json \"HTTP/1.1 200 OK\""}
{"asctime": "2026-09-02 10:20:27,121", "levelname": "INFO", "name": "httpx", "message": "HTTP Request: HEAD https://huggingface.co/BAAI/bge-m3/resolve/main/2_Normalize/config.json \"HTTP/1.1 404 Not Found\""}
{"asctime": "2026-09-02 10:20:27,770", "levelname": "INFO", "name": "httpx", "message": "HTTP Request: GET https://huggingface.co/api/models/BAAI/bge-m3 \"HTTP/1.1 200 OK\""}
{"asctime": "2026-09-02 10:20:36,899", "levelname": "INFO", "name": "httpx", "message": "HTTP Request: POST https://api.groq.com/openai/v1/chat/completions \"HTTP/1.1 200 OK\""}
{"asctime": "2026-09-02 10:38:19,759", "levelname": "INFO", "name": "django.utils.autoreload", "message": "/Users/arga/Kementerian-HAM/rag_project/config/settings.py changed, reloading."}
{"asctime": "2026-09-02 10:38:20,775", "levelname": "INFO", "name": "django.utils.autoreload", "message": "Watching for file changes with StatReloader"}
{"asctime": "2026-09-02 10:38:27,153", "levelname": "INFO", "name": "django.utils.autoreload", "message": "/Users/arga/Kementerian-HAM/rag_project/config/urls.py changed, reloading."}
{"asctime": "2026-09-02 10:38:27,383", "levelname": "INFO", "name": "django.utils.autoreload", "message": "Watching for file changes with StatReloader"}
{"asctime": "2026-09-02 10:39:41,573", "levelname": "INFO", "name": "django.utils.autoreload", "message": "/Users/arga/Kementerian-HAM/rag_project/query/views.py changed, reloading."}
{"asctime": "2026-09-02 10:39:41,802", "levelname": "INFO", "name": "django.utils.autoreload", "message": "Watching for file changes with StatReloader"}
{"asctime": "2026-09-02 10:40:10,614", "levelname": "INFO", "name": "sentence_transformers.base.model", "message": "No device provided, using mps"}
{"asctime": "2026-09-02 10:40:10,914", "levelname": "INFO", "name": "httpx", "message": "HTTP Request: GET https://huggingface.co/api/agent-harnesses \"HTTP/1.1 200 OK\""}
{"asctime": "2026-09-02 10:40:11,195", "levelname": "INFO", "name": "httpx", "message": "HTTP Request: HEAD https://huggingface.co/BAAI/bge-m3/resolve/main/modules.json \"HTTP/1.1 307 Temporary Redirect\""}
{"asctime": "2026-09-02 10:40:11,196", "levelname": "WARNING", "name": "huggingface_hub.utils._http", "message": "Warning: You are sending unauthenticated requests to the HF Hub. Please set a HF_TOKEN to enable higher rate limits and faster downloads."}
{"asctime": "2026-09-02 10:40:11,222", "levelname": "INFO", "name": "httpx", "message": "HTTP Request: HEAD https://huggingface.co/api/resolve-cache/models/BAAI/bge-m3/5617a9f61b028005a4858fdac845db406aefb181/modules.json \"HTTP/1.1 200 OK\""}
{"asctime": "2026-09-02 10:40:11,552", "levelname": "INFO", "name": "httpx", "message": "HTTP Request: HEAD https://huggingface.co/BAAI/bge-m3/resolve/main/config_sentence_transformers.json \"HTTP/1.1 307 Temporary Redirect\""}
{"asctime": "2026-09-02 10:40:11,564", "levelname": "INFO", "name": "httpx", "message": "HTTP Request: HEAD https://huggingface.co/api/resolve-cache/models/BAAI/bge-m3/5617a9f61b028005a4858fdac845db406aefb181/config_sentence_transformers.json \"HTTP/1.1 200 OK\""}
{"asctime": "2026-09-02 10:40:11,568", "levelname": "INFO", "name": "sentence_transformers.base.model", "message": "Loading SentenceTransformer model from BAAI/bge-m3."}
{"asctime": "2026-09-02 10:40:11,970", "levelname": "INFO", "name": "httpx", "message": "HTTP Request: HEAD https://huggingface.co/BAAI/bge-m3/resolve/main/config_sentence_transformers.json \"HTTP/1.1 307 Temporary Redirect\""}
{"asctime": "2026-09-02 10:40:11,986", "levelname": "INFO", "name": "httpx", "message": "HTTP Request: HEAD https://huggingface.co/api/resolve-cache/models/BAAI/bge-m3/5617a9f61b028005a4858fdac845db406aefb181/config_sentence_transformers.json \"HTTP/1.1 200 OK\""}
{"asctime": "2026-09-02 10:40:12,247", "levelname": "INFO", "name": "httpx", "message": "HTTP Request: HEAD https://huggingface.co/BAAI/bge-m3/resolve/main/README.md \"HTTP/1.1 307 Temporary Redirect\""}
{"asctime": "2026-09-02 10:40:12,260", "levelname": "INFO", "name": "httpx", "message": "HTTP Request: HEAD https://huggingface.co/api/resolve-cache/models/BAAI/bge-m3/5617a9f61b028005a4858fdac845db406aefb181/README.md \"HTTP/1.1 200 OK\""}
{"asctime": "2026-09-02 10:40:12,523", "levelname": "INFO", "name": "httpx", "message": "HTTP Request: HEAD https://huggingface.co/BAAI/bge-m3/resolve/main/modules.json \"HTTP/1.1 307 Temporary Redirect\""}
{"asctime": "2026-09-02 10:40:12,561", "levelname": "INFO", "name": "httpx", "message": "HTTP Request: HEAD https://huggingface.co/api/resolve-cache/models/BAAI/bge-m3/5617a9f61b028005a4858fdac845db406aefb181/modules.json \"HTTP/1.1 200 OK\""}
{"asctime": "2026-09-02 10:40:12,825", "levelname": "INFO", "name": "httpx", "message": "HTTP Request: HEAD https://huggingface.co/BAAI/bge-m3/resolve/main/sentence_bert_config.json \"HTTP/1.1 307 Temporary Redirect\""}
{"asctime": "2026-09-02 10:40:12,882", "levelname": "INFO", "name": "httpx", "message": "HTTP Request: HEAD https://huggingface.co/api/resolve-cache/models/BAAI/bge-m3/5617a9f61b028005a4858fdac845db406aefb181/sentence_bert_config.json \"HTTP/1.1 200 OK\""}
{"asctime": "2026-09-02 10:40:13,142", "levelname": "INFO", "name": "httpx", "message": "HTTP Request: HEAD https://huggingface.co/BAAI/bge-m3/resolve/main/adapter_config.json \"HTTP/1.1 404 Not Found\""}
{"asctime": "2026-09-02 10:40:13,475", "levelname": "INFO", "name": "httpx", "message": "HTTP Request: HEAD https://huggingface.co/BAAI/bge-m3/resolve/main/config.json \"HTTP/1.1 307 Temporary Redirect\""}
{"asctime": "2026-09-02 10:40:13,489", "levelname": "INFO", "name": "httpx", "message": "HTTP Request: HEAD https://huggingface.co/api/resolve-cache/models/BAAI/bge-m3/5617a9f61b028005a4858fdac845db406aefb181/config.json \"HTTP/1.1 200 OK\""}
{"asctime": "2026-09-02 10:40:13,779", "levelname": "INFO", "name": "httpx", "message": "HTTP Request: HEAD https://huggingface.co/BAAI/bge-m3/resolve/main/model.safetensors \"HTTP/1.1 404 Not Found\""}
{"asctime": "2026-09-02 10:40:14,042", "levelname": "INFO", "name": "httpx", "message": "HTTP Request: GET https://huggingface.co/api/models/BAAI/bge-m3 \"HTTP/1.1 200 OK\""}
{"asctime": "2026-09-02 10:40:14,197", "levelname": "INFO", "name": "httpx", "message": "HTTP Request: HEAD https://huggingface.co/BAAI/bge-m3/resolve/main/processor_config.json \"HTTP/1.1 404 Not Found\""}
{"asctime": "2026-09-02 10:40:14,329", "levelname": "INFO", "name": "httpx", "message": "HTTP Request: GET https://huggingface.co/api/models/BAAI/bge-m3/commits/main \"HTTP/1.1 200 OK\""}
{"asctime": "2026-09-02 10:40:14,472", "levelname": "INFO", "name": "httpx", "message": "HTTP Request: HEAD https://huggingface.co/BAAI/bge-m3/resolve/main/preprocessor_config.json \"HTTP/1.1 404 Not Found\""}
{"asctime": "2026-09-02 10:40:14,891", "levelname": "INFO", "name": "httpx", "message": "HTTP Request: GET https://huggingface.co/api/models/BAAI/bge-m3/discussions?p=0 \"HTTP/1.1 200 OK\""}
{"asctime": "2026-09-02 10:40:14,972", "levelname": "INFO", "name": "httpx", "message": "HTTP Request: HEAD https://huggingface.co/BAAI/bge-m3/resolve/main/video_preprocessor_config.json \"HTTP/1.1 404 Not Found\""}
{"asctime": "2026-09-02 10:40:15,164", "levelname": "INFO", "name": "httpx", "message": "HTTP Request: GET https://huggingface.co/api/models/BAAI/bge-m3/commits/refs%2Fpr%2F130 \"HTTP/1.1 200 OK\""}
{"asctime": "2026-09-02 10:40:15,244", "levelname": "INFO", "name": "httpx", "message": "HTTP Request: HEAD https://huggingface.co/BAAI/bge-m3/resolve/main/preprocessor_config.json \"HTTP/1.1 404 Not Found\""}
{"asctime": "2026-09-02 10:40:15,441", "levelname": "INFO", "name": "httpx", "message": "HTTP Request: HEAD https://huggingface.co/BAAI/bge-m3/resolve/refs%2Fpr%2F130/model.safetensors.index.json \"HTTP/1.1 404 Not Found\""}
{"asctime": "2026-09-02 10:40:15,563", "levelname": "INFO", "name": "httpx", "message": "HTTP Request: HEAD https://huggingface.co/BAAI/bge-m3/resolve/main/tokenizer_config.json \"HTTP/1.1 307 Temporary Redirect\""}
{"asctime": "2026-09-02 10:40:15,575", "levelname": "INFO", "name": "httpx", "message": "HTTP Request: HEAD https://huggingface.co/api/resolve-cache/models/BAAI/bge-m3/5617a9f61b028005a4858fdac845db406aefb181/tokenizer_config.json \"HTTP/1.1 200 OK\""}
{"asctime": "2026-09-02 10:40:15,709", "levelname": "INFO", "name": "httpx", "message": "HTTP Request: HEAD https://huggingface.co/BAAI/bge-m3/resolve/refs%2Fpr%2F130/model.safetensors \"HTTP/1.1 302 Found\""}
{"asctime": "2026-09-02 10:40:15,832", "levelname": "INFO", "name": "httpx", "message": "HTTP Request: HEAD https://huggingface.co/BAAI/bge-m3/resolve/main/config.json \"HTTP/1.1 307 Temporary Redirect\""}
{"asctime": "2026-09-02 10:40:15,846", "levelname": "INFO", "name": "httpx", "message": "HTTP Request: HEAD https://huggingface.co/api/resolve-cache/models/BAAI/bge-m3/5617a9f61b028005a4858fdac845db406aefb181/config.json \"HTTP/1.1 200 OK\""}
{"asctime": "2026-09-02 10:40:16,161", "levelname": "INFO", "name": "httpx", "message": "HTTP Request: HEAD https://huggingface.co/BAAI/bge-m3/resolve/main/config.json \"HTTP/1.1 307 Temporary Redirect\""}
{"asctime": "2026-09-02 10:40:16,174", "levelname": "INFO", "name": "httpx", "message": "HTTP Request: HEAD https://huggingface.co/api/resolve-cache/models/BAAI/bge-m3/5617a9f61b028005a4858fdac845db406aefb181/config.json \"HTTP/1.1 200 OK\""}
{"asctime": "2026-09-02 10:40:16,613", "levelname": "INFO", "name": "httpx", "message": "HTTP Request: HEAD https://huggingface.co/BAAI/bge-m3/resolve/main/tokenizer_config.json \"HTTP/1.1 307 Temporary Redirect\""}
{"asctime": "2026-09-02 10:40:16,630", "levelname": "INFO", "name": "httpx", "message": "HTTP Request: HEAD https://huggingface.co/api/resolve-cache/models/BAAI/bge-m3/5617a9f61b028005a4858fdac845db406aefb181/tokenizer_config.json \"HTTP/1.1 200 OK\""}
{"asctime": "2026-09-02 10:40:17,170", "levelname": "INFO", "name": "httpx", "message": "HTTP Request: GET https://huggingface.co/api/models/BAAI/bge-m3/tree/main/additional_chat_templates?recursive=false&expand=false \"HTTP/1.1 404 Not Found\""}
{"asctime": "2026-09-02 10:40:17,447", "levelname": "INFO", "name": "httpx", "message": "HTTP Request: GET https://huggingface.co/api/models/BAAI/bge-m3/tree/main?recursive=true&expand=false \"HTTP/1.1 200 OK\""}
{"asctime": "2026-09-02 10:40:18,538", "levelname": "INFO", "name": "httpx", "message": "HTTP Request: GET https://huggingface.co/api/models/BAAI/bge-m3 \"HTTP/1.1 200 OK\""}
{"asctime": "2026-09-02 10:40:19,042", "levelname": "INFO", "name": "httpx", "message": "HTTP Request: HEAD https://huggingface.co/BAAI/bge-m3/resolve/main/1_Pooling/config.json \"HTTP/1.1 307 Temporary Redirect\""}
{"asctime": "2026-09-02 10:40:19,062", "levelname": "INFO", "name": "httpx", "message": "HTTP Request: HEAD https://huggingface.co/api/resolve-cache/models/BAAI/bge-m3/5617a9f61b028005a4858fdac845db406aefb181/1_Pooling%2Fconfig.json \"HTTP/1.1 200 OK\""}
{"asctime": "2026-09-02 10:40:19,310", "levelname": "INFO", "name": "httpx", "message": "HTTP Request: HEAD https://huggingface.co/BAAI/bge-m3/resolve/main/2_Normalize/config.json \"HTTP/1.1 404 Not Found\""}
{"asctime": "2026-09-02 10:40:19,646", "levelname": "INFO", "name": "httpx", "message": "HTTP Request: GET https://huggingface.co/api/models/BAAI/bge-m3 \"HTTP/1.1 200 OK\""}
{"asctime": "2026-09-02 10:40:41,452", "levelname": "INFO", "name": "django.utils.autoreload", "message": "/Users/arga/Kementerian-HAM/rag_project/query/views.py changed, reloading."}
{"asctime": "2026-09-02 10:40:41,705", "levelname": "INFO", "name": "django.utils.autoreload", "message": "Watching for file changes with StatReloader"}
{"asctime": "2026-09-02 10:43:42,076", "levelname": "INFO", "name": "sentence_transformers.base.model", "message": "No device provided, using mps"}
{"asctime": "2026-09-02 10:43:42,422", "levelname": "INFO", "name": "httpx", "message": "HTTP Request: HEAD https://huggingface.co/BAAI/bge-m3/resolve/main/modules.json \"HTTP/1.1 307 Temporary Redirect\""}
{"asctime": "2026-09-02 10:43:42,440", "levelname": "INFO", "name": "httpx", "message": "HTTP Request: HEAD https://huggingface.co/api/resolve-cache/models/BAAI/bge-m3/5617a9f61b028005a4858fdac845db406aefb181/modules.json \"HTTP/1.1 200 OK\""}
{"asctime": "2026-09-02 10:43:42,768", "levelname": "INFO", "name": "httpx", "message": "HTTP Request: HEAD https://huggingface.co/BAAI/bge-m3/resolve/main/config_sentence_transformers.json \"HTTP/1.1 307 Temporary Redirect\""}
{"asctime": "2026-09-02 10:43:42,785", "levelname": "INFO", "name": "httpx", "message": "HTTP Request: HEAD https://huggingface.co/api/resolve-cache/models/BAAI/bge-m3/5617a9f61b028005a4858fdac845db406aefb181/config_sentence_transformers.json \"HTTP/1.1 200 OK\""}
{"asctime": "2026-09-02 10:43:42,789", "levelname": "INFO", "name": "sentence_transformers.base.model", "message": "Loading SentenceTransformer model from BAAI/bge-m3."}
{"asctime": "2026-09-02 10:43:43,052", "levelname": "INFO", "name": "httpx", "message": "HTTP Request: HEAD https://huggingface.co/BAAI/bge-m3/resolve/main/config_sentence_transformers.json \"HTTP/1.1 307 Temporary Redirect\""}
{"asctime": "2026-09-02 10:43:43,054", "levelname": "WARNING", "name": "huggingface_hub.utils._http", "message": "Warning: You are sending unauthenticated requests to the HF Hub. Please set a HF_TOKEN to enable higher rate limits and faster downloads."}
{"asctime": "2026-09-02 10:43:43,066", "levelname": "INFO", "name": "httpx", "message": "HTTP Request: HEAD https://huggingface.co/api/resolve-cache/models/BAAI/bge-m3/5617a9f61b028005a4858fdac845db406aefb181/config_sentence_transformers.json \"HTTP/1.1 200 OK\""}
{"asctime": "2026-09-02 10:43:43,325", "levelname": "INFO", "name": "httpx", "message": "HTTP Request: HEAD https://huggingface.co/BAAI/bge-m3/resolve/main/README.md \"HTTP/1.1 307 Temporary Redirect\""}
{"asctime": "2026-09-02 10:43:43,339", "levelname": "INFO", "name": "httpx", "message": "HTTP Request: HEAD https://huggingface.co/api/resolve-cache/models/BAAI/bge-m3/5617a9f61b028005a4858fdac845db406aefb181/README.md \"HTTP/1.1 200 OK\""}
{"asctime": "2026-09-02 10:43:43,604", "levelname": "INFO", "name": "httpx", "message": "HTTP Request: HEAD https://huggingface.co/BAAI/bge-m3/resolve/main/modules.json \"HTTP/1.1 307 Temporary Redirect\""}
{"asctime": "2026-09-02 10:43:43,616", "levelname": "INFO", "name": "httpx", "message": "HTTP Request: HEAD https://huggingface.co/api/resolve-cache/models/BAAI/bge-m3/5617a9f61b028005a4858fdac845db406aefb181/modules.json \"HTTP/1.1 200 OK\""}
{"asctime": "2026-09-02 10:43:43,867", "levelname": "INFO", "name": "httpx", "message": "HTTP Request: HEAD https://huggingface.co/BAAI/bge-m3/resolve/main/sentence_bert_config.json \"HTTP/1.1 307 Temporary Redirect\""}
{"asctime": "2026-09-02 10:43:43,882", "levelname": "INFO", "name": "httpx", "message": "HTTP Request: HEAD https://huggingface.co/api/resolve-cache/models/BAAI/bge-m3/5617a9f61b028005a4858fdac845db406aefb181/sentence_bert_config.json \"HTTP/1.1 200 OK\""}
{"asctime": "2026-09-02 10:43:44,154", "levelname": "INFO", "name": "httpx", "message": "HTTP Request: HEAD https://huggingface.co/BAAI/bge-m3/resolve/main/adapter_config.json \"HTTP/1.1 404 Not Found\""}
{"asctime": "2026-09-02 10:43:44,418", "levelname": "INFO", "name": "httpx", "message": "HTTP Request: HEAD https://huggingface.co/BAAI/bge-m3/resolve/main/config.json \"HTTP/1.1 307 Temporary Redirect\""}
{"asctime": "2026-09-02 10:43:44,430", "levelname": "INFO", "name": "httpx", "message": "HTTP Request: HEAD https://huggingface.co/api/resolve-cache/models/BAAI/bge-m3/5617a9f61b028005a4858fdac845db406aefb181/config.json \"HTTP/1.1 200 OK\""}
{"asctime": "2026-09-02 10:43:45,084", "levelname": "INFO", "name": "httpx", "message": "HTTP Request: HEAD https://huggingface.co/BAAI/bge-m3/resolve/main/model.safetensors \"HTTP/1.1 404 Not Found\""}
{"asctime": "2026-09-02 10:43:45,346", "levelname": "INFO", "name": "httpx", "message": "HTTP Request: GET https://huggingface.co/api/models/BAAI/bge-m3 \"HTTP/1.1 200 OK\""}
{"asctime": "2026-09-02 10:43:45,570", "levelname": "INFO", "name": "httpx", "message": "HTTP Request: HEAD https://huggingface.co/BAAI/bge-m3/resolve/main/processor_config.json \"HTTP/1.1 404 Not Found\""}
{"asctime": "2026-09-02 10:43:45,645", "levelname": "INFO", "name": "httpx", "message": "HTTP Request: GET https://huggingface.co/api/models/BAAI/bge-m3/commits/main \"HTTP/1.1 200 OK\""}
{"asctime": "2026-09-02 10:43:45,831", "levelname": "INFO", "name": "httpx", "message": "HTTP Request: HEAD https://huggingface.co/BAAI/bge-m3/resolve/main/preprocessor_config.json \"HTTP/1.1 404 Not Found\""}
{"asctime": "2026-09-02 10:43:45,986", "levelname": "INFO", "name": "httpx", "message": "HTTP Request: GET https://huggingface.co/api/models/BAAI/bge-m3/discussions?p=0 \"HTTP/1.1 200 OK\""}
{"asctime": "2026-09-02 10:43:46,108", "levelname": "INFO", "name": "httpx", "message": "HTTP Request: HEAD https://huggingface.co/BAAI/bge-m3/resolve/main/video_preprocessor_config.json \"HTTP/1.1 404 Not Found\""}
{"asctime": "2026-09-02 10:43:46,296", "levelname": "INFO", "name": "httpx", "message": "HTTP Request: GET https://huggingface.co/api/models/BAAI/bge-m3/commits/refs%2Fpr%2F130 \"HTTP/1.1 200 OK\""}
{"asctime": "2026-09-02 10:43:46,393", "levelname": "INFO", "name": "httpx", "message": "HTTP Request: HEAD https://huggingface.co/BAAI/bge-m3/resolve/main/preprocessor_config.json \"HTTP/1.1 404 Not Found\""}
{"asctime": "2026-09-02 10:43:46,618", "levelname": "INFO", "name": "httpx", "message": "HTTP Request: HEAD https://huggingface.co/BAAI/bge-m3/resolve/refs%2Fpr%2F130/model.safetensors.index.json \"HTTP/1.1 404 Not Found\""}
{"asctime": "2026-09-02 10:43:46,664", "levelname": "INFO", "name": "httpx", "message": "HTTP Request: HEAD https://huggingface.co/BAAI/bge-m3/resolve/main/tokenizer_config.json \"HTTP/1.1 307 Temporary Redirect\""}
{"asctime": "2026-09-02 10:43:46,677", "levelname": "INFO", "name": "httpx", "message": "HTTP Request: HEAD https://huggingface.co/api/resolve-cache/models/BAAI/bge-m3/5617a9f61b028005a4858fdac845db406aefb181/tokenizer_config.json \"HTTP/1.1 200 OK\""}
{"asctime": "2026-09-02 10:43:46,897", "levelname": "INFO", "name": "httpx", "message": "HTTP Request: HEAD https://huggingface.co/BAAI/bge-m3/resolve/refs%2Fpr%2F130/model.safetensors \"HTTP/1.1 302 Found\""}
{"asctime": "2026-09-02 10:43:46,975", "levelname": "INFO", "name": "httpx", "message": "HTTP Request: HEAD https://huggingface.co/BAAI/bge-m3/resolve/main/config.json \"HTTP/1.1 307 Temporary Redirect\""}
{"asctime": "2026-09-02 10:43:46,994", "levelname": "INFO", "name": "httpx", "message": "HTTP Request: HEAD https://huggingface.co/api/resolve-cache/models/BAAI/bge-m3/5617a9f61b028005a4858fdac845db406aefb181/config.json \"HTTP/1.1 200 OK\""}
{"asctime": "2026-09-02 10:43:47,263", "levelname": "INFO", "name": "httpx", "message": "HTTP Request: HEAD https://huggingface.co/BAAI/bge-m3/resolve/main/config.json \"HTTP/1.1 307 Temporary Redirect\""}
{"asctime": "2026-09-02 10:43:47,316", "levelname": "INFO", "name": "httpx", "message": "HTTP Request: HEAD https://huggingface.co/api/resolve-cache/models/BAAI/bge-m3/5617a9f61b028005a4858fdac845db406aefb181/config.json \"HTTP/1.1 200 OK\""}
{"asctime": "2026-09-02 10:43:47,594", "levelname": "INFO", "name": "httpx", "message": "HTTP Request: HEAD https://huggingface.co/BAAI/bge-m3/resolve/main/tokenizer_config.json \"HTTP/1.1 307 Temporary Redirect\""}
{"asctime": "2026-09-02 10:43:47,752", "levelname": "INFO", "name": "httpx", "message": "HTTP Request: HEAD https://huggingface.co/api/resolve-cache/models/BAAI/bge-m3/5617a9f61b028005a4858fdac845db406aefb181/tokenizer_config.json \"HTTP/1.1 200 OK\""}
{"asctime": "2026-09-02 10:43:48,038", "levelname": "INFO", "name": "httpx", "message": "HTTP Request: GET https://huggingface.co/api/models/BAAI/bge-m3/tree/main/additional_chat_templates?recursive=false&expand=false \"HTTP/1.1 404 Not Found\""}
{"asctime": "2026-09-02 10:43:48,408", "levelname": "INFO", "name": "httpx", "message": "HTTP Request: GET https://huggingface.co/api/models/BAAI/bge-m3/tree/main?recursive=true&expand=false \"HTTP/1.1 200 OK\""}
{"asctime": "2026-09-02 10:43:49,545", "levelname": "INFO", "name": "httpx", "message": "HTTP Request: GET https://huggingface.co/api/models/BAAI/bge-m3 \"HTTP/1.1 200 OK\""}
{"asctime": "2026-09-02 10:43:50,001", "levelname": "INFO", "name": "httpx", "message": "HTTP Request: HEAD https://huggingface.co/BAAI/bge-m3/resolve/main/1_Pooling/config.json \"HTTP/1.1 307 Temporary Redirect\""}
{"asctime": "2026-09-02 10:43:50,032", "levelname": "INFO", "name": "httpx", "message": "HTTP Request: HEAD https://huggingface.co/api/resolve-cache/models/BAAI/bge-m3/5617a9f61b028005a4858fdac845db406aefb181/1_Pooling%2Fconfig.json \"HTTP/1.1 200 OK\""}
{"asctime": "2026-09-02 10:43:50,301", "levelname": "INFO", "name": "httpx", "message": "HTTP Request: HEAD https://huggingface.co/BAAI/bge-m3/resolve/main/2_Normalize/config.json \"HTTP/1.1 404 Not Found\""}
{"asctime": "2026-09-02 10:43:50,581", "levelname": "INFO", "name": "httpx", "message": "HTTP Request: GET https://huggingface.co/api/models/BAAI/bge-m3 \"HTTP/1.1 200 OK\""}
{"asctime": "2026-09-02 10:43:55,015", "levelname": "INFO", "name": "httpx", "message": "HTTP Request: POST https://api.groq.com/openai/v1/chat/completions \"HTTP/1.1 200 OK\""}
{"asctime": "2026-09-02 11:21:15,857", "levelname": "INFO", "name": "django.utils.autoreload", "message": "Watching for file changes with StatReloader"}
{"asctime": "2026-09-02 11:21:28,361", "levelname": "INFO", "name": "sentence_transformers.base.model", "message": "No device provided, using mps"}
{"asctime": "2026-09-02 11:21:28,695", "levelname": "INFO", "name": "httpx", "message": "HTTP Request: HEAD https://huggingface.co/BAAI/bge-m3/resolve/main/modules.json \"HTTP/1.1 307 Temporary Redirect\""}
{"asctime": "2026-09-02 11:21:28,719", "levelname": "INFO", "name": "httpx", "message": "HTTP Request: HEAD https://huggingface.co/api/resolve-cache/models/BAAI/bge-m3/5617a9f61b028005a4858fdac845db406aefb181/modules.json \"HTTP/1.1 200 OK\""}
{"asctime": "2026-09-02 11:21:29,007", "levelname": "INFO", "name": "httpx", "message": "HTTP Request: HEAD https://huggingface.co/BAAI/bge-m3/resolve/main/config_sentence_transformers.json \"HTTP/1.1 307 Temporary Redirect\""}
{"asctime": "2026-09-02 11:21:29,008", "levelname": "WARNING", "name": "huggingface_hub.utils._http", "message": "Warning: You are sending unauthenticated requests to the HF Hub. Please set a HF_TOKEN to enable higher rate limits and faster downloads."}
{"asctime": "2026-09-02 11:21:29,027", "levelname": "INFO", "name": "httpx", "message": "HTTP Request: HEAD https://huggingface.co/api/resolve-cache/models/BAAI/bge-m3/5617a9f61b028005a4858fdac845db406aefb181/config_sentence_transformers.json \"HTTP/1.1 200 OK\""}
{"asctime": "2026-09-02 11:21:29,029", "levelname": "INFO", "name": "sentence_transformers.base.model", "message": "Loading SentenceTransformer model from BAAI/bge-m3."}
{"asctime": "2026-09-02 11:21:29,402", "levelname": "INFO", "name": "httpx", "message": "HTTP Request: HEAD https://huggingface.co/BAAI/bge-m3/resolve/main/config_sentence_transformers.json \"HTTP/1.1 307 Temporary Redirect\""}
{"asctime": "2026-09-02 11:21:29,572", "levelname": "INFO", "name": "httpx", "message": "HTTP Request: HEAD https://huggingface.co/api/resolve-cache/models/BAAI/bge-m3/5617a9f61b028005a4858fdac845db406aefb181/config_sentence_transformers.json \"HTTP/1.1 200 OK\""}
{"asctime": "2026-09-02 11:21:30,337", "levelname": "INFO", "name": "httpx", "message": "HTTP Request: HEAD https://huggingface.co/BAAI/bge-m3/resolve/main/README.md \"HTTP/1.1 307 Temporary Redirect\""}
{"asctime": "2026-09-02 11:21:30,363", "levelname": "INFO", "name": "httpx", "message": "HTTP Request: HEAD https://huggingface.co/api/resolve-cache/models/BAAI/bge-m3/5617a9f61b028005a4858fdac845db406aefb181/README.md \"HTTP/1.1 200 OK\""}
{"asctime": "2026-09-02 11:21:30,946", "levelname": "INFO", "name": "httpx", "message": "HTTP Request: HEAD https://huggingface.co/BAAI/bge-m3/resolve/main/modules.json \"HTTP/1.1 307 Temporary Redirect\""}
{"asctime": "2026-09-02 11:21:31,073", "levelname": "INFO", "name": "httpx", "message": "HTTP Request: HEAD https://huggingface.co/api/resolve-cache/models/BAAI/bge-m3/5617a9f61b028005a4858fdac845db406aefb181/modules.json \"HTTP/1.1 200 OK\""}
{"asctime": "2026-09-02 11:21:31,356", "levelname": "INFO", "name": "httpx", "message": "HTTP Request: HEAD https://huggingface.co/BAAI/bge-m3/resolve/main/sentence_bert_config.json \"HTTP/1.1 307 Temporary Redirect\""}
{"asctime": "2026-09-02 11:21:31,382", "levelname": "INFO", "name": "httpx", "message": "HTTP Request: HEAD https://huggingface.co/api/resolve-cache/models/BAAI/bge-m3/5617a9f61b028005a4858fdac845db406aefb181/sentence_bert_config.json \"HTTP/1.1 200 OK\""}
{"asctime": "2026-09-02 11:21:31,849", "levelname": "INFO", "name": "httpx", "message": "HTTP Request: HEAD https://huggingface.co/BAAI/bge-m3/resolve/main/adapter_config.json \"HTTP/1.1 404 Not Found\""}
{"asctime": "2026-09-02 11:21:32,253", "levelname": "INFO", "name": "httpx", "message": "HTTP Request: HEAD https://huggingface.co/BAAI/bge-m3/resolve/main/config.json \"HTTP/1.1 307 Temporary Redirect\""}
{"asctime": "2026-09-02 11:21:32,316", "levelname": "INFO", "name": "httpx", "message": "HTTP Request: HEAD https://huggingface.co/api/resolve-cache/models/BAAI/bge-m3/5617a9f61b028005a4858fdac845db406aefb181/config.json \"HTTP/1.1 200 OK\""}
{"asctime": "2026-09-02 11:21:33,009", "levelname": "INFO", "name": "httpx", "message": "HTTP Request: HEAD https://huggingface.co/BAAI/bge-m3/resolve/main/model.safetensors \"HTTP/1.1 404 Not Found\""}
{"asctime": "2026-09-02 11:21:33,653", "levelname": "INFO", "name": "httpx", "message": "HTTP Request: GET https://huggingface.co/api/models/BAAI/bge-m3 \"HTTP/1.1 200 OK\""}
{"asctime": "2026-09-02 11:21:34,183", "levelname": "INFO", "name": "httpx", "message": "HTTP Request: HEAD https://huggingface.co/BAAI/bge-m3/resolve/main/processor_config.json \"HTTP/1.1 404 Not Found\""}
{"asctime": "2026-09-02 11:21:34,472", "levelname": "INFO", "name": "httpx", "message": "HTTP Request: GET https://huggingface.co/api/models/BAAI/bge-m3/commits/main \"HTTP/1.1 200 OK\""}
{"asctime": "2026-09-02 11:21:34,961", "levelname": "INFO", "name": "httpx", "message": "HTTP Request: HEAD https://huggingface.co/BAAI/bge-m3/resolve/main/preprocessor_config.json \"HTTP/1.1 404 Not Found\""}
{"asctime": "2026-09-02 11:21:35,106", "levelname": "INFO", "name": "httpx", "message": "HTTP Request: GET https://huggingface.co/api/models/BAAI/bge-m3/discussions?p=0 \"HTTP/1.1 200 OK\""}
{"asctime": "2026-09-02 11:21:35,698", "levelname": "INFO", "name": "httpx", "message": "HTTP Request: HEAD https://huggingface.co/BAAI/bge-m3/resolve/main/video_preprocessor_config.json \"HTTP/1.1 404 Not Found\""}
{"asctime": "2026-09-02 11:21:35,735", "levelname": "INFO", "name": "httpx", "message": "HTTP Request: GET https://huggingface.co/api/models/BAAI/bge-m3/commits/refs%2Fpr%2F130 \"HTTP/1.1 200 OK\""}
{"asctime": "2026-09-02 11:21:35,992", "levelname": "INFO", "name": "httpx", "message": "HTTP Request: HEAD https://huggingface.co/BAAI/bge-m3/resolve/main/preprocessor_config.json \"HTTP/1.1 404 Not Found\""}
{"asctime": "2026-09-02 11:21:36,326", "levelname": "INFO", "name": "httpx", "message": "HTTP Request: HEAD https://huggingface.co/BAAI/bge-m3/resolve/refs%2Fpr%2F130/model.safetensors.index.json \"HTTP/1.1 404 Not Found\""}
{"asctime": "2026-09-02 11:21:36,328", "levelname": "INFO", "name": "httpx", "message": "HTTP Request: HEAD https://huggingface.co/BAAI/bge-m3/resolve/main/tokenizer_config.json \"HTTP/1.1 307 Temporary Redirect\""}
{"asctime": "2026-09-02 11:21:36,342", "levelname": "INFO", "name": "httpx", "message": "HTTP Request: HEAD https://huggingface.co/api/resolve-cache/models/BAAI/bge-m3/5617a9f61b028005a4858fdac845db406aefb181/tokenizer_config.json \"HTTP/1.1 200 OK\""}
{"asctime": "2026-09-02 11:21:36,585", "levelname": "INFO", "name": "httpx", "message": "HTTP Request: HEAD https://huggingface.co/BAAI/bge-m3/resolve/refs%2Fpr%2F130/model.safetensors \"HTTP/1.1 302 Found\""}
{"asctime": "2026-09-02 11:21:36,595", "levelname": "INFO", "name": "httpx", "message": "HTTP Request: HEAD https://huggingface.co/BAAI/bge-m3/resolve/main/config.json \"HTTP/1.1 307 Temporary Redirect\""}
{"asctime": "2026-09-02 11:21:36,610", "levelname": "INFO", "name": "httpx", "message": "HTTP Request: HEAD https://huggingface.co/api/resolve-cache/models/BAAI/bge-m3/5617a9f61b028005a4858fdac845db406aefb181/config.json \"HTTP/1.1 200 OK\""}
{"asctime": "2026-09-02 11:21:37,062", "levelname": "INFO", "name": "httpx", "message": "HTTP Request: HEAD https://huggingface.co/BAAI/bge-m3/resolve/main/config.json \"HTTP/1.1 307 Temporary Redirect\""}
{"asctime": "2026-09-02 11:21:37,085", "levelname": "INFO", "name": "httpx", "message": "HTTP Request: HEAD https://huggingface.co/api/resolve-cache/models/BAAI/bge-m3/5617a9f61b028005a4858fdac845db406aefb181/config.json \"HTTP/1.1 200 OK\""}
{"asctime": "2026-09-02 11:21:37,417", "levelname": "INFO", "name": "httpx", "message": "HTTP Request: HEAD https://huggingface.co/BAAI/bge-m3/resolve/main/tokenizer_config.json \"HTTP/1.1 307 Temporary Redirect\""}
{"asctime": "2026-09-02 11:21:37,436", "levelname": "INFO", "name": "httpx", "message": "HTTP Request: HEAD https://huggingface.co/api/resolve-cache/models/BAAI/bge-m3/5617a9f61b028005a4858fdac845db406aefb181/tokenizer_config.json \"HTTP/1.1 200 OK\""}
{"asctime": "2026-09-02 11:21:37,723", "levelname": "INFO", "name": "httpx", "message": "HTTP Request: GET https://huggingface.co/api/models/BAAI/bge-m3/tree/main/additional_chat_templates?recursive=false&expand=false \"HTTP/1.1 404 Not Found\""}
{"asctime": "2026-09-02 11:21:38,083", "levelname": "INFO", "name": "httpx", "message": "HTTP Request: GET https://huggingface.co/api/models/BAAI/bge-m3/tree/main?recursive=true&expand=false \"HTTP/1.1 200 OK\""}
{"asctime": "2026-09-02 11:21:39,328", "levelname": "INFO", "name": "httpx", "message": "HTTP Request: GET https://huggingface.co/api/models/BAAI/bge-m3 \"HTTP/1.1 200 OK\""}
{"asctime": "2026-09-02 11:21:40,745", "levelname": "INFO", "name": "httpx", "message": "HTTP Request: HEAD https://huggingface.co/BAAI/bge-m3/resolve/main/1_Pooling/config.json \"HTTP/1.1 307 Temporary Redirect\""}
{"asctime": "2026-09-02 11:21:40,890", "levelname": "INFO", "name": "httpx", "message": "HTTP Request: HEAD https://huggingface.co/api/resolve-cache/models/BAAI/bge-m3/5617a9f61b028005a4858fdac845db406aefb181/1_Pooling%2Fconfig.json \"HTTP/1.1 200 OK\""}
{"asctime": "2026-09-02 11:21:41,201", "levelname": "INFO", "name": "httpx", "message": "HTTP Request: HEAD https://huggingface.co/BAAI/bge-m3/resolve/main/2_Normalize/config.json \"HTTP/1.1 404 Not Found\""}
{"asctime": "2026-09-02 11:21:42,531", "levelname": "INFO", "name": "httpx", "message": "HTTP Request: GET https://huggingface.co/api/models/BAAI/bge-m3 \"HTTP/1.1 200 OK\""}
{"asctime": "2026-09-02 11:21:55,444", "levelname": "INFO", "name": "httpx", "message": "HTTP Request: POST https://api.groq.com/openai/v1/chat/completions \"HTTP/1.1 200 OK\""}
{"asctime": "2026-09-02 11:25:52,410", "levelname": "INFO", "name": "sentence_transformers.base.model", "message": "No device provided, using mps"}
{"asctime": "2026-09-02 11:25:57,724", "levelname": "INFO", "name": "httpx", "message": "HTTP Request: HEAD https://huggingface.co/BAAI/bge-m3/resolve/main/modules.json \"HTTP/1.1 307 Temporary Redirect\""}
{"asctime": "2026-09-02 11:25:58,207", "levelname": "INFO", "name": "httpx", "message": "HTTP Request: HEAD https://huggingface.co/api/resolve-cache/models/BAAI/bge-m3/5617a9f61b028005a4858fdac845db406aefb181/modules.json \"HTTP/1.1 200 OK\""}
{"asctime": "2026-09-02 11:25:58,736", "levelname": "INFO", "name": "httpx", "message": "HTTP Request: HEAD https://huggingface.co/BAAI/bge-m3/resolve/main/config_sentence_transformers.json \"HTTP/1.1 307 Temporary Redirect\""}
{"asctime": "2026-09-02 11:25:59,829", "levelname": "INFO", "name": "httpx", "message": "HTTP Request: HEAD https://huggingface.co/api/resolve-cache/models/BAAI/bge-m3/5617a9f61b028005a4858fdac845db406aefb181/config_sentence_transformers.json \"HTTP/1.1 200 OK\""}
{"asctime": "2026-09-02 11:25:59,832", "levelname": "INFO", "name": "sentence_transformers.base.model", "message": "Loading SentenceTransformer model from BAAI/bge-m3."}
{"asctime": "2026-09-02 11:26:00,188", "levelname": "INFO", "name": "httpx", "message": "HTTP Request: HEAD https://huggingface.co/BAAI/bge-m3/resolve/main/config_sentence_transformers.json \"HTTP/1.1 307 Temporary Redirect\""}
{"asctime": "2026-09-02 11:26:00,384", "levelname": "INFO", "name": "httpx", "message": "HTTP Request: HEAD https://huggingface.co/api/resolve-cache/models/BAAI/bge-m3/5617a9f61b028005a4858fdac845db406aefb181/config_sentence_transformers.json \"HTTP/1.1 200 OK\""}
{"asctime": "2026-09-02 11:26:00,665", "levelname": "INFO", "name": "httpx", "message": "HTTP Request: HEAD https://huggingface.co/BAAI/bge-m3/resolve/main/README.md \"HTTP/1.1 307 Temporary Redirect\""}
{"asctime": "2026-09-02 11:26:01,283", "levelname": "INFO", "name": "httpx", "message": "HTTP Request: HEAD https://huggingface.co/api/resolve-cache/models/BAAI/bge-m3/5617a9f61b028005a4858fdac845db406aefb181/README.md \"HTTP/1.1 200 OK\""}
{"asctime": "2026-09-02 11:26:01,989", "levelname": "INFO", "name": "httpx", "message": "HTTP Request: HEAD https://huggingface.co/BAAI/bge-m3/resolve/main/modules.json \"HTTP/1.1 307 Temporary Redirect\""}
{"asctime": "2026-09-02 11:26:02,337", "levelname": "INFO", "name": "httpx", "message": "HTTP Request: HEAD https://huggingface.co/api/resolve-cache/models/BAAI/bge-m3/5617a9f61b028005a4858fdac845db406aefb181/modules.json \"HTTP/1.1 200 OK\""}
{"asctime": "2026-09-02 11:26:02,839", "levelname": "INFO", "name": "httpx", "message": "HTTP Request: HEAD https://huggingface.co/BAAI/bge-m3/resolve/main/sentence_bert_config.json \"HTTP/1.1 307 Temporary Redirect\""}
{"asctime": "2026-09-02 11:26:03,004", "levelname": "INFO", "name": "httpx", "message": "HTTP Request: HEAD https://huggingface.co/api/resolve-cache/models/BAAI/bge-m3/5617a9f61b028005a4858fdac845db406aefb181/sentence_bert_config.json \"HTTP/1.1 200 OK\""}
{"asctime": "2026-09-02 11:26:03,624", "levelname": "INFO", "name": "httpx", "message": "HTTP Request: HEAD https://huggingface.co/BAAI/bge-m3/resolve/main/adapter_config.json \"HTTP/1.1 404 Not Found\""}
{"asctime": "2026-09-02 11:26:04,178", "levelname": "INFO", "name": "httpx", "message": "HTTP Request: HEAD https://huggingface.co/BAAI/bge-m3/resolve/main/config.json \"HTTP/1.1 307 Temporary Redirect\""}
{"asctime": "2026-09-02 11:26:04,385", "levelname": "INFO", "name": "httpx", "message": "HTTP Request: HEAD https://huggingface.co/api/resolve-cache/models/BAAI/bge-m3/5617a9f61b028005a4858fdac845db406aefb181/config.json \"HTTP/1.1 200 OK\""}
{"asctime": "2026-09-02 11:26:04,669", "levelname": "INFO", "name": "httpx", "message": "HTTP Request: HEAD https://huggingface.co/BAAI/bge-m3/resolve/main/model.safetensors \"HTTP/1.1 404 Not Found\""}
{"asctime": "2026-09-02 11:26:05,200", "levelname": "INFO", "name": "httpx", "message": "HTTP Request: GET https://huggingface.co/api/models/BAAI/bge-m3 \"HTTP/1.1 200 OK\""}
{"asctime": "2026-09-02 11:26:05,596", "levelname": "INFO", "name": "httpx", "message": "HTTP Request: HEAD https://huggingface.co/BAAI/bge-m3/resolve/main/processor_config.json \"HTTP/1.1 404 Not Found\""}
{"asctime": "2026-09-02 11:26:05,597", "levelname": "INFO", "name": "httpx", "message": "HTTP Request: GET https://huggingface.co/api/models/BAAI/bge-m3/commits/main \"HTTP/1.1 200 OK\""}
{"asctime": "2026-09-02 11:26:05,957", "levelname": "INFO", "name": "httpx", "message": "HTTP Request: HEAD https://huggingface.co/BAAI/bge-m3/resolve/main/preprocessor_config.json \"HTTP/1.1 404 Not Found\""}
{"asctime": "2026-09-02 11:26:06,285", "levelname": "INFO", "name": "httpx", "message": "HTTP Request: GET https://huggingface.co/api/models/BAAI/bge-m3/discussions?p=0 \"HTTP/1.1 200 OK\""}
{"asctime": "2026-09-02 11:26:06,298", "levelname": "INFO", "name": "httpx", "message": "HTTP Request: HEAD https://huggingface.co/BAAI/bge-m3/resolve/main/video_preprocessor_config.json \"HTTP/1.1 404 Not Found\""}
{"asctime": "2026-09-02 11:26:06,607", "levelname": "INFO", "name": "httpx", "message": "HTTP Request: GET https://huggingface.co/api/models/BAAI/bge-m3/commits/refs%2Fpr%2F130 \"HTTP/1.1 200 OK\""}
{"asctime": "2026-09-02 11:26:06,701", "levelname": "INFO", "name": "httpx", "message": "HTTP Request: HEAD https://huggingface.co/BAAI/bge-m3/resolve/main/preprocessor_config.json \"HTTP/1.1 404 Not Found\""}
{"asctime": "2026-09-02 11:26:07,215", "levelname": "INFO", "name": "httpx", "message": "HTTP Request: HEAD https://huggingface.co/BAAI/bge-m3/resolve/refs%2Fpr%2F130/model.safetensors.index.json \"HTTP/1.1 404 Not Found\""}
{"asctime": "2026-09-02 11:26:07,216", "levelname": "INFO", "name": "httpx", "message": "HTTP Request: HEAD https://huggingface.co/BAAI/bge-m3/resolve/main/tokenizer_config.json \"HTTP/1.1 307 Temporary Redirect\""}
{"asctime": "2026-09-02 11:26:07,813", "levelname": "INFO", "name": "httpx", "message": "HTTP Request: HEAD https://huggingface.co/api/resolve-cache/models/BAAI/bge-m3/5617a9f61b028005a4858fdac845db406aefb181/tokenizer_config.json \"HTTP/1.1 200 OK\""}
{"asctime": "2026-09-02 11:26:07,844", "levelname": "INFO", "name": "httpx", "message": "HTTP Request: HEAD https://huggingface.co/BAAI/bge-m3/resolve/refs%2Fpr%2F130/model.safetensors \"HTTP/1.1 302 Found\""}
{"asctime": "2026-09-02 11:26:08,667", "levelname": "INFO", "name": "httpx", "message": "HTTP Request: HEAD https://huggingface.co/BAAI/bge-m3/resolve/main/config.json \"HTTP/1.1 307 Temporary Redirect\""}
{"asctime": "2026-09-02 11:26:08,760", "levelname": "INFO", "name": "httpx", "message": "HTTP Request: HEAD https://huggingface.co/api/resolve-cache/models/BAAI/bge-m3/5617a9f61b028005a4858fdac845db406aefb181/config.json \"HTTP/1.1 200 OK\""}
{"asctime": "2026-09-02 11:26:09,509", "levelname": "INFO", "name": "httpx", "message": "HTTP Request: HEAD https://huggingface.co/BAAI/bge-m3/resolve/main/config.json \"HTTP/1.1 307 Temporary Redirect\""}
{"asctime": "2026-09-02 11:26:09,668", "levelname": "INFO", "name": "httpx", "message": "HTTP Request: HEAD https://huggingface.co/api/resolve-cache/models/BAAI/bge-m3/5617a9f61b028005a4858fdac845db406aefb181/config.json \"HTTP/1.1 200 OK\""}
{"asctime": "2026-09-02 11:26:10,208", "levelname": "INFO", "name": "httpx", "message": "HTTP Request: HEAD https://huggingface.co/BAAI/bge-m3/resolve/main/tokenizer_config.json \"HTTP/1.1 307 Temporary Redirect\""}
{"asctime": "2026-09-02 11:26:10,322", "levelname": "INFO", "name": "httpx", "message": "HTTP Request: HEAD https://huggingface.co/api/resolve-cache/models/BAAI/bge-m3/5617a9f61b028005a4858fdac845db406aefb181/tokenizer_config.json \"HTTP/1.1 200 OK\""}
{"asctime": "2026-09-02 11:26:10,871", "levelname": "INFO", "name": "httpx", "message": "HTTP Request: GET https://huggingface.co/api/models/BAAI/bge-m3/tree/main/additional_chat_templates?recursive=false&expand=false \"HTTP/1.1 404 Not Found\""}
{"asctime": "2026-09-02 11:26:11,225", "levelname": "INFO", "name": "httpx", "message": "HTTP Request: GET https://huggingface.co/api/models/BAAI/bge-m3/tree/main?recursive=true&expand=false \"HTTP/1.1 200 OK\""}
{"asctime": "2026-09-02 11:26:12,802", "levelname": "INFO", "name": "httpx", "message": "HTTP Request: GET https://huggingface.co/api/models/BAAI/bge-m3 \"HTTP/1.1 200 OK\""}
{"asctime": "2026-09-02 11:26:13,135", "levelname": "INFO", "name": "httpx", "message": "HTTP Request: HEAD https://huggingface.co/BAAI/bge-m3/resolve/main/1_Pooling/config.json \"HTTP/1.1 307 Temporary Redirect\""}
{"asctime": "2026-09-02 11:26:13,174", "levelname": "INFO", "name": "httpx", "message": "HTTP Request: HEAD https://huggingface.co/api/resolve-cache/models/BAAI/bge-m3/5617a9f61b028005a4858fdac845db406aefb181/1_Pooling%2Fconfig.json \"HTTP/1.1 200 OK\""}
{"asctime": "2026-09-02 11:26:13,685", "levelname": "INFO", "name": "httpx", "message": "HTTP Request: HEAD https://huggingface.co/BAAI/bge-m3/resolve/main/2_Normalize/config.json \"HTTP/1.1 404 Not Found\""}
{"asctime": "2026-09-02 11:26:14,059", "levelname": "INFO", "name": "httpx", "message": "HTTP Request: GET https://huggingface.co/api/models/BAAI/bge-m3 \"HTTP/1.1 200 OK\""}
{"asctime": "2026-09-02 11:26:22,611", "levelname": "INFO", "name": "httpx", "message": "HTTP Request: POST https://api.groq.com/openai/v1/chat/completions \"HTTP/1.1 200 OK\""}
{"asctime": "2026-09-02 11:28:27,943", "levelname": "INFO", "name": "django.utils.autoreload", "message": "/Users/arga/Kementerian-HAM/rag_project/ingestion/services/document_extractor.py changed, reloading."}
{"asctime": "2026-09-02 11:28:28,870", "levelname": "INFO", "name": "django.utils.autoreload", "message": "Watching for file changes with StatReloader"}
{"asctime": "2026-09-02 11:29:44,258", "levelname": "INFO", "name": "django.utils.autoreload", "message": "/Users/arga/Kementerian-HAM/rag_project/ingestion/services/document_extractor.py changed, reloading."}
{"asctime": "2026-09-02 11:29:44,496", "levelname": "INFO", "name": "django.utils.autoreload", "message": "Watching for file changes with StatReloader"}
{"asctime": "2026-09-02 13:07:46,248", "levelname": "INFO", "name": "sentence_transformers.base.model", "message": "No device provided, using mps"}
{"asctime": "2026-09-02 13:07:46,584", "levelname": "INFO", "name": "httpx", "message": "HTTP Request: HEAD https://huggingface.co/BAAI/bge-m3/resolve/main/modules.json \"HTTP/1.1 307 Temporary Redirect\""}
{"asctime": "2026-09-02 13:07:46,585", "levelname": "WARNING", "name": "huggingface_hub.utils._http", "message": "Warning: You are sending unauthenticated requests to the HF Hub. Please set a HF_TOKEN to enable higher rate limits and faster downloads."}
{"asctime": "2026-09-02 13:07:46,599", "levelname": "INFO", "name": "httpx", "message": "HTTP Request: HEAD https://huggingface.co/api/resolve-cache/models/BAAI/bge-m3/5617a9f61b028005a4858fdac845db406aefb181/modules.json \"HTTP/1.1 200 OK\""}
{"asctime": "2026-09-02 13:07:46,867", "levelname": "INFO", "name": "httpx", "message": "HTTP Request: HEAD https://huggingface.co/BAAI/bge-m3/resolve/main/config_sentence_transformers.json \"HTTP/1.1 307 Temporary Redirect\""}
{"asctime": "2026-09-02 13:07:46,888", "levelname": "INFO", "name": "httpx", "message": "HTTP Request: HEAD https://huggingface.co/api/resolve-cache/models/BAAI/bge-m3/5617a9f61b028005a4858fdac845db406aefb181/config_sentence_transformers.json \"HTTP/1.1 200 OK\""}
{"asctime": "2026-09-02 13:07:46,889", "levelname": "INFO", "name": "sentence_transformers.base.model", "message": "Loading SentenceTransformer model from BAAI/bge-m3."}
{"asctime": "2026-09-02 13:07:47,137", "levelname": "INFO", "name": "httpx", "message": "HTTP Request: HEAD https://huggingface.co/BAAI/bge-m3/resolve/main/config_sentence_transformers.json \"HTTP/1.1 307 Temporary Redirect\""}
{"asctime": "2026-09-02 13:07:47,149", "levelname": "INFO", "name": "httpx", "message": "HTTP Request: HEAD https://huggingface.co/api/resolve-cache/models/BAAI/bge-m3/5617a9f61b028005a4858fdac845db406aefb181/config_sentence_transformers.json \"HTTP/1.1 200 OK\""}
{"asctime": "2026-09-02 13:07:47,502", "levelname": "INFO", "name": "httpx", "message": "HTTP Request: HEAD https://huggingface.co/BAAI/bge-m3/resolve/main/README.md \"HTTP/1.1 307 Temporary Redirect\""}
{"asctime": "2026-09-02 13:07:47,516", "levelname": "INFO", "name": "httpx", "message": "HTTP Request: HEAD https://huggingface.co/api/resolve-cache/models/BAAI/bge-m3/5617a9f61b028005a4858fdac845db406aefb181/README.md \"HTTP/1.1 200 OK\""}
{"asctime": "2026-09-02 13:07:47,779", "levelname": "INFO", "name": "httpx", "message": "HTTP Request: HEAD https://huggingface.co/BAAI/bge-m3/resolve/main/modules.json \"HTTP/1.1 307 Temporary Redirect\""}
{"asctime": "2026-09-02 13:07:47,794", "levelname": "INFO", "name": "httpx", "message": "HTTP Request: HEAD https://huggingface.co/api/resolve-cache/models/BAAI/bge-m3/5617a9f61b028005a4858fdac845db406aefb181/modules.json \"HTTP/1.1 200 OK\""}
{"asctime": "2026-09-02 13:07:48,048", "levelname": "INFO", "name": "httpx", "message": "HTTP Request: HEAD https://huggingface.co/BAAI/bge-m3/resolve/main/sentence_bert_config.json \"HTTP/1.1 307 Temporary Redirect\""}
{"asctime": "2026-09-02 13:07:48,063", "levelname": "INFO", "name": "httpx", "message": "HTTP Request: HEAD https://huggingface.co/api/resolve-cache/models/BAAI/bge-m3/5617a9f61b028005a4858fdac845db406aefb181/sentence_bert_config.json \"HTTP/1.1 200 OK\""}
{"asctime": "2026-09-02 13:07:48,402", "levelname": "INFO", "name": "httpx", "message": "HTTP Request: HEAD https://huggingface.co/BAAI/bge-m3/resolve/main/adapter_config.json \"HTTP/1.1 404 Not Found\""}
{"asctime": "2026-09-02 13:07:48,725", "levelname": "INFO", "name": "httpx", "message": "HTTP Request: HEAD https://huggingface.co/BAAI/bge-m3/resolve/main/config.json \"HTTP/1.1 307 Temporary Redirect\""}
{"asctime": "2026-09-02 13:07:48,740", "levelname": "INFO", "name": "httpx", "message": "HTTP Request: HEAD https://huggingface.co/api/resolve-cache/models/BAAI/bge-m3/5617a9f61b028005a4858fdac845db406aefb181/config.json \"HTTP/1.1 200 OK\""}
{"asctime": "2026-09-02 13:07:49,380", "levelname": "INFO", "name": "httpx", "message": "HTTP Request: HEAD https://huggingface.co/BAAI/bge-m3/resolve/main/model.safetensors \"HTTP/1.1 404 Not Found\""}
{"asctime": "2026-09-02 13:07:49,651", "levelname": "INFO", "name": "httpx", "message": "HTTP Request: GET https://huggingface.co/api/models/BAAI/bge-m3 \"HTTP/1.1 200 OK\""}
{"asctime": "2026-09-02 13:07:50,080", "levelname": "INFO", "name": "httpx", "message": "HTTP Request: HEAD https://huggingface.co/BAAI/bge-m3/resolve/main/processor_config.json \"HTTP/1.1 404 Not Found\""}
{"asctime": "2026-09-02 13:07:50,081", "levelname": "INFO", "name": "httpx", "message": "HTTP Request: GET https://huggingface.co/api/models/BAAI/bge-m3/commits/main \"HTTP/1.1 200 OK\""}
{"asctime": "2026-09-02 13:07:50,623", "levelname": "INFO", "name": "httpx", "message": "HTTP Request: HEAD https://huggingface.co/BAAI/bge-m3/resolve/main/preprocessor_config.json \"HTTP/1.1 404 Not Found\""}
{"asctime": "2026-09-02 13:07:50,625", "levelname": "INFO", "name": "httpx", "message": "HTTP Request: GET https://huggingface.co/api/models/BAAI/bge-m3/discussions?p=0 \"HTTP/1.1 200 OK\""}
{"asctime": "2026-09-02 13:07:50,987", "levelname": "INFO", "name": "httpx", "message": "HTTP Request: HEAD https://huggingface.co/BAAI/bge-m3/resolve/main/video_preprocessor_config.json \"HTTP/1.1 404 Not Found\""}
{"asctime": "2026-09-02 13:07:51,008", "levelname": "INFO", "name": "httpx", "message": "HTTP Request: GET https://huggingface.co/api/models/BAAI/bge-m3/commits/refs%2Fpr%2F130 \"HTTP/1.1 200 OK\""}
{"asctime": "2026-09-02 13:07:51,913", "levelname": "INFO", "name": "httpx", "message": "HTTP Request: HEAD https://huggingface.co/BAAI/bge-m3/resolve/main/preprocessor_config.json \"HTTP/1.1 404 Not Found\""}
{"asctime": "2026-09-02 13:07:51,914", "levelname": "INFO", "name": "httpx", "message": "HTTP Request: HEAD https://huggingface.co/BAAI/bge-m3/resolve/refs%2Fpr%2F130/model.safetensors.index.json \"HTTP/1.1 404 Not Found\""}
{"asctime": "2026-09-02 13:07:52,216", "levelname": "INFO", "name": "httpx", "message": "HTTP Request: HEAD https://huggingface.co/BAAI/bge-m3/resolve/refs%2Fpr%2F130/model.safetensors \"HTTP/1.1 302 Found\""}
{"asctime": "2026-09-02 13:07:52,252", "levelname": "INFO", "name": "httpx", "message": "HTTP Request: HEAD https://huggingface.co/BAAI/bge-m3/resolve/main/tokenizer_config.json \"HTTP/1.1 307 Temporary Redirect\""}
{"asctime": "2026-09-02 13:07:52,293", "levelname": "INFO", "name": "httpx", "message": "HTTP Request: HEAD https://huggingface.co/api/resolve-cache/models/BAAI/bge-m3/5617a9f61b028005a4858fdac845db406aefb181/tokenizer_config.json \"HTTP/1.1 200 OK\""}
{"asctime": "2026-09-02 13:07:52,561", "levelname": "INFO", "name": "httpx", "message": "HTTP Request: HEAD https://huggingface.co/BAAI/bge-m3/resolve/main/config.json \"HTTP/1.1 307 Temporary Redirect\""}
{"asctime": "2026-09-02 13:07:52,643", "levelname": "INFO", "name": "httpx", "message": "HTTP Request: HEAD https://huggingface.co/api/resolve-cache/models/BAAI/bge-m3/5617a9f61b028005a4858fdac845db406aefb181/config.json \"HTTP/1.1 200 OK\""}
{"asctime": "2026-09-02 13:07:53,039", "levelname": "INFO", "name": "httpx", "message": "HTTP Request: HEAD https://huggingface.co/BAAI/bge-m3/resolve/main/config.json \"HTTP/1.1 307 Temporary Redirect\""}
{"asctime": "2026-09-02 13:07:53,053", "levelname": "INFO", "name": "httpx", "message": "HTTP Request: HEAD https://huggingface.co/api/resolve-cache/models/BAAI/bge-m3/5617a9f61b028005a4858fdac845db406aefb181/config.json \"HTTP/1.1 200 OK\""}
{"asctime": "2026-09-02 13:07:53,475", "levelname": "INFO", "name": "httpx", "message": "HTTP Request: HEAD https://huggingface.co/BAAI/bge-m3/resolve/main/tokenizer_config.json \"HTTP/1.1 307 Temporary Redirect\""}
{"asctime": "2026-09-02 13:07:53,490", "levelname": "INFO", "name": "httpx", "message": "HTTP Request: HEAD https://huggingface.co/api/resolve-cache/models/BAAI/bge-m3/5617a9f61b028005a4858fdac845db406aefb181/tokenizer_config.json \"HTTP/1.1 200 OK\""}
{"asctime": "2026-09-02 13:07:53,793", "levelname": "INFO", "name": "httpx", "message": "HTTP Request: GET https://huggingface.co/api/models/BAAI/bge-m3/tree/main/additional_chat_templates?recursive=false&expand=false \"HTTP/1.1 404 Not Found\""}
{"asctime": "2026-09-02 13:07:54,248", "levelname": "INFO", "name": "httpx", "message": "HTTP Request: GET https://huggingface.co/api/models/BAAI/bge-m3/tree/main?recursive=true&expand=false \"HTTP/1.1 200 OK\""}
{"asctime": "2026-09-02 13:07:55,289", "levelname": "INFO", "name": "httpx", "message": "HTTP Request: GET https://huggingface.co/api/models/BAAI/bge-m3 \"HTTP/1.1 200 OK\""}
{"asctime": "2026-09-02 13:07:55,594", "levelname": "INFO", "name": "httpx", "message": "HTTP Request: HEAD https://huggingface.co/BAAI/bge-m3/resolve/main/1_Pooling/config.json \"HTTP/1.1 307 Temporary Redirect\""}
{"asctime": "2026-09-02 13:07:55,614", "levelname": "INFO", "name": "httpx", "message": "HTTP Request: HEAD https://huggingface.co/api/resolve-cache/models/BAAI/bge-m3/5617a9f61b028005a4858fdac845db406aefb181/1_Pooling%2Fconfig.json \"HTTP/1.1 200 OK\""}
{"asctime": "2026-09-02 13:07:55,865", "levelname": "INFO", "name": "httpx", "message": "HTTP Request: HEAD https://huggingface.co/BAAI/bge-m3/resolve/main/2_Normalize/config.json \"HTTP/1.1 404 Not Found\""}
{"asctime": "2026-09-02 13:07:56,517", "levelname": "INFO", "name": "httpx", "message": "HTTP Request: GET https://huggingface.co/api/models/BAAI/bge-m3 \"HTTP/1.1 200 OK\""}
{"asctime": "2026-09-02 13:08:01,232", "levelname": "INFO", "name": "httpx", "message": "HTTP Request: POST https://api.groq.com/openai/v1/chat/completions \"HTTP/1.1 200 OK\""}
